customer_id,order_date,order_value
CUST_04260,2024-01-01,22.27
CUST_00187,2024-01-01,15.93
CUST_03641,2024-01-01,25.79
CUST_03307,2024-01-01,7.44
CUST_00479,2024-01-01,50.18
CUST_02529,2024-01-01,50.74
CUST_04667,2024-01-01,12.21
CUST_01814,2024-01-01,6.05
CUST_01451,2024-01-01,10.18
CUST_04927,2024-01-01,56.67
CUST_00275,2024-01-01,4.93
CUST_00012,2024-01-01,5.97
CUST_04138,2024-01-01,22.89
CUST_04969,2024-01-01,72.93
CUST_02413,2024-01-01,96.52
CUST_01844,2024-01-01,64.39
CUST_03700,2024-01-01,6.1
CUST_04367,2024-01-01,11.33
CUST_01971,2024-01-01,16.62
CUST_03015,2024-01-01,309.17
CUST_01272,2024-01-01,3.04
CUST_03939,2024-01-01,16.86
CUST_04696,2024-01-02,12.88
CUST_03642,2024-01-02,7.04
CUST_02301,2024-01-02,9.58
CUST_01751,2024-01-02,12.41
CUST_03723,2024-01-02,36.64
CUST_03556,2024-01-02,58.32
CUST_04899,2024-01-02,23.9
CUST_02980,2024-01-02,12.77
CUST_04241,2024-01-02,23.55
CUST_04765,2024-01-02,21.23
CUST_02345,2024-01-02,56.73
CUST_04189,2024-01-02,5.66
CUST_02980,2024-01-02,4.3
CUST_01701,2024-01-02,16.88
CUST_00096,2024-01-02,9.49
CUST_00850,2024-01-02,4.6
CUST_03666,2024-01-03,6.91
CUST_04408,2024-01-03,17.94
CUST_00427,2024-01-03,19.05
CUST_04300,2024-01-03,26.4
CUST_02898,2024-01-03,36.25
CUST_02653,2024-01-03,22.99
CUST_03001,2024-01-03,19.42
CUST_01745,2024-01-03,9.45
CUST_01049,2024-01-03,6.41
CUST_01100,2024-01-03,32.81
CUST_03001,2024-01-03,39.5
CUST_03000,2024-01-03,37.54
CUST_03466,2024-01-03,102.44
CUST_04877,2024-01-03,10.24
CUST_02432,2024-01-03,5.36
CUST_01846,2024-01-03,8.64
CUST_00284,2024-01-03,10.3
CUST_04281,2024-01-03,38.13
CUST_04269,2024-01-03,12.56
CUST_03320,2024-01-03,7.92
CUST_00171,2024-01-04,55.66
CUST_02020,2024-01-04,58.86
CUST_00999,2024-01-04,90.13
CUST_04707,2024-01-04,20.09
CUST_01094,2024-01-04,10.79
CUST_03826,2024-01-04,5.21
CUST_04128,2024-01-04,22.62
CUST_04765,2024-01-04,12.47
CUST_00865,2024-01-04,8.95
CUST_04281,2024-01-04,6.21
CUST_02901,2024-01-04,6.84
CUST_00333,2024-01-04,1.6
CUST_04519,2024-01-04,15.27
CUST_03867,2024-01-04,21.22
CUST_02317,2024-01-04,10.96
CUST_01656,2024-01-05,7.09
CUST_01605,2024-01-05,12.09
CUST_03464,2024-01-05,4.88
CUST_01029,2024-01-05,112.3
CUST_04557,2024-01-05,45.23
CUST_04189,2024-01-05,59.42
CUST_03783,2024-01-05,40.17
CUST_04540,2024-01-05,19.37
CUST_01373,2024-01-05,22.34
CUST_02316,2024-01-05,14.37
CUST_03867,2024-01-05,24.7
CUST_04281,2024-01-05,46.92
CUST_01552,2024-01-05,61.58
CUST_04295,2024-01-05,11.85
CUST_03320,2024-01-05,11.11
CUST_00891,2024-01-05,35.09
CUST_03835,2024-01-05,87.38
CUST_04300,2024-01-05,5.03
CUST_04140,2024-01-05,14.41
CUST_04737,2024-01-05,22.6
CUST_00848,2024-01-05,18.77
CUST_01227,2024-01-05,24.15
CUST_03245,2024-01-05,18.44
CUST_01532,2024-01-05,7.16
CUST_00606,2024-01-05,46.97
CUST_00666,2024-01-05,153.92
CUST_03783,2024-01-05,6.67
CUST_03625,2024-01-05,27.11
CUST_02047,2024-01-05,22.55
CUST_01421,2024-01-06,12.87
CUST_04408,2024-01-06,28.22
CUST_04798,2024-01-06,2.45
CUST_00912,2024-01-06,20.97
CUST_04300,2024-01-06,36.07
CUST_02422,2024-01-06,9.99
CUST_04947,2024-01-06,35.63
CUST_02149,2024-01-06,28.29
CUST_04389,2024-01-06,17.09
CUST_00982,2024-01-06,29.51
CUST_03297,2024-01-06,110.33
CUST_03771,2024-01-06,24.15
CUST_04987,2024-01-06,16.12
CUST_04727,2024-01-06,16.35
CUST_04779,2024-01-06,5.19
CUST_03763,2024-01-06,6.91
CUST_02124,2024-01-06,45.92
CUST_02316,2024-01-06,8.9
CUST_02355,2024-01-06,21.3
CUST_01481,2024-01-06,290.58
CUST_03592,2024-01-06,14.96
CUST_04244,2024-01-06,19.0
CUST_02944,2024-01-06,7.37
CUST_03783,2024-01-07,8.21
CUST_04519,2024-01-07,5.75
CUST_04300,2024-01-07,34.58
CUST_04519,2024-01-07,81.73
CUST_04391,2024-01-07,4.48
CUST_04435,2024-01-07,31.33
CUST_04138,2024-01-07,11.12
CUST_01016,2024-01-07,6.73
CUST_00767,2024-01-07,77.86
CUST_01759,2024-01-07,13.71
CUST_00554,2024-01-07,4.9
CUST_03668,2024-01-07,17.72
CUST_04194,2024-01-07,12.55
CUST_01017,2024-01-07,6.78
CUST_04998,2024-01-07,8.86
CUST_04606,2024-01-07,8.27
CUST_03466,2024-01-07,17.12
CUST_03054,2024-01-07,52.7
CUST_00326,2024-01-07,21.22
CUST_03640,2024-01-07,83.62
CUST_00326,2024-01-07,45.13
CUST_04335,2024-01-08,12.84
CUST_03019,2024-01-08,30.55
CUST_01137,2024-01-08,11.12
CUST_04597,2024-01-08,41.34
CUST_04370,2024-01-08,12.64
CUST_02218,2024-01-08,20.29
CUST_00162,2024-01-08,5.01
CUST_03042,2024-01-08,23.41
CUST_01336,2024-01-08,15.08
CUST_03025,2024-01-08,6.44
CUST_01375,2024-01-08,127.72
CUST_02413,2024-01-08,24.55
CUST_04483,2024-01-08,10.55
CUST_01426,2024-01-08,51.28
CUST_00178,2024-01-08,43.76
CUST_01298,2024-01-08,23.23
CUST_04811,2024-01-08,30.33
CUST_01960,2024-01-08,13.5
CUST_00877,2024-01-08,13.96
CUST_01847,2024-01-08,9.63
CUST_02699,2024-01-08,30.54
CUST_00952,2024-01-08,8.79
CUST_00894,2024-01-08,66.3
CUST_03693,2024-01-08,15.85
CUST_04659,2024-01-08,53.08
CUST_04568,2024-01-08,32.88
CUST_04899,2024-01-08,18.81
CUST_00168,2024-01-08,20.68
CUST_00012,2024-01-08,73.78
CUST_00951,2024-01-09,7.41
CUST_02138,2024-01-09,61.88
CUST_04027,2024-01-09,3.21
CUST_02006,2024-01-09,2.7
CUST_03808,2024-01-09,2.76
CUST_02342,2024-01-09,11.59
CUST_04823,2024-01-09,189.71
CUST_01697,2024-01-09,32.29
CUST_01656,2024-01-09,19.02
CUST_02221,2024-01-09,44.13
CUST_04281,2024-01-09,58.63
CUST_03553,2024-01-09,72.66
CUST_03908,2024-01-09,2.27
CUST_00016,2024-01-09,17.63
CUST_04244,2024-01-09,7.21
CUST_04275,2024-01-09,21.9
CUST_04731,2024-01-09,12.79
CUST_02302,2024-01-09,4.56
CUST_03867,2024-01-09,23.43
CUST_00820,2024-01-09,35.57
CUST_03102,2024-01-09,66.2
CUST_04877,2024-01-09,8.45
CUST_02806,2024-01-09,21.52
CUST_02806,2024-01-09,73.95
CUST_02616,2024-01-09,7.87
CUST_00535,2024-01-09,14.21
CUST_03866,2024-01-09,31.71
CUST_02219,2024-01-10,13.61
CUST_04724,2024-01-10,66.55
CUST_00156,2024-01-10,29.0
CUST_04039,2024-01-10,68.21
CUST_02707,2024-01-10,22.77
CUST_04899,2024-01-10,12.67
CUST_02686,2024-01-10,13.67
CUST_00704,2024-01-10,43.54
CUST_00974,2024-01-10,19.44
CUST_00287,2024-01-10,18.4
CUST_03783,2024-01-10,4.71
CUST_02504,2024-01-10,6.7
CUST_04841,2024-01-10,18.33
CUST_00020,2024-01-10,20.59
CUST_01472,2024-01-10,18.61
CUST_00728,2024-01-10,46.24
CUST_01394,2024-01-10,43.41
CUST_00333,2024-01-10,73.19
CUST_04719,2024-01-10,23.0
CUST_03320,2024-01-10,47.02
CUST_04798,2024-01-10,16.77
CUST_04038,2024-01-10,9.59
CUST_02301,2024-01-10,17.8
CUST_01016,2024-01-10,27.06
CUST_00212,2024-01-10,23.95
CUST_01375,2024-01-11,58.55
CUST_02014,2024-01-11,7.95
CUST_00638,2024-01-11,21.19
CUST_04011,2024-01-11,18.77
CUST_03102,2024-01-11,37.36
CUST_04512,2024-01-11,41.25
CUST_01051,2024-01-11,43.36
CUST_01323,2024-01-11,64.86
CUST_02627,2024-01-11,48.81
CUST_01704,2024-01-11,6.74
CUST_02382,2024-01-11,8.63
CUST_03320,2024-01-11,5.22
CUST_04400,2024-01-11,22.36
CUST_02935,2024-01-11,26.58
CUST_00779,2024-01-11,14.64
CUST_00131,2024-01-11,146.19
CUST_03668,2024-01-11,17.22
CUST_01683,2024-01-11,13.73
CUST_00333,2024-01-11,7.81
CUST_01704,2024-01-11,32.07
CUST_04300,2024-01-12,65.07
CUST_02934,2024-01-12,75.5
CUST_00326,2024-01-12,11.0
CUST_03922,2024-01-12,16.6
CUST_03007,2024-01-12,4.02
CUST_02717,2024-01-12,129.32
CUST_01842,2024-01-12,2.11
CUST_02238,2024-01-12,50.17
CUST_03763,2024-01-12,65.2
CUST_04483,2024-01-12,96.48
CUST_00862,2024-01-12,7.63
CUST_02409,2024-01-12,65.96
CUST_03063,2024-01-12,10.84
CUST_00504,2024-01-12,64.08
CUST_02766,2024-01-12,15.36
CUST_00442,2024-01-12,32.96
CUST_04555,2024-01-12,32.16
CUST_01171,2024-01-12,22.67
CUST_02429,2024-01-13,6.42
CUST_03188,2024-01-13,67.54
CUST_02234,2024-01-13,45.42
CUST_02857,2024-01-13,87.32
CUST_00596,2024-01-13,29.7
CUST_04252,2024-01-13,27.78
CUST_04365,2024-01-13,35.63
CUST_03688,2024-01-13,11.84
CUST_03783,2024-01-13,69.08
CUST_00162,2024-01-13,6.37
CUST_04553,2024-01-13,62.25
CUST_04321,2024-01-13,49.16
CUST_01705,2024-01-13,17.45
CUST_04519,2024-01-13,77.25
CUST_01260,2024-01-13,34.48
CUST_04143,2024-01-13,2.85
CUST_04705,2024-01-13,4.16
CUST_00016,2024-01-13,4.16
CUST_04533,2024-01-13,5.84
CUST_01293,2024-01-14,18.57
CUST_04966,2024-01-14,93.59
CUST_00161,2024-01-14,2.9
CUST_04936,2024-01-14,80.47
CUST_00934,2024-01-14,37.52
CUST_04067,2024-01-14,10.46
CUST_02901,2024-01-14,2.93
CUST_01728,2024-01-14,21.95
CUST_03350,2024-01-14,2.84
CUST_00364,2024-01-14,6.65
CUST_00704,2024-01-14,5.27
CUST_04877,2024-01-14,20.02
CUST_04072,2024-01-14,6.18
CUST_01891,2024-01-14,5.63
CUST_01491,2024-01-14,81.8
CUST_02878,2024-01-14,23.37
CUST_00166,2024-01-15,37.82
CUST_02108,2024-01-15,27.52
CUST_03506,2024-01-15,8.31
CUST_03887,2024-01-15,6.59
CUST_00149,2024-01-15,17.19
CUST_04519,2024-01-15,19.3
CUST_00830,2024-01-15,30.2
CUST_00333,2024-01-15,17.67
CUST_03826,2024-01-15,10.42
CUST_04374,2024-01-15,21.46
CUST_03808,2024-01-15,11.62
CUST_03205,2024-01-15,28.61
CUST_01515,2024-01-15,11.56
CUST_00702,2024-01-16,10.24
CUST_00824,2024-01-16,8.8
CUST_04114,2024-01-16,38.61
CUST_02071,2024-01-16,24.25
CUST_01959,2024-01-16,5.56
CUST_04950,2024-01-16,11.17
CUST_04794,2024-01-16,12.1
CUST_01397,2024-01-16,5.07
CUST_04877,2024-01-16,11.94
CUST_03760,2024-01-16,8.01
CUST_04956,2024-01-16,10.75
CUST_03102,2024-01-16,309.96
CUST_01064,2024-01-16,33.79
CUST_04546,2024-01-16,266.31
CUST_03793,2024-01-16,23.41
CUST_01260,2024-01-16,6.75
CUST_02423,2024-01-16,16.0
CUST_00159,2024-01-16,39.92
CUST_04650,2024-01-17,170.97
CUST_02672,2024-01-17,44.24
CUST_02980,2024-01-17,22.03
CUST_02423,2024-01-17,29.42
CUST_00705,2024-01-17,2.99
CUST_04798,2024-01-17,4.6
CUST_01698,2024-01-17,11.32
CUST_02413,2024-01-17,22.95
CUST_02413,2024-01-17,19.84
CUST_02127,2024-01-17,19.32
CUST_03063,2024-01-17,37.29
CUST_01570,2024-01-17,75.77
CUST_02186,2024-01-17,25.99
CUST_03392,2024-01-17,65.35
CUST_04300,2024-01-17,37.55
CUST_03320,2024-01-17,14.07
CUST_03386,2024-01-17,75.05
CUST_02851,2024-01-17,55.29
CUST_03988,2024-01-17,17.81
CUST_03327,2024-01-17,23.08
CUST_01967,2024-01-17,23.78
CUST_04187,2024-01-17,15.08
CUST_00185,2024-01-17,128.07
CUST_04896,2024-01-17,115.72
CUST_03366,2024-01-17,7.52
CUST_03646,2024-01-17,18.66
CUST_04772,2024-01-17,54.68
CUST_03783,2024-01-17,9.77
CUST_04877,2024-01-17,36.49
CUST_04391,2024-01-17,30.91
CUST_01394,2024-01-17,39.36
CUST_03260,2024-01-17,7.26
CUST_00333,2024-01-17,8.01
CUST_02666,2024-01-17,149.48
CUST_00287,2024-01-17,23.2
CUST_04958,2024-01-17,26.55
CUST_02980,2024-01-18,1.46
CUST_04555,2024-01-18,31.65
CUST_04763,2024-01-18,41.33
CUST_00343,2024-01-18,3.35
CUST_02551,2024-01-18,5.52
CUST_02873,2024-01-18,36.81
CUST_00643,2024-01-18,25.58
CUST_01195,2024-01-18,18.01
CUST_01838,2024-01-18,20.95
CUST_03311,2024-01-18,66.77
CUST_00428,2024-01-18,35.14
CUST_03391,2024-01-18,17.25
CUST_01603,2024-01-18,34.66
CUST_02531,2024-01-18,43.07
CUST_01921,2024-01-18,80.19
CUST_01201,2024-01-18,89.97
CUST_03505,2024-01-18,6.28
CUST_00454,2024-01-18,60.22
CUST_03770,2024-01-18,1.83
CUST_02955,2024-01-18,25.95
CUST_02849,2024-01-18,13.14
CUST_02660,2024-01-19,13.39
CUST_03705,2024-01-19,19.76
CUST_01081,2024-01-19,8.78
CUST_03919,2024-01-19,5.67
CUST_01771,2024-01-19,16.09
CUST_03109,2024-01-19,15.3
CUST_02806,2024-01-19,2.18
CUST_00807,2024-01-19,29.51
CUST_01375,2024-01-19,4.05
CUST_00385,2024-01-19,2.06
CUST_03668,2024-01-19,7.61
CUST_01693,2024-01-19,4.3
CUST_04244,2024-01-19,9.16
CUST_00285,2024-01-19,17.71
CUST_03901,2024-01-19,11.91
CUST_04999,2024-01-19,8.75
CUST_03441,2024-01-19,12.67
CUST_00598,2024-01-19,4.7
CUST_04593,2024-01-19,33.52
CUST_04109,2024-01-19,76.24
CUST_00272,2024-01-19,34.23
CUST_03586,2024-01-19,170.98
CUST_02494,2024-01-19,11.32
CUST_00057,2024-01-19,17.71
CUST_02301,2024-01-20,26.44
CUST_03287,2024-01-20,103.09
CUST_04519,2024-01-20,48.19
CUST_02124,2024-01-20,8.83
CUST_02341,2024-01-20,59.31
CUST_01532,2024-01-20,14.31
CUST_02717,2024-01-20,16.03
CUST_00574,2024-01-20,28.75
CUST_03545,2024-01-20,6.64
CUST_04607,2024-01-20,7.9
CUST_04337,2024-01-20,30.47
CUST_04244,2024-01-20,33.59
CUST_00843,2024-01-20,26.74
CUST_04702,2024-01-20,4.27
CUST_04260,2024-01-20,24.39
CUST_03813,2024-01-20,27.54
CUST_01839,2024-01-20,34.17
CUST_01921,2024-01-20,76.27
CUST_03771,2024-01-20,6.31
CUST_01138,2024-01-21,16.05
CUST_03222,2024-01-21,18.89
CUST_02463,2024-01-21,24.68
CUST_04348,2024-01-21,13.21
CUST_02098,2024-01-21,59.34
CUST_01417,2024-01-21,17.87
CUST_00726,2024-01-21,2.61
CUST_00809,2024-01-21,19.93
CUST_04088,2024-01-21,64.91
CUST_00610,2024-01-21,44.54
CUST_01037,2024-01-21,25.62
CUST_02925,2024-01-21,25.02
CUST_01772,2024-01-21,39.23
CUST_01464,2024-01-21,57.79
CUST_03847,2024-01-21,8.29
CUST_00595,2024-01-21,45.14
CUST_03109,2024-01-21,33.67
CUST_03113,2024-01-21,8.03
CUST_01839,2024-01-21,14.59
CUST_04624,2024-01-21,25.93
CUST_03668,2024-01-21,97.36
CUST_04117,2024-01-21,35.88
CUST_01081,2024-01-21,6.08
CUST_01717,2024-01-21,4.92
CUST_04300,2024-01-21,264.16
CUST_02325,2024-01-21,13.95
CUST_02699,2024-01-21,85.95
CUST_02047,2024-01-21,22.02
CUST_04121,2024-01-21,3.99
CUST_01931,2024-01-21,22.8
CUST_04342,2024-01-21,7.35
CUST_03180,2024-01-21,13.41
CUST_01377,2024-01-21,18.64
CUST_03988,2024-01-21,6.5
CUST_00348,2024-01-22,12.29
CUST_01455,2024-01-22,17.97
CUST_04416,2024-01-22,39.62
CUST_04767,2024-01-22,35.29
CUST_04340,2024-01-22,87.64
CUST_04281,2024-01-22,45.23
CUST_04281,2024-01-22,17.82
CUST_02239,2024-01-22,22.52
CUST_04046,2024-01-22,54.2
CUST_04271,2024-01-22,9.58
CUST_04795,2024-01-22,9.03
CUST_02980,2024-01-22,197.19
CUST_01377,2024-01-22,68.37
CUST_03433,2024-01-22,11.38
CUST_04020,2024-01-22,9.15
CUST_04731,2024-01-22,7.52
CUST_04300,2024-01-22,4.89
CUST_02672,2024-01-22,22.12
CUST_00702,2024-01-22,55.97
CUST_00463,2024-01-22,25.53
CUST_02672,2024-01-22,2.28
CUST_03821,2024-01-22,13.44
CUST_00972,2024-01-23,9.92
CUST_03816,2024-01-23,38.96
CUST_00333,2024-01-23,102.33
CUST_03718,2024-01-23,35.76
CUST_02938,2024-01-23,4.41
CUST_01427,2024-01-23,4.33
CUST_00342,2024-01-23,29.82
CUST_02611,2024-01-23,21.42
CUST_01039,2024-01-23,10.93
CUST_04029,2024-01-23,3.08
CUST_01767,2024-01-23,5.18
CUST_03668,2024-01-23,152.39
CUST_02707,2024-01-23,9.98
CUST_02238,2024-01-23,19.08
CUST_01025,2024-01-24,63.86
CUST_01513,2024-01-24,16.01
CUST_01018,2024-01-24,46.07
CUST_01054,2024-01-24,15.28
CUST_02539,2024-01-24,34.13
CUST_03721,2024-01-24,25.68
CUST_00982,2024-01-24,21.88
CUST_01573,2024-01-24,17.87
CUST_02794,2024-01-24,31.7
CUST_03367,2024-01-24,70.77
CUST_01758,2024-01-24,24.9
CUST_04883,2024-01-24,4.93
CUST_04164,2024-01-24,22.24
CUST_01945,2024-01-24,6.66
CUST_02061,2024-01-24,23.01
CUST_03869,2024-01-24,18.35
CUST_04590,2024-01-24,24.92
CUST_04453,2024-01-24,28.15
CUST_02364,2024-01-24,23.41
CUST_03310,2024-01-24,44.63
CUST_03511,2024-01-24,298.56
CUST_04922,2024-01-25,64.39
CUST_02139,2024-01-25,11.49
CUST_01842,2024-01-25,12.3
CUST_01977,2024-01-25,6.65
CUST_01153,2024-01-25,7.75
CUST_03055,2024-01-25,9.58
CUST_01594,2024-01-25,21.91
CUST_04222,2024-01-25,3.83
CUST_04958,2024-01-25,11.92
CUST_04191,2024-01-25,15.55
CUST_00208,2024-01-25,21.56
CUST_00541,2024-01-25,50.81
CUST_02539,2024-01-25,255.42
CUST_02947,2024-01-25,9.23
CUST_02199,2024-01-25,58.68
CUST_04831,2024-01-25,21.68
CUST_01139,2024-01-25,20.54
CUST_04519,2024-01-25,4.38
CUST_04260,2024-01-25,77.3
CUST_02686,2024-01-25,4.2
CUST_01237,2024-01-25,38.74
CUST_04244,2024-01-25,12.64
CUST_04771,2024-01-26,7.99
CUST_01843,2024-01-26,56.47
CUST_00509,2024-01-26,20.73
CUST_04111,2024-01-26,53.45
CUST_02593,2024-01-26,44.23
CUST_01016,2024-01-26,14.03
CUST_01922,2024-01-26,134.28
CUST_00156,2024-01-26,55.81
CUST_03275,2024-01-26,17.65
CUST_02134,2024-01-26,47.97
CUST_01810,2024-01-26,59.01
CUST_04798,2024-01-26,25.58
CUST_01704,2024-01-26,23.28
CUST_03218,2024-01-26,25.7
CUST_02899,2024-01-26,39.6
CUST_01656,2024-01-26,13.76
CUST_02117,2024-01-27,38.76
CUST_03875,2024-01-27,17.85
CUST_04114,2024-01-27,54.53
CUST_00169,2024-01-27,11.47
CUST_01158,2024-01-27,31.32
CUST_01846,2024-01-27,4.94
CUST_00704,2024-01-27,22.24
CUST_04011,2024-01-27,3.96
CUST_00243,2024-01-27,21.44
CUST_04593,2024-01-27,97.16
CUST_04798,2024-01-27,40.72
CUST_01158,2024-01-27,7.82
CUST_03821,2024-01-27,168.87
CUST_02462,2024-01-27,15.23
CUST_04877,2024-01-27,25.68
CUST_03146,2024-01-27,17.51
CUST_02699,2024-01-27,37.55
CUST_03826,2024-01-27,6.39
CUST_01234,2024-01-27,74.64
CUST_00079,2024-01-27,31.59
CUST_04171,2024-01-27,7.61
CUST_02919,2024-01-27,22.97
CUST_02707,2024-01-27,5.79
CUST_02239,2024-01-27,22.19
CUST_04919,2024-01-28,4.14
CUST_03783,2024-01-28,30.08
CUST_02590,2024-01-28,4.44
CUST_01826,2024-01-28,8.49
CUST_01295,2024-01-28,13.01
CUST_02340,2024-01-28,8.41
CUST_02302,2024-01-28,4.91
CUST_00982,2024-01-28,2.33
CUST_04584,2024-01-28,167.34
CUST_01869,2024-01-28,48.71
CUST_00183,2024-01-28,83.18
CUST_01553,2024-01-28,48.4
CUST_03921,2024-01-28,67.7
CUST_00150,2024-01-28,2.04
CUST_03054,2024-01-28,20.14
CUST_03674,2024-01-28,20.36
CUST_03669,2024-01-28,8.04
CUST_03506,2024-01-28,5.35
CUST_04392,2024-01-28,23.99
CUST_03836,2024-01-28,51.92
CUST_01670,2024-01-28,17.29
CUST_04958,2024-01-28,14.17
CUST_02667,2024-01-28,120.35
CUST_02100,2024-01-28,15.37
CUST_04339,2024-01-29,10.6
CUST_04672,2024-01-29,32.01
CUST_04470,2024-01-29,7.99
CUST_03320,2024-01-29,45.44
CUST_03467,2024-01-29,13.42
CUST_01532,2024-01-29,40.38
CUST_04255,2024-01-29,17.56
CUST_00227,2024-01-29,24.53
CUST_02061,2024-01-29,30.72
CUST_02667,2024-01-29,27.46
CUST_01920,2024-01-29,3.66
CUST_04310,2024-01-29,131.17
CUST_00475,2024-01-29,4.13
CUST_01594,2024-01-29,61.92
CUST_03205,2024-01-29,2.52
CUST_04300,2024-01-29,19.71
CUST_03276,2024-01-30,16.09
CUST_02018,2024-01-30,5.85
CUST_00151,2024-01-30,27.08
CUST_02340,2024-01-30,4.21
CUST_04732,2024-01-30,7.35
CUST_04276,2024-01-30,13.19
CUST_01766,2024-01-30,20.75
CUST_03300,2024-01-30,40.33
CUST_00667,2024-01-30,77.72
CUST_03205,2024-01-30,5.2
CUST_02246,2024-01-30,13.7
CUST_03808,2024-01-30,30.5
CUST_00484,2024-01-30,33.0
CUST_03327,2024-01-30,44.45
CUST_04300,2024-01-30,57.35
CUST_01315,2024-01-30,60.19
CUST_04747,2024-01-30,18.67
CUST_01922,2024-01-30,43.72
CUST_01012,2024-01-30,44.01
CUST_00901,2024-01-30,8.73
CUST_02662,2024-01-30,6.59
CUST_00350,2024-01-30,6.61
CUST_02559,2024-01-30,39.29
CUST_02703,2024-01-30,40.76
CUST_04591,2024-01-30,9.01
CUST_03629,2024-01-30,1.86
CUST_03190,2024-01-31,13.0
CUST_02238,2024-01-31,41.87
CUST_02686,2024-01-31,27.06
CUST_01806,2024-01-31,123.03
CUST_03245,2024-01-31,16.37
CUST_04154,2024-01-31,7.34
CUST_01553,2024-01-31,55.76
CUST_00889,2024-01-31,12.96
CUST_00902,2024-01-31,34.32
CUST_00012,2024-01-31,11.83
CUST_00911,2024-01-31,9.69
CUST_03267,2024-01-31,17.53
CUST_02535,2024-01-31,9.04
CUST_03711,2024-01-31,29.5
CUST_04408,2024-01-31,24.39
CUST_00054,2024-01-31,15.14
CUST_04540,2024-01-31,21.26
CUST_01247,2024-01-31,37.13
CUST_04747,2024-01-31,10.07
CUST_00065,2024-01-31,37.53
CUST_01498,2024-01-31,24.38
CUST_00470,2024-01-31,59.5
CUST_00982,2024-01-31,37.05
CUST_01786,2024-01-31,6.77
CUST_01636,2024-01-31,36.38
CUST_03675,2024-01-31,198.67
CUST_03391,2024-01-31,8.98
CUST_00509,2024-02-01,21.4
CUST_01216,2024-02-01,40.84
CUST_04152,2024-02-01,44.63
CUST_02665,2024-02-01,6.88
CUST_04014,2024-02-01,9.34
CUST_02539,2024-02-01,37.95
CUST_02703,2024-02-01,41.68
CUST_04088,2024-02-01,18.21
CUST_04331,2024-02-01,164.88
CUST_02026,2024-02-01,22.39
CUST_00948,2024-02-01,11.75
CUST_04798,2024-02-01,7.55
CUST_00309,2024-02-01,85.44
CUST_02106,2024-02-01,8.06
CUST_01413,2024-02-01,58.61
CUST_01332,2024-02-01,2.43
CUST_02484,2024-02-01,5.09
CUST_00565,2024-02-01,585.12
CUST_00384,2024-02-01,6.28
CUST_03892,2024-02-01,31.63
CUST_01477,2024-02-01,52.5
CUST_02568,2024-02-01,24.29
CUST_00369,2024-02-01,53.84
CUST_02184,2024-02-01,32.8
CUST_04183,2024-02-01,18.76
CUST_01079,2024-02-01,9.98
CUST_03668,2024-02-02,61.38
CUST_00291,2024-02-02,10.18
CUST_04244,2024-02-02,9.61
CUST_01639,2024-02-02,296.41
CUST_04244,2024-02-02,31.48
CUST_02088,2024-02-02,16.73
CUST_00012,2024-02-02,10.07
CUST_01114,2024-02-02,98.82
CUST_03381,2024-02-02,1.05
CUST_03239,2024-02-02,6.49
CUST_01466,2024-02-02,6.74
CUST_00769,2024-02-02,9.99
CUST_03245,2024-02-02,7.23
CUST_04747,2024-02-02,49.78
CUST_00877,2024-02-02,75.9
CUST_02539,2024-02-02,8.65
CUST_00693,2024-02-03,22.26
CUST_03695,2024-02-03,93.54
CUST_00675,2024-02-03,32.74
CUST_00436,2024-02-03,203.25
CUST_01451,2024-02-03,3.41
CUST_02529,2024-02-03,43.68
CUST_00204,2024-02-03,11.02
CUST_02531,2024-02-03,5.63
CUST_01241,2024-02-03,4.48
CUST_04206,2024-02-03,247.22
CUST_04899,2024-02-03,70.11
CUST_04798,2024-02-03,18.34
CUST_03430,2024-02-04,10.28
CUST_02645,2024-02-04,29.29
CUST_01452,2024-02-04,14.9
CUST_04877,2024-02-04,128.21
CUST_00569,2024-02-04,20.45
CUST_00013,2024-02-04,39.38
CUST_02757,2024-02-04,18.27
CUST_01394,2024-02-04,7.98
CUST_01532,2024-02-04,20.99
CUST_04800,2024-02-04,3.8
CUST_04108,2024-02-04,39.58
CUST_01184,2024-02-04,29.03
CUST_01669,2024-02-04,12.27
CUST_00934,2024-02-04,27.55
CUST_00807,2024-02-04,1.86
CUST_01430,2024-02-04,11.04
CUST_04321,2024-02-04,6.65
CUST_01443,2024-02-04,29.48
CUST_03783,2024-02-04,17.72
CUST_03153,2024-02-04,9.74
CUST_02538,2024-02-04,96.27
CUST_04823,2024-02-04,48.55
CUST_03648,2024-02-04,75.37
CUST_04453,2024-02-04,36.06
CUST_00370,2024-02-04,23.27
CUST_00271,2024-02-04,7.46
CUST_04051,2024-02-04,38.63
CUST_01011,2024-02-05,9.96
CUST_00281,2024-02-05,3.51
CUST_01656,2024-02-05,5.54
CUST_00116,2024-02-05,20.9
CUST_04166,2024-02-05,12.68
CUST_04639,2024-02-05,26.65
CUST_00323,2024-02-05,125.04
CUST_04390,2024-02-05,63.55
CUST_04388,2024-02-05,34.31
CUST_03049,2024-02-05,12.06
CUST_04574,2024-02-05,8.05
CUST_00098,2024-02-05,21.62
CUST_04966,2024-02-05,39.26
CUST_04349,2024-02-05,11.45
CUST_00518,2024-02-05,14.93
CUST_03868,2024-02-05,4.7
CUST_01686,2024-02-05,24.44
CUST_04674,2024-02-05,14.28
CUST_01420,2024-02-05,23.54
CUST_00951,2024-02-05,43.26
CUST_04099,2024-02-05,3.56
CUST_04321,2024-02-05,20.89
CUST_02980,2024-02-05,8.28
CUST_02529,2024-02-05,22.34
CUST_04600,2024-02-05,7.52
CUST_02850,2024-02-05,17.55
CUST_03182,2024-02-05,37.41
CUST_04281,2024-02-05,32.6
CUST_00551,2024-02-05,13.43
CUST_03730,2024-02-05,6.51
CUST_01859,2024-02-05,8.66
CUST_04899,2024-02-05,12.49
CUST_04244,2024-02-05,29.37
CUST_02343,2024-02-06,31.51
CUST_03001,2024-02-06,66.05
CUST_02179,2024-02-06,95.77
CUST_04593,2024-02-06,29.53
CUST_01407,2024-02-06,20.86
CUST_04309,2024-02-06,4.3
CUST_00574,2024-02-06,13.35
CUST_00702,2024-02-06,12.25
CUST_03760,2024-02-06,14.32
CUST_00767,2024-02-06,30.39
CUST_04122,2024-02-06,38.45
CUST_00680,2024-02-06,4.71
CUST_00562,2024-02-06,3.09
CUST_00178,2024-02-06,9.38
CUST_02539,2024-02-06,9.76
CUST_03783,2024-02-06,31.25
CUST_04462,2024-02-06,13.01
CUST_03783,2024-02-06,364.14
CUST_00704,2024-02-06,25.78
CUST_04300,2024-02-06,62.96
CUST_04515,2024-02-06,166.41
CUST_04507,2024-02-07,37.79
CUST_01164,2024-02-07,8.52
CUST_04831,2024-02-07,7.98
CUST_01260,2024-02-07,86.89
CUST_03921,2024-02-07,22.88
CUST_03536,2024-02-07,9.32
CUST_01155,2024-02-07,37.67
CUST_03783,2024-02-07,3.12
CUST_00989,2024-02-07,15.24
CUST_02806,2024-02-07,32.28
CUST_02539,2024-02-07,12.32
CUST_03199,2024-02-07,98.34
CUST_03461,2024-02-07,9.53
CUST_01170,2024-02-07,15.43
CUST_03320,2024-02-07,14.65
CUST_04064,2024-02-07,21.38
CUST_01941,2024-02-07,34.96
CUST_01719,2024-02-07,12.69
CUST_00754,2024-02-07,3.05
CUST_02164,2024-02-07,47.68
CUST_02539,2024-02-07,3.26
CUST_03014,2024-02-08,78.29
CUST_02539,2024-02-08,17.13
CUST_01782,2024-02-08,30.05
CUST_00045,2024-02-08,19.96
CUST_04427,2024-02-08,3.54
CUST_03821,2024-02-08,18.44
CUST_04810,2024-02-08,3.64
CUST_03432,2024-02-08,52.02
CUST_01508,2024-02-08,2.95
CUST_02448,2024-02-08,12.49
CUST_04620,2024-02-08,5.04
CUST_03825,2024-02-08,50.83
CUST_02609,2024-02-08,33.27
CUST_04234,2024-02-08,24.62
CUST_03919,2024-02-08,46.43
CUST_02980,2024-02-08,32.58
CUST_01621,2024-02-08,12.45
CUST_02125,2024-02-08,28.35
CUST_01909,2024-02-08,7.56
CUST_04747,2024-02-09,23.29
CUST_03445,2024-02-09,9.39
CUST_01344,2024-02-09,81.5
CUST_03592,2024-02-09,9.16
CUST_03245,2024-02-09,19.63
CUST_04689,2024-02-09,52.3
CUST_02550,2024-02-09,54.21
CUST_00951,2024-02-09,30.98
CUST_00828,2024-02-09,7.0
CUST_00829,2024-02-09,9.24
CUST_03691,2024-02-09,30.73
CUST_00290,2024-02-09,20.61
CUST_03725,2024-02-09,22.38
CUST_00519,2024-02-09,12.15
CUST_02755,2024-02-09,47.08
CUST_00426,2024-02-10,35.19
CUST_04128,2024-02-10,16.15
CUST_03550,2024-02-10,8.15
CUST_03495,2024-02-10,95.93
CUST_03783,2024-02-10,65.07
CUST_02239,2024-02-10,15.55
CUST_01972,2024-02-10,33.14
CUST_02238,2024-02-10,22.85
CUST_03733,2024-02-10,2.09
CUST_04281,2024-02-10,53.68
CUST_04281,2024-02-10,4.61
CUST_04304,2024-02-10,24.21
CUST_02413,2024-02-10,114.01
CUST_04584,2024-02-10,34.09
CUST_04463,2024-02-10,14.28
CUST_00487,2024-02-11,13.63
CUST_02856,2024-02-11,166.78
CUST_00040,2024-02-11,22.98
CUST_00044,2024-02-11,3.8
CUST_00720,2024-02-11,7.52
CUST_01988,2024-02-11,9.27
CUST_01129,2024-02-11,24.4
CUST_00881,2024-02-11,23.56
CUST_02192,2024-02-11,30.66
CUST_02667,2024-02-11,46.74
CUST_01004,2024-02-11,34.63
CUST_03783,2024-02-11,13.64
CUST_00242,2024-02-11,80.22
CUST_04999,2024-02-11,70.9
CUST_04593,2024-02-11,9.34
CUST_02742,2024-02-11,29.88
CUST_04643,2024-02-11,31.73
CUST_04276,2024-02-11,14.2
CUST_04228,2024-02-11,17.16
CUST_01629,2024-02-11,31.0
CUST_04731,2024-02-11,8.42
CUST_04162,2024-02-11,14.33
CUST_00955,2024-02-11,25.44
CUST_04885,2024-02-12,42.61
CUST_03001,2024-02-12,5.57
CUST_00910,2024-02-12,8.48
CUST_04204,2024-02-12,45.41
CUST_00966,2024-02-12,6.49
CUST_00369,2024-02-12,61.34
CUST_02667,2024-02-12,126.63
CUST_01731,2024-02-12,18.86
CUST_00223,2024-02-12,18.67
CUST_03757,2024-02-12,42.35
CUST_04027,2024-02-12,3.33
CUST_03102,2024-02-12,5.32
CUST_02310,2024-02-12,14.78
CUST_04098,2024-02-12,7.92
CUST_02778,2024-02-12,37.89
CUST_01017,2024-02-12,4.51
CUST_01611,2024-02-12,21.37
CUST_02377,2024-02-12,118.27
CUST_01260,2024-02-12,33.07
CUST_03929,2024-02-12,27.94
CUST_04674,2024-02-12,7.58
CUST_01760,2024-02-12,17.48
CUST_03320,2024-02-12,11.53
CUST_01195,2024-02-12,29.23
CUST_04378,2024-02-13,56.46
CUST_04300,2024-02-13,11.32
CUST_01963,2024-02-13,18.74
CUST_01245,2024-02-13,43.69
CUST_01046,2024-02-13,39.2
CUST_02160,2024-02-13,26.18
CUST_01995,2024-02-13,7.61
CUST_00916,2024-02-13,13.89
CUST_01874,2024-02-13,12.26
CUST_00712,2024-02-13,6.29
CUST_03466,2024-02-13,67.16
CUST_00482,2024-02-13,8.17
CUST_02872,2024-02-13,6.12
CUST_04580,2024-02-13,23.3
CUST_00679,2024-02-13,45.21
CUST_03935,2024-02-13,116.4
CUST_00877,2024-02-13,78.68
CUST_03866,2024-02-13,28.27
CUST_03260,2024-02-14,17.08
CUST_00199,2024-02-14,74.16
CUST_01894,2024-02-14,13.07
CUST_04027,2024-02-14,19.05
CUST_02577,2024-02-14,35.15
CUST_03783,2024-02-14,16.43
CUST_01704,2024-02-14,61.32
CUST_04300,2024-02-14,4.65
CUST_04022,2024-02-14,14.97
CUST_03119,2024-02-14,22.42
CUST_04300,2024-02-14,65.77
CUST_04883,2024-02-14,87.27
CUST_03320,2024-02-14,70.4
CUST_02585,2024-02-14,7.82
CUST_01393,2024-02-14,16.38
CUST_02757,2024-02-14,201.81
CUST_02024,2024-02-14,8.48
CUST_04244,2024-02-14,16.19
CUST_02911,2024-02-14,23.47
CUST_04316,2024-02-14,58.67
CUST_03705,2024-02-14,5.61
CUST_03435,2024-02-14,25.62
CUST_04244,2024-02-14,17.31
CUST_03988,2024-02-14,2.89
CUST_00012,2024-02-14,3.33
CUST_04717,2024-02-14,69.1
CUST_03721,2024-02-14,16.05
CUST_02992,2024-02-14,37.95
CUST_02884,2024-02-14,71.26
CUST_02463,2024-02-14,6.9
CUST_00085,2024-02-14,14.81
CUST_02869,2024-02-14,3.09
CUST_01640,2024-02-14,5.03
CUST_04760,2024-02-15,23.41
CUST_04191,2024-02-15,11.46
CUST_03081,2024-02-15,14.35
CUST_01622,2024-02-15,13.0
CUST_03001,2024-02-15,6.66
CUST_03816,2024-02-15,12.73
CUST_01996,2024-02-15,4.89
CUST_00887,2024-02-15,41.81
CUST_01164,2024-02-15,18.52
CUST_04859,2024-02-15,57.81
CUST_03391,2024-02-15,20.48
CUST_00103,2024-02-15,39.53
CUST_00365,2024-02-15,16.8
CUST_04597,2024-02-15,44.86
CUST_02129,2024-02-15,21.82
CUST_04121,2024-02-15,1.79
CUST_02686,2024-02-15,4.6
CUST_03666,2024-02-15,21.76
CUST_00737,2024-02-15,8.64
CUST_01189,2024-02-15,20.73
CUST_01605,2024-02-15,98.26
CUST_03742,2024-02-15,13.11
CUST_02686,2024-02-15,8.45
CUST_01786,2024-02-15,123.16
CUST_02799,2024-02-15,5.87
CUST_00526,2024-02-16,31.35
CUST_02355,2024-02-16,27.02
CUST_00319,2024-02-16,68.85
CUST_04796,2024-02-16,18.75
CUST_04281,2024-02-16,1.83
CUST_01404,2024-02-16,37.79
CUST_01909,2024-02-16,25.93
CUST_03869,2024-02-16,3.64
CUST_02059,2024-02-16,17.73
CUST_01757,2024-02-16,10.29
CUST_02660,2024-02-16,80.87
CUST_03783,2024-02-16,10.25
CUST_01016,2024-02-16,25.19
CUST_02413,2024-02-16,37.34
CUST_04244,2024-02-16,30.45
CUST_02699,2024-02-16,17.31
CUST_02426,2024-02-16,32.45
CUST_03905,2024-02-17,26.37
CUST_04877,2024-02-17,15.0
CUST_04939,2024-02-17,47.22
CUST_03054,2024-02-17,9.74
CUST_00156,2024-02-17,19.53
CUST_01455,2024-02-17,77.85
CUST_02072,2024-02-17,150.35
CUST_04408,2024-02-17,11.35
CUST_03988,2024-02-17,20.8
CUST_02618,2024-02-17,11.86
CUST_01656,2024-02-17,14.88
CUST_01114,2024-02-17,13.64
CUST_00596,2024-02-17,10.44
CUST_01819,2024-02-17,9.46
CUST_04246,2024-02-17,11.46
CUST_02388,2024-02-17,64.2
CUST_00830,2024-02-17,22.9
CUST_03562,2024-02-17,36.28
CUST_02531,2024-02-17,15.99
CUST_03435,2024-02-17,7.04
CUST_02264,2024-02-17,39.18
CUST_04695,2024-02-18,11.42
CUST_04798,2024-02-18,76.82
CUST_03988,2024-02-18,33.54
CUST_01322,2024-02-18,20.05
CUST_04342,2024-02-18,20.32
CUST_04987,2024-02-18,7.33
CUST_00695,2024-02-18,8.36
CUST_04408,2024-02-18,16.92
CUST_03113,2024-02-18,6.8
CUST_00579,2024-02-18,6.66
CUST_01885,2024-02-18,19.27
CUST_00824,2024-02-18,11.87
CUST_00686,2024-02-18,29.84
CUST_04300,2024-02-18,8.98
CUST_01815,2024-02-18,83.61
CUST_04742,2024-02-18,22.38
CUST_01398,2024-02-18,9.11
CUST_01048,2024-02-18,17.25
CUST_00990,2024-02-18,105.28
CUST_04738,2024-02-19,18.83
CUST_04884,2024-02-19,2.01
CUST_02234,2024-02-19,6.77
CUST_04682,2024-02-19,6.44
CUST_03233,2024-02-19,5.62
CUST_01656,2024-02-19,13.27
CUST_04519,2024-02-19,17.38
CUST_04702,2024-02-19,16.08
CUST_01704,2024-02-19,13.6
CUST_01100,2024-02-19,15.35
CUST_02118,2024-02-19,30.74
CUST_02757,2024-02-19,72.39
CUST_00982,2024-02-19,11.68
CUST_00597,2024-02-19,7.49
CUST_00012,2024-02-19,35.56
CUST_04340,2024-02-19,7.39
CUST_02539,2024-02-19,20.24
CUST_04623,2024-02-19,73.95
CUST_03395,2024-02-20,1.91
CUST_04787,2024-02-20,3.15
CUST_04214,2024-02-20,28.74
CUST_04519,2024-02-20,3.62
CUST_00655,2024-02-20,29.29
CUST_00964,2024-02-20,75.19
CUST_04125,2024-02-20,28.06
CUST_03712,2024-02-20,4.65
CUST_02713,2024-02-20,14.81
CUST_02121,2024-02-20,27.67
CUST_01848,2024-02-20,26.71
CUST_03668,2024-02-20,38.59
CUST_04855,2024-02-20,1.86
CUST_01963,2024-02-20,40.23
CUST_02778,2024-02-20,17.85
CUST_02891,2024-02-20,9.69
CUST_00169,2024-02-20,10.79
CUST_00196,2024-02-20,36.83
CUST_02980,2024-02-20,71.36
CUST_01281,2024-02-21,39.14
CUST_03182,2024-02-21,17.81
CUST_02802,2024-02-21,2.25
CUST_04877,2024-02-21,138.51
CUST_00417,2024-02-21,7.29
CUST_00965,2024-02-21,41.4
CUST_01404,2024-02-21,8.96
CUST_02512,2024-02-21,47.75
CUST_02667,2024-02-21,25.84
CUST_03406,2024-02-21,42.86
CUST_04767,2024-02-21,18.04
CUST_00614,2024-02-21,190.93
CUST_03355,2024-02-21,12.84
CUST_02610,2024-02-21,63.65
CUST_03919,2024-02-21,10.45
CUST_03456,2024-02-21,9.73
CUST_03671,2024-02-21,7.29
CUST_00606,2024-02-21,8.44
CUST_00560,2024-02-21,10.84
CUST_02024,2024-02-21,22.94
CUST_01268,2024-02-21,16.14
CUST_01641,2024-02-21,67.23
CUST_03038,2024-02-21,22.3
CUST_03279,2024-02-21,82.33
CUST_04780,2024-02-21,144.54
CUST_02225,2024-02-21,12.07
CUST_01171,2024-02-21,11.53
CUST_04823,2024-02-22,3.49
CUST_01407,2024-02-22,11.45
CUST_00451,2024-02-22,13.78
CUST_03989,2024-02-22,6.71
CUST_00112,2024-02-22,15.37
CUST_01291,2024-02-22,4.2
CUST_03808,2024-02-22,42.33
CUST_02737,2024-02-22,165.0
CUST_03311,2024-02-22,2.31
CUST_02482,2024-02-22,3.18
CUST_00120,2024-02-22,8.19
CUST_02484,2024-02-22,3.84
CUST_04835,2024-02-22,1.27
CUST_00774,2024-02-22,19.36
CUST_04918,2024-02-22,56.38
CUST_02175,2024-02-22,97.7
CUST_04300,2024-02-22,30.31
CUST_03536,2024-02-22,39.41
CUST_00509,2024-02-22,25.6
CUST_00162,2024-02-22,23.92
CUST_03869,2024-02-22,49.71
CUST_04522,2024-02-22,62.88
CUST_00709,2024-02-22,6.02
CUST_00275,2024-02-22,33.88
CUST_04326,2024-02-22,23.35
CUST_01114,2024-02-22,82.55
CUST_04538,2024-02-22,33.39
CUST_00177,2024-02-22,24.49
CUST_04141,2024-02-22,27.79
CUST_01727,2024-02-22,13.39
CUST_01264,2024-02-22,18.46
CUST_00654,2024-02-22,34.07
CUST_00877,2024-02-22,10.15
CUST_04866,2024-02-22,27.12
CUST_04169,2024-02-23,15.09
CUST_04885,2024-02-23,42.51
CUST_00364,2024-02-23,56.66
CUST_04452,2024-02-23,11.03
CUST_03963,2024-02-23,94.87
CUST_04281,2024-02-23,33.62
CUST_04098,2024-02-23,8.68
CUST_04883,2024-02-23,8.0
CUST_00112,2024-02-23,3.45
CUST_04540,2024-02-23,40.04
CUST_01592,2024-02-23,70.52
CUST_01629,2024-02-23,13.61
CUST_04593,2024-02-23,10.07
CUST_03064,2024-02-23,39.76
CUST_00702,2024-02-23,22.1
CUST_04555,2024-02-23,29.57
CUST_01824,2024-02-23,3.0
CUST_03783,2024-02-23,24.43
CUST_04140,2024-02-23,15.73
CUST_02484,2024-02-23,10.31
CUST_03988,2024-02-23,8.91
CUST_02422,2024-02-24,11.28
CUST_00436,2024-02-24,16.12
CUST_04408,2024-02-24,4.08
CUST_04987,2024-02-24,86.68
CUST_00767,2024-02-24,39.79
CUST_01146,2024-02-24,55.8
CUST_00767,2024-02-24,17.02
CUST_01391,2024-02-24,9.66
CUST_04831,2024-02-24,22.02
CUST_03063,2024-02-24,59.46
CUST_04572,2024-02-24,3.22
CUST_02126,2024-02-24,11.77
CUST_03668,2024-02-24,36.23
CUST_04658,2024-02-24,24.95
CUST_03153,2024-02-24,27.11
CUST_04323,2024-02-24,20.56
CUST_01876,2024-02-24,18.16
CUST_01639,2024-02-24,23.55
CUST_04391,2024-02-24,1.45
CUST_02653,2024-02-24,10.68
CUST_01456,2024-02-25,18.23
CUST_01007,2024-02-25,64.37
CUST_01023,2024-02-25,56.66
CUST_04304,2024-02-25,39.06
CUST_03826,2024-02-25,2.04
CUST_02440,2024-02-25,14.17
CUST_03355,2024-02-25,14.77
CUST_03001,2024-02-25,26.56
CUST_02938,2024-02-25,26.91
CUST_02413,2024-02-25,50.53
CUST_03306,2024-02-25,40.23
CUST_03668,2024-02-25,3.45
CUST_01107,2024-02-25,20.63
CUST_00377,2024-02-25,48.16
CUST_00146,2024-02-25,14.45
CUST_04602,2024-02-25,74.76
CUST_03668,2024-02-25,27.97
CUST_03557,2024-02-25,12.77
CUST_04281,2024-02-25,11.06
CUST_00161,2024-02-25,36.61
CUST_01186,2024-02-25,45.3
CUST_00509,2024-02-25,11.09
CUST_02230,2024-02-26,7.33
CUST_00486,2024-02-26,6.69
CUST_04904,2024-02-26,15.14
CUST_01234,2024-02-26,34.33
CUST_02962,2024-02-26,23.14
CUST_02413,2024-02-26,24.31
CUST_01534,2024-02-26,37.94
CUST_00015,2024-02-26,2.17
CUST_00939,2024-02-26,11.7
CUST_03849,2024-02-26,7.48
CUST_02616,2024-02-26,5.26
CUST_01430,2024-02-26,4.1
CUST_04635,2024-02-26,201.58
CUST_04525,2024-02-26,16.92
CUST_03485,2024-02-26,8.56
CUST_00326,2024-02-26,32.45
CUST_03771,2024-02-26,21.88
CUST_03063,2024-02-26,62.43
CUST_04391,2024-02-26,44.93
CUST_01594,2024-02-26,18.47
CUST_03295,2024-02-26,21.63
CUST_02539,2024-02-26,21.03
CUST_04940,2024-02-26,54.9
CUST_03520,2024-02-26,70.26
CUST_02118,2024-02-26,116.05
CUST_02633,2024-02-27,8.85
CUST_02139,2024-02-27,67.75
CUST_02301,2024-02-27,8.48
CUST_02304,2024-02-27,4.35
CUST_02630,2024-02-27,19.31
CUST_00295,2024-02-27,6.66
CUST_03102,2024-02-27,36.13
CUST_01039,2024-02-27,115.13
CUST_00190,2024-02-27,12.09
CUST_02714,2024-02-27,72.55
CUST_01845,2024-02-27,11.47
CUST_03245,2024-02-27,15.0
CUST_03658,2024-02-27,24.08
CUST_02529,2024-02-27,19.79
CUST_02239,2024-02-27,59.49
CUST_01594,2024-02-27,19.49
CUST_02441,2024-02-27,142.12
CUST_03862,2024-02-27,2.87
CUST_02957,2024-02-27,15.25
CUST_04260,2024-02-27,19.61
CUST_04182,2024-02-27,28.65
CUST_01082,2024-02-27,17.34
CUST_01758,2024-02-27,4.84
CUST_02645,2024-02-28,23.29
CUST_04523,2024-02-28,53.21
CUST_02413,2024-02-28,3.99
CUST_04798,2024-02-28,6.03
CUST_03452,2024-02-28,17.63
CUST_03793,2024-02-28,49.9
CUST_04213,2024-02-28,73.0
CUST_04265,2024-02-28,91.88
CUST_02279,2024-02-28,38.44
CUST_00643,2024-02-28,4.84
CUST_01546,2024-02-28,3.82
CUST_03740,2024-02-28,2.77
CUST_02355,2024-02-28,36.47
CUST_00333,2024-02-28,20.51
CUST_04882,2024-02-28,141.21
CUST_04036,2024-02-28,12.56
CUST_04036,2024-02-28,10.37
CUST_03874,2024-02-28,19.35
CUST_02826,2024-02-28,233.77
CUST_00817,2024-02-28,9.73
CUST_02072,2024-02-28,128.97
CUST_02694,2024-02-28,9.19
CUST_02430,2024-02-28,13.63
CUST_04244,2024-02-28,52.93
CUST_02480,2024-02-28,17.04
CUST_00504,2024-02-28,57.32
CUST_00405,2024-02-29,5.74
CUST_02785,2024-02-29,46.09
CUST_02406,2024-02-29,19.56
CUST_00227,2024-02-29,13.06
CUST_04573,2024-02-29,21.82
CUST_01359,2024-02-29,15.24
CUST_01367,2024-02-29,15.33
CUST_03852,2024-02-29,15.88
CUST_01195,2024-02-29,93.48
CUST_01721,2024-02-29,84.71
CUST_03860,2024-02-29,18.0
CUST_02494,2024-02-29,6.57
CUST_01127,2024-02-29,25.19
CUST_04238,2024-02-29,15.65
CUST_01260,2024-02-29,12.33
CUST_04742,2024-02-29,51.04
CUST_03783,2024-02-29,24.11
CUST_01842,2024-02-29,37.89
CUST_04408,2024-02-29,39.48
CUST_00387,2024-02-29,8.01
CUST_04765,2024-03-01,15.04
CUST_01940,2024-03-01,7.48
CUST_02483,2024-03-01,59.2
CUST_03813,2024-03-01,14.99
CUST_03054,2024-03-01,19.54
CUST_03104,2024-03-01,51.03
CUST_02258,2024-03-01,8.16
CUST_03668,2024-03-01,12.48
CUST_00012,2024-03-01,3.97
CUST_00417,2024-03-01,6.68
CUST_03753,2024-03-01,8.15
CUST_04940,2024-03-01,16.26
CUST_04689,2024-03-01,16.2
CUST_00673,2024-03-01,70.32
CUST_04462,2024-03-01,10.07
CUST_04605,2024-03-01,53.26
CUST_02413,2024-03-01,3.27
CUST_04984,2024-03-01,2.07
CUST_03777,2024-03-01,7.53
CUST_02301,2024-03-01,57.55
CUST_02785,2024-03-01,118.17
CUST_04581,2024-03-01,33.12
CUST_04761,2024-03-01,7.75
CUST_01656,2024-03-01,27.6
CUST_01430,2024-03-01,171.05
CUST_04519,2024-03-01,61.85
CUST_02363,2024-03-01,38.93
CUST_00480,2024-03-01,27.01
CUST_03001,2024-03-01,22.11
CUST_01871,2024-03-02,15.16
CUST_00704,2024-03-02,11.04
CUST_01932,2024-03-02,9.5
CUST_03919,2024-03-02,14.36
CUST_01721,2024-03-02,22.46
CUST_03982,2024-03-02,7.62
CUST_02413,2024-03-02,161.23
CUST_02301,2024-03-02,82.95
CUST_00900,2024-03-02,41.5
CUST_04765,2024-03-02,24.1
CUST_04391,2024-03-02,90.82
CUST_00334,2024-03-02,11.12
CUST_04780,2024-03-02,17.3
CUST_01404,2024-03-02,19.22
CUST_00290,2024-03-02,3.79
CUST_04500,2024-03-02,19.48
CUST_03064,2024-03-02,8.26
CUST_03376,2024-03-02,30.0
CUST_01260,2024-03-02,3.84
CUST_02279,2024-03-02,3.09
CUST_00206,2024-03-02,30.15
CUST_03011,2024-03-02,4.88
CUST_02859,2024-03-03,63.5
CUST_03245,2024-03-03,205.01
CUST_00176,2024-03-03,9.85
CUST_00869,2024-03-03,11.08
CUST_02863,2024-03-03,12.57
CUST_00619,2024-03-03,73.2
CUST_03519,2024-03-03,42.98
CUST_02625,2024-03-03,1.0
CUST_01752,2024-03-03,10.2
CUST_04603,2024-03-03,9.5
CUST_03489,2024-03-03,7.73
CUST_00149,2024-03-03,4.75
CUST_04947,2024-03-03,6.04
CUST_02442,2024-03-03,24.04
CUST_01817,2024-03-03,33.16
CUST_01260,2024-03-03,68.25
CUST_03199,2024-03-03,39.75
CUST_02778,2024-03-03,42.61
CUST_01039,2024-03-03,5.22
CUST_03218,2024-03-03,18.42
CUST_04519,2024-03-03,4.5
CUST_04702,2024-03-03,23.64
CUST_00516,2024-03-03,2.68
CUST_04651,2024-03-03,15.43
CUST_04300,2024-03-03,26.58
CUST_02079,2024-03-03,15.55
CUST_02413,2024-03-03,11.8
CUST_04437,2024-03-03,19.22
CUST_02500,2024-03-03,4.84
CUST_04747,2024-03-04,2.17
CUST_04164,2024-03-04,115.55
CUST_03575,2024-03-04,27.71
CUST_01922,2024-03-04,44.63
CUST_04221,2024-03-04,32.52
CUST_04584,2024-03-04,17.93
CUST_03536,2024-03-04,16.76
CUST_04395,2024-03-04,26.82
CUST_02661,2024-03-04,9.17
CUST_02413,2024-03-04,10.84
CUST_00275,2024-03-04,36.31
CUST_03413,2024-03-04,75.37
CUST_03988,2024-03-04,44.79
CUST_01506,2024-03-04,26.8
CUST_03638,2024-03-04,11.83
CUST_04599,2024-03-04,20.37
CUST_00096,2024-03-04,42.03
CUST_01281,2024-03-05,31.09
CUST_02439,2024-03-05,5.84
CUST_04700,2024-03-05,29.44
CUST_04189,2024-03-05,33.15
CUST_04110,2024-03-05,57.14
CUST_00343,2024-03-05,71.11
CUST_04189,2024-03-05,94.35
CUST_02617,2024-03-05,8.98
CUST_03320,2024-03-05,16.01
CUST_03466,2024-03-05,19.54
CUST_01905,2024-03-05,16.98
CUST_00206,2024-03-05,89.09
CUST_01483,2024-03-05,66.04
CUST_02940,2024-03-05,8.61
CUST_03783,2024-03-05,10.53
CUST_01642,2024-03-05,25.64
CUST_04958,2024-03-05,29.0
CUST_00750,2024-03-05,8.96
CUST_02807,2024-03-05,26.09
CUST_04910,2024-03-05,40.58
CUST_03592,2024-03-06,8.61
CUST_04007,2024-03-06,69.79
CUST_01532,2024-03-06,85.69
CUST_02372,2024-03-06,8.8
CUST_02778,2024-03-06,33.17
CUST_01659,2024-03-06,12.25
CUST_04731,2024-03-06,1.48
CUST_04004,2024-03-06,16.57
CUST_03703,2024-03-06,27.44
CUST_04767,2024-03-06,8.86
CUST_02686,2024-03-06,20.33
CUST_04519,2024-03-06,13.31
CUST_00184,2024-03-06,12.87
CUST_03988,2024-03-06,4.8
CUST_02625,2024-03-06,16.11
CUST_03869,2024-03-06,1.56
CUST_03813,2024-03-06,11.46
CUST_01848,2024-03-06,21.97
CUST_04322,2024-03-06,11.13
CUST_03627,2024-03-06,6.22
CUST_00191,2024-03-06,9.54
CUST_04408,2024-03-06,16.36
CUST_04046,2024-03-07,6.54
CUST_03816,2024-03-07,5.12
CUST_00597,2024-03-07,15.86
CUST_01319,2024-03-07,77.35
CUST_03793,2024-03-07,64.71
CUST_04798,2024-03-07,15.12
CUST_04136,2024-03-07,28.61
CUST_01260,2024-03-07,71.12
CUST_04999,2024-03-07,37.26
CUST_02413,2024-03-07,25.68
CUST_02844,2024-03-07,11.23
CUST_03905,2024-03-07,4.64
CUST_00016,2024-03-07,8.96
CUST_00369,2024-03-07,52.65
CUST_04519,2024-03-07,24.92
CUST_02539,2024-03-07,4.71
CUST_04300,2024-03-07,70.42
CUST_03725,2024-03-07,19.49
CUST_01455,2024-03-08,16.62
CUST_04281,2024-03-08,24.05
CUST_04321,2024-03-08,20.91
CUST_00065,2024-03-08,39.52
CUST_02344,2024-03-08,20.82
CUST_02468,2024-03-08,12.5
CUST_02667,2024-03-08,15.97
CUST_02345,2024-03-08,8.85
CUST_04109,2024-03-08,9.56
CUST_02941,2024-03-08,12.44
CUST_03649,2024-03-08,14.36
CUST_03001,2024-03-08,18.99
CUST_01655,2024-03-08,15.67
CUST_01695,2024-03-08,19.36
CUST_03628,2024-03-08,1.97
CUST_00951,2024-03-08,14.1
CUST_04141,2024-03-08,8.67
CUST_03114,2024-03-08,76.36
CUST_01349,2024-03-08,7.33
CUST_04731,2024-03-08,40.7
CUST_02194,2024-03-08,32.34
CUST_03794,2024-03-09,13.68
CUST_01741,2024-03-09,146.96
CUST_03054,2024-03-09,12.5
CUST_01311,2024-03-09,21.25
CUST_00981,2024-03-09,29.61
CUST_02238,2024-03-09,19.43
CUST_04113,2024-03-09,18.09
CUST_03987,2024-03-09,15.55
CUST_04537,2024-03-09,18.54
CUST_02849,2024-03-09,24.6
CUST_03977,2024-03-09,7.17
CUST_03783,2024-03-09,12.08
CUST_03522,2024-03-09,164.8
CUST_00776,2024-03-09,49.52
CUST_02703,2024-03-10,33.57
CUST_04999,2024-03-10,64.04
CUST_01592,2024-03-10,28.66
CUST_00704,2024-03-10,98.21
CUST_02703,2024-03-10,5.36
CUST_04855,2024-03-10,6.13
CUST_03855,2024-03-10,17.78
CUST_04281,2024-03-10,24.57
CUST_03269,2024-03-10,10.51
CUST_03651,2024-03-10,249.02
CUST_01532,2024-03-10,43.2
CUST_03110,2024-03-10,62.52
CUST_00591,2024-03-10,7.97
CUST_02686,2024-03-10,1.73
CUST_04726,2024-03-10,8.62
CUST_03908,2024-03-10,8.37
CUST_02155,2024-03-10,1.39
CUST_01467,2024-03-11,19.7
CUST_03104,2024-03-11,2.19
CUST_02569,2024-03-11,16.94
CUST_04176,2024-03-11,4.17
CUST_04033,2024-03-11,31.4
CUST_03988,2024-03-11,21.57
CUST_03608,2024-03-11,13.02
CUST_04567,2024-03-11,24.41
CUST_02736,2024-03-11,18.11
CUST_02301,2024-03-11,15.76
CUST_02589,2024-03-11,46.44
CUST_03668,2024-03-11,45.59
CUST_02579,2024-03-11,23.0
CUST_04761,2024-03-12,146.96
CUST_04597,2024-03-12,2.37
CUST_00162,2024-03-12,8.74
CUST_02434,2024-03-12,26.68
CUST_02539,2024-03-12,28.37
CUST_04038,2024-03-12,22.41
CUST_04016,2024-03-12,21.56
CUST_03234,2024-03-12,7.01
CUST_01409,2024-03-12,39.81
CUST_02894,2024-03-12,5.78
CUST_01681,2024-03-12,63.28
CUST_00782,2024-03-12,36.53
CUST_04597,2024-03-12,30.59
CUST_01069,2024-03-12,30.42
CUST_01603,2024-03-12,13.48
CUST_03926,2024-03-12,23.57
CUST_01412,2024-03-12,20.65
CUST_04361,2024-03-12,33.74
CUST_03437,2024-03-12,176.37
CUST_00114,2024-03-12,12.61
CUST_01668,2024-03-12,6.84
CUST_04312,2024-03-12,5.56
CUST_02667,2024-03-12,7.48
CUST_03822,2024-03-12,40.5
CUST_01554,2024-03-12,128.67
CUST_03127,2024-03-12,9.24
CUST_04481,2024-03-12,36.72
CUST_00750,2024-03-12,30.66
CUST_01739,2024-03-12,18.39
CUST_00046,2024-03-12,13.96
CUST_04855,2024-03-12,19.32
CUST_03245,2024-03-12,31.04
CUST_03255,2024-03-12,2.24
CUST_02355,2024-03-12,27.01
CUST_03258,2024-03-13,22.73
CUST_04863,2024-03-13,6.7
CUST_03730,2024-03-13,19.26
CUST_04744,2024-03-13,25.37
CUST_00504,2024-03-13,59.92
CUST_04548,2024-03-13,14.63
CUST_00343,2024-03-13,18.85
CUST_03466,2024-03-13,13.22
CUST_03869,2024-03-13,14.7
CUST_04397,2024-03-13,16.1
CUST_00909,2024-03-13,24.8
CUST_01835,2024-03-13,34.47
CUST_03823,2024-03-13,20.58
CUST_04704,2024-03-13,75.48
CUST_03047,2024-03-13,70.94
CUST_01095,2024-03-13,8.94
CUST_02767,2024-03-13,64.19
CUST_01656,2024-03-13,23.74
CUST_00824,2024-03-13,78.36
CUST_02238,2024-03-13,28.5
CUST_04152,2024-03-13,151.68
CUST_02323,2024-03-13,72.76
CUST_03835,2024-03-13,13.9
CUST_04032,2024-03-14,13.49
CUST_04295,2024-03-14,17.92
CUST_04300,2024-03-14,49.01
CUST_00096,2024-03-14,31.52
CUST_03178,2024-03-14,18.5
CUST_04073,2024-03-14,32.3
CUST_01170,2024-03-14,16.9
CUST_03668,2024-03-14,8.61
CUST_02767,2024-03-14,39.42
CUST_02794,2024-03-14,14.83
CUST_02877,2024-03-14,11.49
CUST_00513,2024-03-14,10.99
CUST_00936,2024-03-14,63.47
CUST_00704,2024-03-14,49.32
CUST_02539,2024-03-14,15.82
CUST_02539,2024-03-14,7.51
CUST_04885,2024-03-14,10.0
CUST_02888,2024-03-14,6.25
CUST_01095,2024-03-14,325.68
CUST_01662,2024-03-14,22.07
CUST_02686,2024-03-15,13.74
CUST_02622,2024-03-15,115.01
CUST_01737,2024-03-15,9.16
CUST_02748,2024-03-15,50.38
CUST_00705,2024-03-15,46.45
CUST_01867,2024-03-15,74.46
CUST_01644,2024-03-15,19.5
CUST_02866,2024-03-15,10.63
CUST_02860,2024-03-15,16.22
CUST_00767,2024-03-15,19.57
CUST_02889,2024-03-15,137.01
CUST_01947,2024-03-15,23.08
CUST_03666,2024-03-15,31.55
CUST_00290,2024-03-15,3.01
CUST_02413,2024-03-15,34.83
CUST_01896,2024-03-15,8.59
CUST_02045,2024-03-15,6.4
CUST_04958,2024-03-15,24.35
CUST_02078,2024-03-15,48.19
CUST_00050,2024-03-15,24.05
CUST_03869,2024-03-16,3.32
CUST_01273,2024-03-16,5.08
CUST_00782,2024-03-16,126.21
CUST_04798,2024-03-16,88.87
CUST_03516,2024-03-16,128.23
CUST_00702,2024-03-16,25.71
CUST_04604,2024-03-16,9.26
CUST_01778,2024-03-16,20.56
CUST_01594,2024-03-16,19.42
CUST_01966,2024-03-16,26.81
CUST_04689,2024-03-16,56.33
CUST_02444,2024-03-16,38.62
CUST_00049,2024-03-16,101.09
CUST_00982,2024-03-16,8.93
CUST_04919,2024-03-16,23.16
CUST_02966,2024-03-16,66.66
CUST_00343,2024-03-17,8.45
CUST_01311,2024-03-17,15.34
CUST_04623,2024-03-17,3.03
CUST_04555,2024-03-17,16.83
CUST_02344,2024-03-17,117.18
CUST_03668,2024-03-17,23.46
CUST_04996,2024-03-17,1.77
CUST_03988,2024-03-17,7.78
CUST_03988,2024-03-17,2.63
CUST_00499,2024-03-17,4.47
CUST_04998,2024-03-17,10.39
CUST_04823,2024-03-17,38.15
CUST_00264,2024-03-17,27.2
CUST_00464,2024-03-17,10.7
CUST_01402,2024-03-17,9.77
CUST_02529,2024-03-17,85.93
CUST_00306,2024-03-17,63.51
CUST_02529,2024-03-17,30.64
CUST_04136,2024-03-18,115.27
CUST_01503,2024-03-18,14.93
CUST_03992,2024-03-18,15.43
CUST_00416,2024-03-18,17.44
CUST_01377,2024-03-18,7.46
CUST_04689,2024-03-18,29.74
CUST_04731,2024-03-18,15.84
CUST_01335,2024-03-18,11.36
CUST_02766,2024-03-18,53.7
CUST_00100,2024-03-18,12.95
CUST_03265,2024-03-18,19.46
CUST_03456,2024-03-18,4.58
CUST_04555,2024-03-18,14.26
CUST_00533,2024-03-18,32.89
CUST_01772,2024-03-18,14.57
CUST_02692,2024-03-18,19.79
CUST_03125,2024-03-18,7.25
CUST_03006,2024-03-18,8.4
CUST_00333,2024-03-18,7.33
CUST_00149,2024-03-18,21.74
CUST_01634,2024-03-18,13.01
CUST_00161,2024-03-18,18.3
CUST_03001,2024-03-19,35.72
CUST_01532,2024-03-19,38.81
CUST_03200,2024-03-19,118.66
CUST_02261,2024-03-19,4.56
CUST_03668,2024-03-19,63.88
CUST_04968,2024-03-19,10.04
CUST_00592,2024-03-19,4.2
CUST_03705,2024-03-19,1.57
CUST_00470,2024-03-19,27.35
CUST_00015,2024-03-19,21.6
CUST_01121,2024-03-19,30.39
CUST_02367,2024-03-19,65.78
CUST_03466,2024-03-19,24.8
CUST_03016,2024-03-19,26.97
CUST_02239,2024-03-19,53.8
CUST_04184,2024-03-19,19.69
CUST_02737,2024-03-19,29.46
CUST_02230,2024-03-19,4.38
CUST_02767,2024-03-19,17.69
CUST_03492,2024-03-19,33.78
CUST_01844,2024-03-19,80.56
CUST_02725,2024-03-19,21.23
CUST_03466,2024-03-19,96.47
CUST_02894,2024-03-19,3.77
CUST_02897,2024-03-20,32.56
CUST_03923,2024-03-20,3.15
CUST_00630,2024-03-20,42.66
CUST_02954,2024-03-20,5.73
CUST_01614,2024-03-20,13.17
CUST_03481,2024-03-20,61.84
CUST_03661,2024-03-20,11.68
CUST_02015,2024-03-20,1031.23
CUST_00576,2024-03-20,4.25
CUST_04747,2024-03-20,3.8
CUST_00870,2024-03-20,11.71
CUST_03668,2024-03-20,64.91
CUST_03836,2024-03-20,5.35
CUST_04281,2024-03-20,68.34
CUST_04835,2024-03-20,27.75
CUST_02238,2024-03-20,67.6
CUST_04126,2024-03-20,23.0
CUST_03158,2024-03-20,61.3
CUST_02658,2024-03-20,20.52
CUST_02531,2024-03-20,97.23
CUST_04300,2024-03-20,12.97
CUST_00364,2024-03-20,20.16
CUST_03072,2024-03-20,4.11
CUST_02218,2024-03-21,21.6
CUST_01948,2024-03-21,45.47
CUST_02849,2024-03-21,277.64
CUST_01195,2024-03-21,6.1
CUST_04164,2024-03-21,168.85
CUST_03435,2024-03-21,38.49
CUST_00782,2024-03-21,31.42
CUST_03471,2024-03-21,18.75
CUST_02413,2024-03-21,39.52
CUST_03327,2024-03-21,62.68
CUST_04321,2024-03-21,6.53
CUST_01336,2024-03-21,89.28
CUST_02301,2024-03-21,58.67
CUST_03063,2024-03-21,37.2
CUST_03988,2024-03-21,3.48
CUST_01041,2024-03-21,10.03
CUST_04273,2024-03-21,21.5
CUST_02177,2024-03-21,19.11
CUST_02807,2024-03-21,61.76
CUST_04136,2024-03-21,1.77
CUST_04936,2024-03-21,16.42
CUST_00168,2024-03-21,7.21
CUST_01108,2024-03-21,4.27
CUST_03026,2024-03-21,7.14
CUST_04109,2024-03-21,7.98
CUST_00934,2024-03-21,96.02
CUST_01319,2024-03-22,29.23
CUST_03726,2024-03-22,7.86
CUST_03562,2024-03-22,4.69
CUST_00479,2024-03-22,71.1
CUST_04689,2024-03-22,57.35
CUST_01449,2024-03-22,6.0
CUST_04712,2024-03-22,65.48
CUST_04087,2024-03-22,14.18
CUST_01412,2024-03-22,14.69
CUST_03605,2024-03-22,103.42
CUST_01328,2024-03-22,7.82
CUST_02288,2024-03-22,58.42
CUST_01230,2024-03-22,195.47
CUST_00346,2024-03-22,6.85
CUST_02539,2024-03-22,9.56
CUST_04623,2024-03-22,15.54
CUST_04603,2024-03-22,16.51
CUST_00579,2024-03-22,44.1
CUST_01175,2024-03-22,16.24
CUST_00127,2024-03-22,8.47
CUST_03245,2024-03-22,97.49
CUST_00574,2024-03-22,9.08
CUST_04321,2024-03-22,24.52
CUST_00333,2024-03-22,8.15
CUST_02785,2024-03-22,52.59
CUST_01872,2024-03-22,22.58
CUST_00912,2024-03-22,20.03
CUST_02737,2024-03-22,171.02
CUST_02741,2024-03-22,22.73
CUST_01678,2024-03-22,172.42
CUST_01149,2024-03-22,2.37
CUST_01575,2024-03-23,19.5
CUST_04360,2024-03-23,17.73
CUST_04310,2024-03-23,16.17
CUST_01314,2024-03-23,21.65
CUST_04261,2024-03-23,35.99
CUST_04038,2024-03-23,34.67
CUST_04171,2024-03-23,9.8
CUST_01615,2024-03-23,92.55
CUST_01319,2024-03-23,19.18
CUST_04495,2024-03-23,12.71
CUST_01158,2024-03-23,4.45
CUST_01178,2024-03-23,22.01
CUST_02930,2024-03-23,6.04
CUST_04899,2024-03-23,5.57
CUST_01769,2024-03-23,22.03
CUST_00191,2024-03-23,30.36
CUST_02686,2024-03-23,6.27
CUST_02316,2024-03-23,16.61
CUST_04744,2024-03-23,18.25
CUST_00403,2024-03-23,26.47
CUST_04866,2024-03-23,11.36
CUST_03668,2024-03-23,51.27
CUST_02725,2024-03-23,9.95
CUST_00068,2024-03-23,12.05
CUST_01721,2024-03-23,7.32
CUST_03032,2024-03-23,5.28
CUST_02284,2024-03-23,7.35
CUST_00246,2024-03-23,9.9
CUST_00442,2024-03-23,6.71
CUST_03014,2024-03-23,54.7
CUST_01662,2024-03-23,26.7
CUST_04372,2024-03-24,9.94
CUST_02435,2024-03-24,13.95
CUST_02592,2024-03-24,67.97
CUST_02301,2024-03-24,10.07
CUST_04171,2024-03-24,14.87
CUST_03214,2024-03-24,8.35
CUST_00767,2024-03-24,94.86
CUST_00376,2024-03-24,7.0
CUST_04001,2024-03-24,11.47
CUST_01532,2024-03-24,4.02
CUST_01532,2024-03-24,15.1
CUST_02531,2024-03-24,38.5
CUST_04855,2024-03-24,9.62
CUST_02422,2024-03-24,40.34
CUST_04189,2024-03-24,10.2
CUST_04919,2024-03-24,9.48
CUST_03894,2024-03-24,11.55
CUST_01407,2024-03-24,9.12
CUST_03843,2024-03-24,12.35
CUST_02124,2024-03-24,17.5
CUST_03102,2024-03-24,87.86
CUST_01741,2024-03-25,22.18
CUST_04490,2024-03-25,3.63
CUST_00598,2024-03-25,7.53
CUST_03926,2024-03-25,30.64
CUST_01503,2024-03-25,24.91
CUST_00351,2024-03-25,29.54
CUST_00491,2024-03-25,17.31
CUST_00719,2024-03-25,3.59
CUST_02846,2024-03-25,31.19
CUST_04281,2024-03-25,23.82
CUST_04940,2024-03-25,93.28
CUST_01579,2024-03-25,38.51
CUST_04027,2024-03-25,11.87
CUST_03150,2024-03-25,17.64
CUST_02235,2024-03-25,41.93
CUST_03988,2024-03-25,35.31
CUST_02189,2024-03-25,35.98
CUST_04189,2024-03-26,6.35
CUST_03607,2024-03-26,60.97
CUST_03684,2024-03-26,36.2
CUST_02097,2024-03-26,23.17
CUST_03790,2024-03-26,26.52
CUST_03396,2024-03-26,12.26
CUST_01532,2024-03-26,6.93
CUST_04128,2024-03-26,45.86
CUST_04347,2024-03-26,31.44
CUST_03326,2024-03-26,24.51
CUST_02531,2024-03-26,15.46
CUST_04334,2024-03-26,9.32
CUST_00982,2024-03-26,37.26
CUST_03988,2024-03-26,28.25
CUST_02529,2024-03-26,26.16
CUST_00903,2024-03-26,125.02
CUST_01594,2024-03-26,73.54
CUST_03014,2024-03-26,15.99
CUST_00846,2024-03-26,37.68
CUST_04372,2024-03-26,26.21
CUST_02467,2024-03-26,31.38
CUST_04300,2024-03-26,70.7
CUST_03336,2024-03-27,21.51
CUST_00383,2024-03-27,4.18
CUST_00162,2024-03-27,16.6
CUST_04300,2024-03-27,34.84
CUST_01422,2024-03-27,82.35
CUST_03710,2024-03-27,24.93
CUST_01544,2024-03-27,24.73
CUST_04555,2024-03-27,2.72
CUST_04757,2024-03-27,12.7
CUST_04700,2024-03-27,68.86
CUST_00965,2024-03-27,10.16
CUST_01907,2024-03-27,19.09
CUST_00491,2024-03-27,22.91
CUST_03895,2024-03-27,48.23
CUST_00665,2024-03-27,16.74
CUST_00229,2024-03-27,20.46
CUST_03506,2024-03-28,174.02
CUST_04519,2024-03-28,45.78
CUST_03990,2024-03-28,41.69
CUST_02442,2024-03-28,4.74
CUST_03138,2024-03-28,21.0
CUST_01543,2024-03-28,145.95
CUST_04260,2024-03-28,78.08
CUST_01483,2024-03-28,26.9
CUST_04807,2024-03-28,8.47
CUST_00072,2024-03-28,37.79
CUST_01455,2024-03-28,24.65
CUST_02087,2024-03-28,13.34
CUST_01772,2024-03-28,11.26
CUST_02413,2024-03-28,118.44
CUST_02910,2024-03-28,29.65
CUST_04593,2024-03-28,14.1
CUST_04164,2024-03-28,77.5
CUST_03163,2024-03-28,27.14
CUST_03826,2024-03-28,9.76
CUST_02794,2024-03-29,11.75
CUST_04682,2024-03-29,22.68
CUST_04038,2024-03-29,121.17
CUST_02815,2024-03-29,17.53
CUST_02825,2024-03-29,1.3
CUST_03755,2024-03-29,21.93
CUST_01639,2024-03-29,32.34
CUST_02442,2024-03-29,31.34
CUST_04027,2024-03-29,160.6
CUST_03319,2024-03-29,21.03
CUST_00617,2024-03-29,8.64
CUST_00853,2024-03-29,9.37
CUST_03311,2024-03-29,126.26
CUST_04753,2024-03-29,3.52
CUST_03471,2024-03-29,13.33
CUST_04010,2024-03-29,95.5
CUST_00369,2024-03-29,4.58
CUST_01614,2024-03-29,19.02
CUST_04027,2024-03-29,15.59
CUST_04743,2024-03-29,137.61
CUST_03129,2024-03-29,19.91
CUST_01089,2024-03-29,2.67
CUST_03983,2024-03-29,9.83
CUST_02413,2024-03-30,90.08
CUST_03328,2024-03-30,9.81
CUST_01898,2024-03-30,40.53
CUST_00809,2024-03-30,27.48
CUST_03668,2024-03-30,26.67
CUST_02539,2024-03-30,63.73
CUST_03668,2024-03-30,44.6
CUST_01158,2024-03-30,11.39
CUST_04164,2024-03-30,3.22
CUST_00767,2024-03-30,9.07
CUST_04516,2024-03-30,25.96
CUST_03019,2024-03-30,16.56
CUST_03710,2024-03-30,13.97
CUST_03690,2024-03-30,16.76
CUST_04189,2024-03-30,213.12
CUST_01721,2024-03-30,2.66
CUST_01842,2024-03-30,21.91
CUST_03988,2024-03-30,232.5
CUST_01575,2024-03-30,19.04
CUST_01855,2024-03-30,12.88
CUST_01656,2024-03-30,44.35
CUST_01594,2024-03-30,6.63
CUST_00679,2024-03-30,30.29
CUST_04190,2024-03-31,15.72
CUST_01463,2024-03-31,6.63
CUST_00181,2024-03-31,11.2
CUST_03988,2024-03-31,24.39
CUST_03711,2024-03-31,18.01
CUST_02290,2024-03-31,16.31
CUST_04244,2024-03-31,24.56
CUST_04331,2024-03-31,297.78
CUST_00990,2024-03-31,24.89
CUST_00916,2024-03-31,5.68
CUST_02901,2024-03-31,8.57
CUST_04924,2024-03-31,16.37
CUST_00632,2024-03-31,14.37
CUST_01614,2024-03-31,8.84
CUST_02703,2024-03-31,33.06
CUST_00752,2024-03-31,15.48
CUST_00368,2024-03-31,16.41
CUST_00053,2024-03-31,4.4
CUST_00967,2024-03-31,19.46
CUST_02943,2024-03-31,3.91
CUST_00511,2024-03-31,23.91
CUST_04995,2024-04-01,2.51
CUST_02456,2024-04-01,102.08
CUST_01017,2024-04-01,10.99
CUST_03471,2024-04-01,6.84
CUST_03456,2024-04-01,35.26
CUST_03988,2024-04-01,13.07
CUST_01639,2024-04-01,12.32
CUST_03668,2024-04-01,15.78
CUST_03967,2024-04-01,4.45
CUST_03846,2024-04-01,16.51
CUST_01811,2024-04-01,17.06
CUST_04321,2024-04-01,17.8
CUST_00982,2024-04-01,22.96
CUST_04636,2024-04-01,31.48
CUST_01138,2024-04-01,8.57
CUST_03135,2024-04-01,2.45
CUST_03799,2024-04-01,75.46
CUST_02980,2024-04-01,26.27
CUST_04679,2024-04-01,179.82
CUST_03109,2024-04-01,62.16
CUST_03536,2024-04-01,10.17
CUST_00491,2024-04-01,59.88
CUST_03808,2024-04-01,7.88
CUST_04616,2024-04-01,15.71
CUST_01467,2024-04-01,43.13
CUST_01995,2024-04-01,12.5
CUST_00382,2024-04-01,19.14
CUST_00772,2024-04-01,5.7
CUST_02248,2024-04-01,4.15
CUST_03076,2024-04-01,2.05
CUST_02301,2024-04-01,7.13
CUST_03497,2024-04-02,13.82
CUST_01769,2024-04-02,7.5
CUST_03343,2024-04-02,7.3
CUST_03895,2024-04-02,31.67
CUST_04153,2024-04-02,20.18
CUST_02238,2024-04-02,25.43
CUST_04864,2024-04-02,17.39
CUST_02748,2024-04-02,20.27
CUST_01849,2024-04-02,66.2
CUST_02806,2024-04-02,35.17
CUST_03608,2024-04-02,50.26
CUST_00745,2024-04-02,17.2
CUST_01506,2024-04-02,19.84
CUST_04169,2024-04-02,5.69
CUST_03955,2024-04-02,21.63
CUST_01322,2024-04-02,40.68
CUST_02590,2024-04-02,15.62
CUST_01988,2024-04-02,16.45
CUST_04345,2024-04-02,20.13
CUST_00882,2024-04-03,6.97
CUST_04400,2024-04-03,46.52
CUST_02413,2024-04-03,52.92
CUST_02413,2024-04-03,8.93
CUST_04896,2024-04-03,19.32
CUST_00287,2024-04-03,44.24
CUST_01950,2024-04-03,19.67
CUST_01260,2024-04-03,16.16
CUST_02623,2024-04-03,18.69
CUST_04140,2024-04-03,36.66
CUST_03489,2024-04-03,9.98
CUST_04593,2024-04-03,9.7
CUST_02330,2024-04-03,11.51
CUST_00384,2024-04-03,48.75
CUST_02764,2024-04-03,15.33
CUST_01998,2024-04-03,16.55
CUST_03506,2024-04-03,6.96
CUST_04911,2024-04-03,10.73
CUST_03536,2024-04-03,5.45
CUST_04520,2024-04-03,13.58
CUST_04391,2024-04-03,4.12
CUST_00915,2024-04-03,55.1
CUST_02284,2024-04-03,96.52
CUST_00546,2024-04-03,42.86
CUST_01407,2024-04-03,22.7
CUST_02832,2024-04-03,38.55
CUST_04519,2024-04-03,34.03
CUST_01610,2024-04-03,7.26
CUST_04984,2024-04-03,7.99
CUST_04982,2024-04-03,6.15
CUST_04513,2024-04-04,114.89
CUST_00263,2024-04-04,49.24
CUST_00327,2024-04-04,22.96
CUST_00043,2024-04-04,42.11
CUST_02239,2024-04-04,59.59
CUST_02427,2024-04-04,5.21
CUST_00916,2024-04-04,13.0
CUST_03536,2024-04-04,8.14
CUST_00974,2024-04-04,20.79
CUST_01245,2024-04-04,40.99
CUST_01114,2024-04-04,19.95
CUST_03988,2024-04-04,7.16
CUST_01114,2024-04-04,11.14
CUST_01258,2024-04-04,12.41
CUST_03001,2024-04-04,7.92
CUST_01285,2024-04-04,17.24
CUST_02228,2024-04-04,5.46
CUST_03919,2024-04-04,6.96
CUST_04623,2024-04-04,75.09
CUST_01114,2024-04-04,30.52
CUST_04848,2024-04-04,52.81
CUST_01316,2024-04-04,41.37
CUST_01656,2024-04-04,12.37
CUST_04531,2024-04-04,32.62
CUST_03808,2024-04-04,10.72
CUST_02578,2024-04-04,49.55
CUST_01295,2024-04-05,20.48
CUST_01781,2024-04-05,15.38
CUST_02392,2024-04-05,10.71
CUST_00651,2024-04-05,6.78
CUST_00615,2024-04-05,15.47
CUST_00333,2024-04-05,33.58
CUST_04987,2024-04-05,53.37
CUST_02748,2024-04-05,18.12
CUST_02826,2024-04-05,6.8
CUST_04150,2024-04-05,29.1
CUST_04657,2024-04-05,116.8
CUST_02398,2024-04-05,3.87
CUST_03455,2024-04-05,8.79
CUST_03439,2024-04-05,8.75
CUST_01858,2024-04-05,71.0
CUST_04300,2024-04-05,45.96
CUST_03391,2024-04-05,16.58
CUST_04893,2024-04-05,15.97
CUST_02440,2024-04-05,31.66
CUST_02539,2024-04-06,10.12
CUST_02442,2024-04-06,41.23
CUST_02292,2024-04-06,20.57
CUST_04408,2024-04-06,34.04
CUST_00716,2024-04-06,40.1
CUST_03493,2024-04-06,37.74
CUST_03391,2024-04-06,34.77
CUST_02482,2024-04-06,1.8
CUST_03807,2024-04-06,27.38
CUST_04741,2024-04-06,79.96
CUST_01997,2024-04-06,39.51
CUST_03320,2024-04-06,7.08
CUST_02686,2024-04-06,4.49
CUST_04088,2024-04-06,14.41
CUST_02513,2024-04-07,15.67
CUST_00162,2024-04-07,283.07
CUST_01347,2024-04-07,19.21
CUST_02522,2024-04-07,11.4
CUST_01375,2024-04-07,31.34
CUST_01956,2024-04-07,21.48
CUST_01430,2024-04-07,10.13
CUST_04700,2024-04-07,12.74
CUST_01017,2024-04-07,15.43
CUST_03783,2024-04-07,22.23
CUST_04136,2024-04-07,45.35
CUST_03855,2024-04-07,10.03
CUST_02037,2024-04-07,24.6
CUST_02494,2024-04-07,32.99
CUST_03668,2024-04-07,110.29
CUST_02796,2024-04-07,16.41
CUST_04994,2024-04-07,14.56
CUST_02667,2024-04-07,5.85
CUST_02639,2024-04-07,11.44
CUST_04425,2024-04-07,113.08
CUST_02220,2024-04-07,42.63
CUST_01195,2024-04-07,35.88
CUST_00435,2024-04-07,11.83
CUST_02272,2024-04-08,17.31
CUST_03014,2024-04-08,99.74
CUST_00647,2024-04-08,10.87
CUST_01210,2024-04-08,66.21
CUST_03813,2024-04-08,50.43
CUST_00344,2024-04-08,6.6
CUST_03826,2024-04-08,45.23
CUST_04689,2024-04-08,37.86
CUST_04782,2024-04-08,15.34
CUST_04396,2024-04-08,14.97
CUST_04744,2024-04-08,82.08
CUST_02340,2024-04-08,41.69
CUST_02052,2024-04-08,125.52
CUST_02945,2024-04-08,80.76
CUST_04440,2024-04-08,60.0
CUST_02079,2024-04-08,12.41
CUST_02889,2024-04-08,2.99
CUST_02571,2024-04-08,2.16
CUST_04578,2024-04-08,28.37
CUST_00744,2024-04-08,9.63
CUST_01879,2024-04-08,24.52
CUST_03108,2024-04-09,17.02
CUST_04831,2024-04-09,21.15
CUST_00272,2024-04-09,85.26
CUST_04392,2024-04-09,11.96
CUST_04919,2024-04-09,15.37
CUST_04808,2024-04-09,5.74
CUST_01744,2024-04-09,23.6
CUST_00173,2024-04-09,11.31
CUST_02686,2024-04-09,9.01
CUST_03317,2024-04-09,15.5
CUST_02301,2024-04-09,59.18
CUST_02413,2024-04-09,13.68
CUST_02602,2024-04-09,3.22
CUST_01180,2024-04-09,76.88
CUST_03471,2024-04-09,7.02
CUST_04455,2024-04-09,8.78
CUST_03958,2024-04-09,268.13
CUST_02078,2024-04-09,46.44
CUST_02234,2024-04-09,35.7
CUST_03731,2024-04-09,62.52
CUST_02024,2024-04-09,18.89
CUST_03063,2024-04-09,14.28
CUST_03067,2024-04-09,34.0
CUST_01846,2024-04-09,10.63
CUST_02951,2024-04-09,69.27
CUST_02207,2024-04-09,23.6
CUST_03019,2024-04-09,31.14
CUST_02748,2024-04-09,8.32
CUST_03885,2024-04-10,3.82
CUST_01540,2024-04-10,28.7
CUST_00129,2024-04-10,123.09
CUST_03442,2024-04-10,18.26
CUST_01260,2024-04-10,10.37
CUST_00385,2024-04-10,1.6
CUST_03860,2024-04-10,15.66
CUST_03054,2024-04-10,26.14
CUST_00162,2024-04-10,7.35
CUST_00760,2024-04-10,11.37
CUST_02301,2024-04-10,26.21
CUST_00380,2024-04-10,29.81
CUST_00396,2024-04-10,23.28
CUST_04919,2024-04-10,9.6
CUST_02237,2024-04-10,5.18
CUST_04420,2024-04-10,8.19
CUST_04108,2024-04-10,49.65
CUST_01444,2024-04-10,115.16
CUST_03161,2024-04-11,23.36
CUST_01949,2024-04-11,62.24
CUST_04141,2024-04-11,17.74
CUST_01699,2024-04-11,9.12
CUST_03276,2024-04-11,24.81
CUST_02806,2024-04-11,6.74
CUST_03783,2024-04-11,1.93
CUST_01069,2024-04-11,24.25
CUST_02344,2024-04-11,40.95
CUST_03061,2024-04-11,9.11
CUST_01639,2024-04-11,22.88
CUST_03272,2024-04-11,7.78
CUST_01166,2024-04-11,31.28
CUST_00159,2024-04-11,2.05
CUST_01704,2024-04-11,19.76
CUST_04126,2024-04-11,209.46
CUST_03688,2024-04-11,105.93
CUST_03691,2024-04-11,14.13
CUST_01639,2024-04-11,81.95
CUST_02032,2024-04-11,4.49
CUST_03707,2024-04-11,34.35
CUST_04726,2024-04-12,40.37
CUST_04281,2024-04-12,34.19
CUST_00934,2024-04-12,40.23
CUST_00630,2024-04-12,11.86
CUST_04737,2024-04-12,21.37
CUST_02180,2024-04-12,32.65
CUST_02627,2024-04-12,11.84
CUST_02980,2024-04-12,19.98
CUST_01241,2024-04-12,27.7
CUST_01260,2024-04-12,15.5
CUST_03763,2024-04-12,6.87
CUST_02802,2024-04-12,4.87
CUST_03725,2024-04-12,15.33
CUST_02101,2024-04-12,67.65
CUST_02142,2024-04-12,37.79
CUST_04098,2024-04-12,18.44
CUST_03763,2024-04-12,14.43
CUST_03179,2024-04-12,42.28
CUST_02413,2024-04-12,17.51
CUST_04300,2024-04-12,44.78
CUST_01776,2024-04-12,9.62
CUST_00676,2024-04-12,8.14
CUST_02724,2024-04-12,20.39
CUST_00376,2024-04-12,18.49
CUST_04503,2024-04-12,1.13
CUST_04300,2024-04-12,15.76
CUST_00596,2024-04-12,16.25
CUST_03102,2024-04-13,9.27
CUST_02297,2024-04-13,22.17
CUST_03197,2024-04-13,6.92
CUST_00022,2024-04-13,13.42
CUST_03418,2024-04-13,66.34
CUST_00791,2024-04-13,47.65
CUST_03410,2024-04-13,13.67
CUST_02300,2024-04-13,6.63
CUST_02584,2024-04-13,29.8
CUST_01343,2024-04-13,43.3
CUST_04731,2024-04-13,5.88
CUST_02703,2024-04-13,59.09
CUST_01513,2024-04-13,6.84
CUST_03844,2024-04-13,13.65
CUST_04745,2024-04-13,37.28
CUST_03831,2024-04-13,76.15
CUST_00696,2024-04-13,27.54
CUST_00917,2024-04-13,26.04
CUST_02550,2024-04-13,14.32
CUST_00023,2024-04-13,6.91
CUST_00567,2024-04-13,25.07
CUST_00773,2024-04-13,19.57
CUST_02331,2024-04-13,5.86
CUST_03126,2024-04-14,20.89
CUST_03240,2024-04-14,32.33
CUST_02610,2024-04-14,9.96
CUST_03919,2024-04-14,39.61
CUST_02707,2024-04-14,7.5
CUST_00591,2024-04-14,11.47
CUST_03686,2024-04-14,6.46
CUST_04128,2024-04-14,216.87
CUST_03218,2024-04-14,32.23
CUST_03821,2024-04-14,9.22
CUST_02071,2024-04-14,4.0
CUST_00385,2024-04-14,55.32
CUST_01721,2024-04-14,27.56
CUST_00544,2024-04-14,17.71
CUST_00866,2024-04-14,3.24
CUST_02696,2024-04-14,11.14
CUST_03930,2024-04-14,28.92
CUST_03548,2024-04-14,4.79
CUST_01271,2024-04-14,9.31
CUST_02945,2024-04-14,101.34
CUST_04555,2024-04-14,21.88
CUST_01101,2024-04-14,7.16
CUST_01357,2024-04-14,15.7
CUST_01680,2024-04-14,81.15
CUST_04189,2024-04-14,8.13
CUST_04610,2024-04-14,36.81
CUST_01978,2024-04-15,16.33
CUST_02539,2024-04-15,77.14
CUST_02895,2024-04-15,14.13
CUST_04172,2024-04-15,51.43
CUST_02921,2024-04-15,10.18
CUST_04098,2024-04-15,4.03
CUST_02964,2024-04-15,42.95
CUST_01164,2024-04-15,41.79
CUST_04994,2024-04-15,3.9
CUST_01656,2024-04-15,3.13
CUST_01846,2024-04-15,186.65
CUST_01686,2024-04-15,152.21
CUST_03075,2024-04-15,7.37
CUST_00793,2024-04-15,9.37
CUST_02881,2024-04-15,50.2
CUST_03132,2024-04-15,75.76
CUST_00578,2024-04-15,39.15
CUST_04584,2024-04-15,9.33
CUST_02351,2024-04-15,10.84
CUST_02413,2024-04-15,6.73
CUST_01717,2024-04-15,17.36
CUST_00729,2024-04-15,3.12
CUST_00395,2024-04-15,5.38
CUST_02367,2024-04-15,2.63
CUST_02357,2024-04-15,27.04
CUST_03503,2024-04-15,22.91
CUST_02234,2024-04-15,9.97
CUST_02638,2024-04-16,4.32
CUST_04936,2024-04-16,3.34
CUST_00063,2024-04-16,48.49
CUST_02737,2024-04-16,23.82
CUST_00630,2024-04-16,16.33
CUST_02063,2024-04-16,27.64
CUST_04133,2024-04-16,15.17
CUST_04131,2024-04-16,28.02
CUST_01322,2024-04-16,29.74
CUST_03340,2024-04-16,677.2
CUST_00659,2024-04-16,9.01
CUST_04767,2024-04-16,16.18
CUST_04735,2024-04-16,13.93
CUST_02873,2024-04-16,13.57
CUST_00621,2024-04-16,66.78
CUST_04623,2024-04-16,21.49
CUST_00650,2024-04-16,24.21
CUST_04735,2024-04-16,26.57
CUST_01372,2024-04-16,26.89
CUST_02830,2024-04-16,12.76
CUST_03673,2024-04-16,18.3
CUST_01224,2024-04-16,14.38
CUST_04104,2024-04-16,6.6
CUST_04584,2024-04-16,15.57
CUST_02539,2024-04-17,23.02
CUST_01656,2024-04-17,54.11
CUST_04483,2024-04-17,32.49
CUST_03320,2024-04-17,46.23
CUST_04033,2024-04-17,34.46
CUST_04260,2024-04-17,4.04
CUST_04141,2024-04-17,2.7
CUST_00773,2024-04-17,22.57
CUST_02748,2024-04-17,4.59
CUST_02638,2024-04-17,15.34
CUST_02047,2024-04-17,22.51
CUST_02103,2024-04-17,9.84
CUST_02610,2024-04-17,22.77
CUST_00272,2024-04-17,5.34
CUST_02135,2024-04-17,17.81
CUST_02539,2024-04-17,30.57
CUST_04919,2024-04-17,3.62
CUST_04727,2024-04-17,16.06
CUST_00873,2024-04-17,33.7
CUST_00928,2024-04-17,11.6
CUST_00411,2024-04-17,24.47
CUST_03245,2024-04-17,62.26
CUST_04999,2024-04-18,1.0
CUST_02917,2024-04-18,12.09
CUST_04584,2024-04-18,32.23
CUST_02728,2024-04-18,24.22
CUST_04873,2024-04-18,180.82
CUST_04300,2024-04-18,54.0
CUST_01528,2024-04-18,43.29
CUST_01785,2024-04-18,36.06
CUST_00598,2024-04-18,15.54
CUST_02318,2024-04-18,41.97
CUST_01504,2024-04-18,90.64
CUST_03329,2024-04-18,37.92
CUST_04137,2024-04-18,4.36
CUST_02124,2024-04-18,15.16
CUST_04125,2024-04-18,12.88
CUST_04699,2024-04-18,8.47
CUST_04519,2024-04-18,62.99
CUST_04726,2024-04-19,49.49
CUST_04189,2024-04-19,91.62
CUST_01532,2024-04-19,16.73
CUST_01051,2024-04-19,37.49
CUST_04725,2024-04-19,15.58
CUST_01047,2024-04-19,23.41
CUST_02603,2024-04-19,50.49
CUST_02482,2024-04-19,31.36
CUST_00149,2024-04-19,166.06
CUST_00306,2024-04-19,26.33
CUST_04114,2024-04-19,8.7
CUST_02873,2024-04-19,21.74
CUST_03562,2024-04-19,27.37
CUST_01898,2024-04-19,82.28
CUST_03988,2024-04-19,53.83
CUST_00970,2024-04-19,27.44
CUST_02226,2024-04-19,17.41
CUST_02667,2024-04-19,2.32
CUST_03300,2024-04-19,6.92
CUST_00275,2024-04-19,13.83
CUST_02299,2024-04-19,16.64
CUST_00435,2024-04-19,6.58
CUST_00824,2024-04-19,8.71
CUST_02672,2024-04-19,30.84
CUST_01260,2024-04-20,16.27
CUST_02204,2024-04-20,61.5
CUST_04402,2024-04-20,6.52
CUST_00065,2024-04-20,20.55
CUST_03328,2024-04-20,14.59
CUST_00149,2024-04-20,44.96
CUST_01089,2024-04-20,17.29
CUST_00144,2024-04-20,9.77
CUST_03583,2024-04-20,4.02
CUST_04141,2024-04-20,39.74
CUST_03096,2024-04-20,18.47
CUST_04834,2024-04-20,20.29
CUST_00587,2024-04-20,19.38
CUST_01909,2024-04-20,19.34
CUST_04189,2024-04-20,29.68
CUST_04975,2024-04-20,16.91
CUST_03688,2024-04-20,118.61
CUST_00853,2024-04-20,49.77
CUST_02480,2024-04-20,22.18
CUST_04391,2024-04-20,23.98
CUST_01554,2024-04-21,24.88
CUST_02284,2024-04-21,43.31
CUST_00345,2024-04-21,17.97
CUST_01772,2024-04-21,3.55
CUST_02705,2024-04-21,27.89
CUST_01560,2024-04-21,12.17
CUST_03661,2024-04-21,8.11
CUST_02235,2024-04-21,79.09
CUST_04243,2024-04-21,69.28
CUST_03064,2024-04-21,11.54
CUST_04771,2024-04-21,50.95
CUST_02703,2024-04-21,18.07
CUST_00159,2024-04-21,6.61
CUST_01206,2024-04-21,3.36
CUST_03221,2024-04-21,4.62
CUST_00161,2024-04-21,7.08
CUST_01412,2024-04-21,153.02
CUST_02810,2024-04-21,4.3
CUST_03691,2024-04-21,9.7
CUST_01704,2024-04-21,45.87
CUST_04244,2024-04-21,6.1
CUST_04812,2024-04-21,66.29
CUST_02806,2024-04-22,28.78
CUST_04189,2024-04-22,155.37
CUST_00639,2024-04-22,38.32
CUST_04776,2024-04-22,18.33
CUST_02305,2024-04-22,6.76
CUST_03941,2024-04-22,36.56
CUST_04145,2024-04-22,47.03
CUST_02301,2024-04-22,29.74
CUST_03585,2024-04-22,19.63
CUST_04994,2024-04-22,28.09
CUST_03869,2024-04-22,31.43
CUST_00630,2024-04-22,54.09
CUST_01845,2024-04-22,18.12
CUST_00099,2024-04-22,29.23
CUST_02539,2024-04-22,21.83
CUST_04300,2024-04-22,49.75
CUST_04300,2024-04-22,28.31
CUST_00906,2024-04-22,24.78
CUST_01211,2024-04-22,3.41
CUST_03574,2024-04-22,16.53
CUST_02413,2024-04-22,3.69
CUST_04519,2024-04-22,44.87
CUST_02667,2024-04-22,48.65
CUST_03931,2024-04-22,11.86
CUST_03383,2024-04-22,1.0
CUST_04822,2024-04-22,8.67
CUST_04244,2024-04-22,16.1
CUST_02539,2024-04-22,8.57
CUST_03658,2024-04-22,37.22
CUST_04899,2024-04-23,27.27
CUST_02539,2024-04-23,30.15
CUST_02806,2024-04-23,22.55
CUST_00356,2024-04-23,41.13
CUST_00643,2024-04-23,14.39
CUST_03669,2024-04-23,91.04
CUST_04689,2024-04-23,10.18
CUST_01155,2024-04-23,19.12
CUST_04252,2024-04-23,15.27
CUST_03418,2024-04-23,23.98
CUST_01639,2024-04-23,28.34
CUST_03526,2024-04-23,4.57
CUST_02482,2024-04-23,9.11
CUST_01356,2024-04-23,3.86
CUST_04939,2024-04-23,15.32
CUST_02828,2024-04-23,44.35
CUST_04713,2024-04-23,17.07
CUST_03725,2024-04-23,30.88
CUST_04742,2024-04-23,10.76
CUST_03245,2024-04-23,20.86
CUST_00767,2024-04-23,27.89
CUST_02529,2024-04-23,74.08
CUST_04620,2024-04-23,4.98
CUST_04378,2024-04-24,128.18
CUST_03584,2024-04-24,9.44
CUST_01454,2024-04-24,68.61
CUST_00432,2024-04-24,59.64
CUST_00504,2024-04-24,5.71
CUST_02996,2024-04-24,39.98
CUST_01778,2024-04-24,13.94
CUST_04970,2024-04-24,33.94
CUST_00008,2024-04-24,3.61
CUST_00048,2024-04-24,39.04
CUST_01375,2024-04-24,18.2
CUST_00643,2024-04-24,23.94
CUST_01094,2024-04-24,18.25
CUST_03867,2024-04-24,9.48
CUST_01170,2024-04-24,22.05
CUST_03119,2024-04-24,55.96
CUST_04873,2024-04-24,27.25
CUST_03520,2024-04-24,22.32
CUST_02656,2024-04-24,15.47
CUST_02413,2024-04-24,19.46
CUST_01126,2024-04-24,21.62
CUST_03997,2024-04-24,7.43
CUST_00652,2024-04-24,25.64
CUST_01835,2024-04-25,14.95
CUST_00161,2024-04-25,24.38
CUST_02812,2024-04-25,25.04
CUST_04365,2024-04-25,7.34
CUST_02368,2024-04-25,39.24
CUST_03456,2024-04-25,65.84
CUST_00060,2024-04-25,7.9
CUST_04210,2024-04-25,139.21
CUST_03866,2024-04-25,46.4
CUST_04300,2024-04-25,89.09
CUST_04323,2024-04-25,52.13
CUST_04391,2024-04-25,16.64
CUST_01404,2024-04-25,4.37
CUST_02595,2024-04-25,33.71
CUST_02707,2024-04-25,13.11
CUST_01425,2024-04-25,36.82
CUST_00206,2024-04-25,96.41
CUST_02075,2024-04-25,148.97
CUST_04300,2024-04-25,18.24
CUST_03668,2024-04-26,4.09
CUST_01260,2024-04-26,43.36
CUST_00462,2024-04-26,27.89
CUST_03729,2024-04-26,39.15
CUST_04519,2024-04-26,74.33
CUST_04519,2024-04-26,3.47
CUST_02503,2024-04-26,41.38
CUST_03327,2024-04-26,22.96
CUST_02654,2024-04-26,42.92
CUST_03988,2024-04-26,55.09
CUST_04111,2024-04-26,13.3
CUST_02156,2024-04-26,6.73
CUST_00170,2024-04-26,20.97
CUST_03668,2024-04-26,21.5
CUST_00571,2024-04-26,4.65
CUST_04677,2024-04-26,45.22
CUST_04677,2024-04-26,55.83
CUST_03988,2024-04-26,282.27
CUST_04189,2024-04-26,14.61
CUST_04410,2024-04-26,1.5
CUST_00209,2024-04-26,138.47
CUST_00385,2024-04-26,9.9
CUST_02913,2024-04-26,11.95
CUST_01272,2024-04-26,7.74
CUST_00658,2024-04-26,12.51
CUST_01347,2024-04-26,65.58
CUST_03116,2024-04-26,11.31
CUST_00500,2024-04-26,18.51
CUST_01656,2024-04-26,7.88
CUST_00333,2024-04-26,3.26
CUST_01148,2024-04-27,27.05
CUST_02539,2024-04-27,13.07
CUST_03869,2024-04-27,9.41
CUST_01068,2024-04-27,3.85
CUST_04877,2024-04-27,40.36
CUST_04848,2024-04-27,15.75
CUST_02928,2024-04-27,5.14
CUST_02579,2024-04-27,32.34
CUST_00232,2024-04-27,52.34
CUST_02590,2024-04-27,19.76
CUST_01065,2024-04-27,69.04
CUST_03753,2024-04-27,31.4
CUST_01114,2024-04-27,24.21
CUST_02369,2024-04-27,16.47
CUST_03727,2024-04-27,22.27
CUST_01028,2024-04-27,55.6
CUST_02539,2024-04-27,27.59
CUST_00382,2024-04-27,12.12
CUST_01656,2024-04-27,6.64
CUST_02748,2024-04-27,8.32
CUST_01772,2024-04-27,79.17
CUST_00188,2024-04-28,49.78
CUST_01846,2024-04-28,93.07
CUST_04098,2024-04-28,7.61
CUST_02576,2024-04-28,10.17
CUST_03783,2024-04-28,4.75
CUST_00009,2024-04-28,89.87
CUST_04098,2024-04-28,15.24
CUST_04593,2024-04-28,42.96
CUST_02518,2024-04-28,6.48
CUST_03098,2024-04-28,51.53
CUST_04321,2024-04-28,30.57
CUST_03650,2024-04-28,15.01
CUST_00143,2024-04-28,23.74
CUST_00876,2024-04-28,67.45
CUST_04926,2024-04-28,8.91
CUST_03046,2024-04-28,40.84
CUST_02703,2024-04-28,4.38
CUST_03890,2024-04-28,20.88
CUST_01051,2024-04-28,8.81
CUST_04519,2024-04-28,12.37
CUST_04460,2024-04-28,10.69
CUST_03592,2024-04-28,71.87
CUST_03580,2024-04-28,58.89
CUST_01549,2024-04-28,8.57
CUST_01234,2024-04-28,16.15
CUST_00946,2024-04-28,30.23
CUST_03536,2024-04-28,58.45
CUST_00724,2024-04-28,11.77
CUST_04795,2024-04-28,16.32
CUST_03054,2024-04-29,30.65
CUST_01066,2024-04-29,8.08
CUST_04067,2024-04-29,2.08
CUST_03466,2024-04-29,89.02
CUST_02703,2024-04-29,12.38
CUST_02529,2024-04-29,27.7
CUST_02216,2024-04-29,79.5
CUST_02782,2024-04-29,10.3
CUST_02900,2024-04-29,57.06
CUST_04228,2024-04-29,29.34
CUST_02166,2024-04-29,19.44
CUST_02529,2024-04-29,2.63
CUST_02413,2024-04-29,7.72
CUST_03391,2024-04-29,5.71
CUST_02812,2024-04-29,5.85
CUST_03368,2024-04-29,35.96
CUST_03919,2024-04-29,10.52
CUST_01017,2024-04-29,14.88
CUST_02727,2024-04-29,18.02
CUST_01532,2024-04-29,10.04
CUST_04999,2024-04-29,26.58
CUST_00676,2024-04-29,3.6
CUST_04675,2024-04-30,20.03
CUST_03300,2024-04-30,35.84
CUST_04059,2024-04-30,12.5
CUST_04109,2024-04-30,5.91
CUST_02832,2024-04-30,4.22
CUST_04241,2024-04-30,26.29
CUST_03869,2024-04-30,40.63
CUST_00982,2024-04-30,18.78
CUST_00975,2024-04-30,222.86
CUST_01079,2024-04-30,6.06
CUST_04860,2024-04-30,2.44
CUST_04074,2024-04-30,10.5
CUST_01026,2024-04-30,10.56
CUST_02413,2024-04-30,50.8
CUST_02691,2024-04-30,44.49
CUST_00974,2024-04-30,13.7
CUST_00082,2024-04-30,48.41
CUST_03040,2024-04-30,11.04
CUST_01861,2024-04-30,14.9
CUST_02014,2024-04-30,35.62
CUST_02064,2024-04-30,74.59
CUST_02563,2024-05-01,15.71
CUST_03797,2024-05-01,23.65
CUST_02759,2024-05-01,37.12
CUST_01400,2024-05-01,2.84
CUST_02833,2024-05-01,8.69
CUST_04338,2024-05-01,9.67
CUST_01114,2024-05-01,61.11
CUST_04915,2024-05-01,13.37
CUST_04111,2024-05-01,6.7
CUST_03019,2024-05-01,2.85
CUST_02485,2024-05-01,105.65
CUST_01519,2024-05-01,16.85
CUST_02993,2024-05-01,4.48
CUST_01686,2024-05-01,36.83
CUST_02308,2024-05-01,31.05
CUST_03950,2024-05-01,11.16
CUST_00133,2024-05-01,18.53
CUST_02413,2024-05-01,15.16
CUST_02242,2024-05-01,40.26
CUST_00862,2024-05-01,11.13
CUST_00264,2024-05-02,7.84
CUST_01159,2024-05-02,10.35
CUST_04621,2024-05-02,20.04
CUST_00243,2024-05-02,50.4
CUST_03961,2024-05-02,27.77
CUST_01017,2024-05-02,15.32
CUST_03381,2024-05-02,1.4
CUST_00471,2024-05-02,55.4
CUST_01260,2024-05-02,6.44
CUST_04594,2024-05-02,48.51
CUST_01553,2024-05-02,53.92
CUST_02364,2024-05-02,23.77
CUST_00321,2024-05-02,37.89
CUST_01130,2024-05-02,47.47
CUST_02975,2024-05-02,12.2
CUST_03296,2024-05-02,8.02
CUST_02024,2024-05-02,2.98
CUST_03783,2024-05-02,106.7
CUST_04563,2024-05-02,24.42
CUST_04886,2024-05-02,86.79
CUST_03017,2024-05-02,15.29
CUST_01401,2024-05-03,12.4
CUST_04872,2024-05-03,23.37
CUST_04998,2024-05-03,27.72
CUST_04519,2024-05-03,31.54
CUST_04708,2024-05-03,9.64
CUST_01654,2024-05-03,7.65
CUST_01786,2024-05-03,34.01
CUST_03232,2024-05-03,28.25
CUST_01737,2024-05-03,80.25
CUST_04281,2024-05-03,31.97
CUST_01114,2024-05-03,5.21
CUST_00728,2024-05-03,5.86
CUST_01137,2024-05-03,212.91
CUST_04994,2024-05-03,17.8
CUST_04101,2024-05-03,27.01
CUST_00333,2024-05-03,16.81
CUST_03808,2024-05-03,21.64
CUST_01844,2024-05-03,29.04
CUST_02494,2024-05-03,29.16
CUST_02703,2024-05-03,12.33
CUST_00909,2024-05-03,15.54
CUST_00830,2024-05-03,15.61
CUST_02482,2024-05-03,62.59
CUST_03783,2024-05-03,27.88
CUST_02301,2024-05-04,126.55
CUST_04725,2024-05-04,10.55
CUST_01170,2024-05-04,9.23
CUST_02243,2024-05-04,5.12
CUST_02208,2024-05-04,8.0
CUST_01733,2024-05-04,5.92
CUST_00071,2024-05-04,17.43
CUST_01800,2024-05-04,73.08
CUST_00676,2024-05-04,23.98
CUST_01683,2024-05-04,18.68
CUST_01854,2024-05-04,13.33
CUST_04340,2024-05-04,9.84
CUST_01357,2024-05-04,17.94
CUST_03812,2024-05-04,10.27
CUST_02138,2024-05-04,19.85
CUST_00134,2024-05-04,59.26
CUST_02512,2024-05-04,13.92
CUST_04835,2024-05-04,16.78
CUST_04189,2024-05-04,4.02
CUST_00974,2024-05-05,32.86
CUST_03217,2024-05-05,9.48
CUST_03813,2024-05-05,3.73
CUST_03783,2024-05-05,11.88
CUST_01354,2024-05-05,8.75
CUST_03751,2024-05-05,1.12
CUST_04915,2024-05-05,9.71
CUST_01114,2024-05-05,3.5
CUST_00336,2024-05-05,1.66
CUST_02324,2024-05-05,26.46
CUST_03783,2024-05-05,3.68
CUST_03599,2024-05-05,13.64
CUST_03268,2024-05-05,4.52
CUST_02100,2024-05-05,12.12
CUST_02269,2024-05-05,30.27
CUST_00639,2024-05-05,1.0
CUST_04807,2024-05-05,39.28
CUST_02539,2024-05-05,36.74
CUST_03757,2024-05-05,105.66
CUST_03063,2024-05-05,35.45
CUST_00048,2024-05-05,43.59
CUST_04170,2024-05-05,10.73
CUST_02413,2024-05-05,27.35
CUST_02240,2024-05-05,17.43
CUST_02413,2024-05-05,78.85
CUST_04271,2024-05-05,29.67
CUST_00973,2024-05-06,52.14
CUST_02991,2024-05-06,45.78
CUST_01721,2024-05-06,9.08
CUST_04136,2024-05-06,9.97
CUST_01186,2024-05-06,17.87
CUST_02550,2024-05-06,54.09
CUST_00094,2024-05-06,3.96
CUST_03526,2024-05-06,9.06
CUST_03320,2024-05-06,62.6
CUST_01693,2024-05-06,3.26
CUST_02690,2024-05-06,12.56
CUST_02667,2024-05-06,31.74
CUST_00705,2024-05-06,41.03
CUST_04824,2024-05-06,17.66
CUST_01767,2024-05-06,5.23
CUST_02651,2024-05-06,23.98
CUST_03237,2024-05-06,8.96
CUST_02707,2024-05-06,8.3
CUST_00605,2024-05-07,2.35
CUST_02430,2024-05-07,10.73
CUST_02966,2024-05-07,22.51
CUST_03867,2024-05-07,23.69
CUST_00385,2024-05-07,24.36
CUST_04108,2024-05-07,22.37
CUST_03779,2024-05-07,39.15
CUST_02250,2024-05-07,5.73
CUST_04391,2024-05-07,21.02
CUST_03711,2024-05-07,10.64
CUST_00333,2024-05-07,8.56
CUST_01381,2024-05-07,9.52
CUST_04215,2024-05-07,21.88
CUST_03864,2024-05-07,54.42
CUST_04205,2024-05-07,49.44
CUST_01273,2024-05-07,2.71
CUST_01573,2024-05-08,31.01
CUST_04700,2024-05-08,17.3
CUST_00680,2024-05-08,5.97
CUST_03270,2024-05-08,8.66
CUST_04562,2024-05-08,14.4
CUST_04300,2024-05-08,56.86
CUST_01552,2024-05-08,9.55
CUST_03766,2024-05-08,48.02
CUST_01792,2024-05-08,16.6
CUST_02890,2024-05-08,24.86
CUST_00158,2024-05-08,20.67
CUST_00574,2024-05-08,18.66
CUST_00794,2024-05-08,33.96
CUST_02239,2024-05-08,7.49
CUST_04155,2024-05-08,20.08
CUST_03063,2024-05-08,8.49
CUST_00466,2024-05-08,27.29
CUST_03705,2024-05-08,11.87
CUST_02668,2024-05-08,68.29
CUST_04741,2024-05-08,16.04
CUST_01715,2024-05-08,16.96
CUST_01394,2024-05-08,20.04
CUST_02206,2024-05-08,18.33
CUST_02703,2024-05-09,17.86
CUST_01775,2024-05-09,40.53
CUST_03668,2024-05-09,12.54
CUST_02710,2024-05-09,51.29
CUST_02272,2024-05-09,17.35
CUST_02672,2024-05-09,8.6
CUST_02506,2024-05-09,1.0
CUST_04557,2024-05-09,2.62
CUST_00537,2024-05-09,18.87
CUST_03987,2024-05-09,3.44
CUST_04246,2024-05-09,30.62
CUST_02686,2024-05-09,6.89
CUST_02707,2024-05-09,77.38
CUST_01614,2024-05-09,3.36
CUST_00877,2024-05-09,22.0
CUST_04651,2024-05-09,228.81
CUST_01604,2024-05-09,7.84
CUST_03732,2024-05-09,108.98
CUST_03063,2024-05-09,26.84
CUST_03919,2024-05-09,19.39
CUST_02823,2024-05-09,43.52
CUST_04593,2024-05-09,46.78
CUST_04114,2024-05-09,33.06
CUST_02849,2024-05-09,2.11
CUST_01656,2024-05-09,19.24
CUST_04281,2024-05-09,44.37
CUST_04141,2024-05-09,19.32
CUST_02848,2024-05-09,38.18
CUST_04308,2024-05-09,28.05
CUST_03543,2024-05-09,7.93
CUST_00010,2024-05-10,27.0
CUST_03988,2024-05-10,24.82
CUST_01922,2024-05-10,121.14
CUST_00185,2024-05-10,10.8
CUST_04651,2024-05-10,15.08
CUST_03919,2024-05-10,19.7
CUST_04832,2024-05-10,60.97
CUST_01594,2024-05-10,118.61
CUST_04292,2024-05-10,11.71
CUST_04557,2024-05-10,13.85
CUST_01270,2024-05-10,17.07
CUST_04798,2024-05-10,23.52
CUST_02252,2024-05-10,71.5
CUST_01499,2024-05-10,3.11
CUST_03327,2024-05-10,13.75
CUST_01073,2024-05-11,127.21
CUST_02980,2024-05-11,11.38
CUST_00813,2024-05-11,40.48
CUST_04855,2024-05-11,19.0
CUST_03961,2024-05-11,46.79
CUST_02415,2024-05-11,2.16
CUST_02044,2024-05-11,35.7
CUST_03054,2024-05-11,2.8
CUST_02703,2024-05-11,22.69
CUST_00948,2024-05-11,15.26
CUST_04823,2024-05-11,14.99
CUST_03905,2024-05-11,11.93
CUST_03814,2024-05-11,65.13
CUST_04027,2024-05-11,62.5
CUST_04408,2024-05-11,32.12
CUST_03752,2024-05-11,3.03
CUST_02006,2024-05-11,27.49
CUST_01573,2024-05-11,112.66
CUST_00069,2024-05-11,22.52
CUST_03216,2024-05-11,25.84
CUST_04572,2024-05-11,18.15
CUST_02568,2024-05-11,4.03
CUST_01195,2024-05-11,18.1
CUST_04623,2024-05-11,14.96
CUST_01155,2024-05-11,48.17
CUST_03279,2024-05-11,57.09
CUST_03744,2024-05-11,20.2
CUST_00379,2024-05-11,8.74
CUST_00417,2024-05-11,20.7
CUST_04250,2024-05-11,26.02
CUST_00766,2024-05-11,50.67
CUST_02427,2024-05-12,18.79
CUST_00150,2024-05-12,5.3
CUST_03276,2024-05-12,117.6
CUST_04347,2024-05-12,104.38
CUST_04300,2024-05-12,14.26
CUST_00770,2024-05-12,11.59
CUST_03063,2024-05-12,121.3
CUST_00192,2024-05-12,54.03
CUST_00084,2024-05-12,15.08
CUST_04885,2024-05-12,5.8
CUST_03691,2024-05-12,39.12
CUST_01291,2024-05-12,70.61
CUST_02583,2024-05-12,14.83
CUST_04117,2024-05-12,37.73
CUST_04678,2024-05-12,66.96
CUST_04429,2024-05-12,38.1
CUST_04999,2024-05-12,21.72
CUST_00617,2024-05-12,23.7
CUST_02966,2024-05-12,2.02
CUST_01605,2024-05-12,11.3
CUST_04896,2024-05-13,11.09
CUST_04999,2024-05-13,7.52
CUST_04058,2024-05-13,6.91
CUST_02806,2024-05-13,67.55
CUST_01595,2024-05-13,23.55
CUST_02539,2024-05-13,135.25
CUST_04180,2024-05-13,67.74
CUST_01198,2024-05-13,2.39
CUST_04284,2024-05-13,18.52
CUST_03127,2024-05-13,6.71
CUST_03783,2024-05-13,18.99
CUST_00721,2024-05-13,27.74
CUST_02642,2024-05-13,97.91
CUST_04300,2024-05-13,12.63
CUST_03384,2024-05-13,8.43
CUST_01074,2024-05-14,30.82
CUST_04339,2024-05-14,39.35
CUST_01532,2024-05-14,13.77
CUST_03543,2024-05-14,10.69
CUST_02061,2024-05-14,6.78
CUST_02703,2024-05-14,15.84
CUST_00815,2024-05-14,19.83
CUST_01158,2024-05-14,34.65
CUST_01170,2024-05-14,16.61
CUST_01909,2024-05-14,29.85
CUST_04112,2024-05-14,6.32
CUST_04607,2024-05-14,16.15
CUST_01786,2024-05-14,137.31
CUST_03836,2024-05-14,7.75
CUST_00598,2024-05-14,3.39
CUST_01701,2024-05-14,8.41
CUST_04762,2024-05-14,13.86
CUST_02370,2024-05-14,88.2
CUST_02165,2024-05-14,11.07
CUST_01195,2024-05-14,20.76
CUST_03927,2024-05-15,90.35
CUST_04185,2024-05-15,29.85
CUST_02608,2024-05-15,44.0
CUST_01466,2024-05-15,37.22
CUST_02806,2024-05-15,31.13
CUST_00143,2024-05-15,10.04
CUST_00027,2024-05-15,8.88
CUST_01620,2024-05-15,19.99
CUST_04519,2024-05-15,96.9
CUST_01507,2024-05-15,41.65
CUST_01591,2024-05-15,82.36
CUST_03221,2024-05-15,26.31
CUST_01340,2024-05-15,11.05
CUST_00663,2024-05-15,64.26
CUST_03582,2024-05-15,33.72
CUST_00998,2024-05-15,18.0
CUST_03139,2024-05-15,68.18
CUST_03793,2024-05-15,64.62
CUST_01016,2024-05-15,21.15
CUST_03169,2024-05-15,3.75
CUST_00385,2024-05-15,29.36
CUST_02089,2024-05-15,90.9
CUST_01541,2024-05-15,5.14
CUST_03245,2024-05-15,12.89
CUST_02529,2024-05-15,21.82
CUST_02579,2024-05-15,29.61
CUST_01430,2024-05-15,15.46
CUST_00333,2024-05-16,17.12
CUST_04652,2024-05-16,1.13
CUST_02098,2024-05-16,66.63
CUST_01012,2024-05-16,40.97
CUST_03953,2024-05-16,33.81
CUST_01009,2024-05-16,23.94
CUST_00740,2024-05-16,164.23
CUST_04300,2024-05-16,19.93
CUST_00872,2024-05-16,11.15
CUST_03988,2024-05-16,21.54
CUST_01186,2024-05-16,10.31
CUST_02421,2024-05-16,19.92
CUST_03429,2024-05-16,7.64
CUST_04449,2024-05-16,10.23
CUST_00630,2024-05-16,7.48
CUST_00705,2024-05-16,3.97
CUST_01730,2024-05-16,37.25
CUST_01692,2024-05-16,45.54
CUST_03783,2024-05-16,53.8
CUST_01172,2024-05-16,25.72
CUST_02731,2024-05-16,6.96
CUST_03913,2024-05-16,32.06
CUST_01650,2024-05-17,99.67
CUST_01644,2024-05-17,17.64
CUST_03705,2024-05-17,4.21
CUST_04634,2024-05-17,26.22
CUST_03209,2024-05-17,40.73
CUST_03384,2024-05-17,24.59
CUST_04885,2024-05-17,13.66
CUST_02676,2024-05-17,5.99
CUST_00491,2024-05-17,19.24
CUST_04025,2024-05-17,12.08
CUST_03327,2024-05-17,35.2
CUST_03813,2024-05-17,80.54
CUST_00183,2024-05-17,8.75
CUST_03113,2024-05-17,5.95
CUST_00642,2024-05-17,9.78
CUST_02905,2024-05-18,238.96
CUST_04141,2024-05-18,12.59
CUST_03466,2024-05-18,4.34
CUST_01919,2024-05-18,82.98
CUST_04116,2024-05-18,12.68
CUST_01949,2024-05-18,17.9
CUST_04276,2024-05-18,16.15
CUST_03919,2024-05-18,24.13
CUST_02046,2024-05-18,24.0
CUST_00182,2024-05-18,126.65
CUST_04753,2024-05-18,39.76
CUST_00283,2024-05-18,6.93
CUST_03002,2024-05-18,13.9
CUST_02413,2024-05-18,4.55
CUST_00682,2024-05-18,32.86
CUST_04664,2024-05-18,31.79
CUST_04681,2024-05-18,90.88
CUST_03132,2024-05-18,17.66
CUST_04244,2024-05-18,13.37
CUST_04927,2024-05-19,62.03
CUST_04244,2024-05-19,7.01
CUST_03153,2024-05-19,11.56
CUST_02686,2024-05-19,32.12
CUST_04908,2024-05-19,50.05
CUST_01860,2024-05-19,12.28
CUST_03637,2024-05-19,3.35
CUST_00480,2024-05-19,22.08
CUST_01639,2024-05-19,8.73
CUST_02806,2024-05-19,20.09
CUST_04598,2024-05-19,24.16
CUST_01037,2024-05-19,32.06
CUST_00756,2024-05-19,24.98
CUST_04151,2024-05-19,67.64
CUST_04383,2024-05-19,13.23
CUST_01294,2024-05-19,45.6
CUST_02139,2024-05-19,24.09
CUST_02080,2024-05-19,4.66
CUST_01039,2024-05-19,22.87
CUST_01074,2024-05-19,3.1
CUST_03278,2024-05-19,9.73
CUST_03170,2024-05-19,21.75
CUST_00012,2024-05-19,9.49
CUST_00558,2024-05-19,21.05
CUST_01701,2024-05-19,3.12
CUST_03869,2024-05-20,2.31
CUST_02686,2024-05-20,66.46
CUST_03988,2024-05-20,3.93
CUST_04896,2024-05-20,152.47
CUST_04109,2024-05-20,7.71
CUST_02590,2024-05-20,27.67
CUST_03783,2024-05-20,281.24
CUST_02686,2024-05-20,13.95
CUST_00686,2024-05-20,6.65
CUST_00739,2024-05-20,25.94
CUST_02124,2024-05-20,29.36
CUST_00957,2024-05-20,42.36
CUST_03320,2024-05-20,24.06
CUST_03152,2024-05-20,48.65
CUST_02209,2024-05-20,101.79
CUST_03368,2024-05-20,8.63
CUST_04387,2024-05-20,8.26
CUST_04947,2024-05-20,46.51
CUST_00012,2024-05-20,36.17
CUST_00064,2024-05-20,27.71
CUST_03527,2024-05-21,9.04
CUST_01532,2024-05-21,58.04
CUST_03355,2024-05-21,472.52
CUST_00161,2024-05-21,4.76
CUST_00508,2024-05-21,6.41
CUST_03520,2024-05-21,44.59
CUST_00206,2024-05-21,12.44
CUST_04119,2024-05-21,90.31
CUST_01455,2024-05-21,11.31
CUST_01520,2024-05-21,24.19
CUST_03783,2024-05-21,133.23
CUST_02245,2024-05-21,14.45
CUST_03787,2024-05-21,32.95
CUST_02279,2024-05-21,27.82
CUST_02703,2024-05-21,29.85
CUST_04364,2024-05-21,5.13
CUST_03771,2024-05-21,27.38
CUST_03160,2024-05-21,117.34
CUST_03615,2024-05-21,2.69
CUST_01050,2024-05-21,32.61
CUST_04281,2024-05-21,11.4
CUST_04071,2024-05-21,10.35
CUST_01489,2024-05-21,20.46
CUST_02413,2024-05-21,9.73
CUST_01195,2024-05-21,53.09
CUST_03019,2024-05-22,88.25
CUST_04391,2024-05-22,72.54
CUST_03926,2024-05-22,51.0
CUST_02545,2024-05-22,31.31
CUST_04300,2024-05-22,19.88
CUST_02391,2024-05-22,62.17
CUST_04607,2024-05-22,18.72
CUST_03001,2024-05-22,5.11
CUST_04397,2024-05-22,42.97
CUST_02523,2024-05-22,14.71
CUST_02047,2024-05-22,16.48
CUST_01592,2024-05-22,86.24
CUST_04209,2024-05-22,40.92
CUST_04276,2024-05-22,12.71
CUST_03485,2024-05-22,27.02
CUST_00541,2024-05-22,22.23
CUST_02424,2024-05-22,20.97
CUST_03429,2024-05-22,5.43
CUST_04855,2024-05-22,3.76
CUST_03063,2024-05-22,7.33
CUST_04365,2024-05-22,49.35
CUST_00611,2024-05-22,12.75
CUST_04426,2024-05-22,11.86
CUST_02355,2024-05-22,5.42
CUST_00652,2024-05-22,18.44
CUST_02980,2024-05-22,5.38
CUST_04415,2024-05-22,12.45
CUST_02760,2024-05-23,18.18
CUST_00949,2024-05-23,4.09
CUST_01246,2024-05-23,12.04
CUST_04260,2024-05-23,63.69
CUST_03145,2024-05-23,1.0
CUST_02757,2024-05-23,17.94
CUST_02980,2024-05-23,12.48
CUST_04889,2024-05-23,57.64
CUST_04519,2024-05-23,12.12
CUST_01016,2024-05-23,74.5
CUST_04129,2024-05-23,11.94
CUST_04122,2024-05-23,4.23
CUST_03668,2024-05-23,39.74
CUST_04141,2024-05-23,4.27
CUST_02384,2024-05-23,37.15
CUST_04091,2024-05-23,141.35
CUST_03514,2024-05-23,11.15
CUST_01532,2024-05-23,32.31
CUST_03720,2024-05-23,36.35
CUST_01094,2024-05-24,20.16
CUST_04136,2024-05-24,25.91
CUST_02047,2024-05-24,12.83
CUST_02724,2024-05-24,5.17
CUST_02826,2024-05-24,26.22
CUST_04747,2024-05-24,38.96
CUST_02689,2024-05-24,181.97
CUST_00333,2024-05-24,22.23
CUST_00271,2024-05-24,14.66
CUST_02870,2024-05-24,13.42
CUST_02234,2024-05-24,34.4
CUST_03988,2024-05-24,9.79
CUST_03988,2024-05-24,48.41
CUST_00702,2024-05-24,122.51
CUST_01519,2024-05-24,13.22
CUST_01446,2024-05-24,45.73
CUST_01657,2024-05-24,15.22
CUST_03858,2024-05-24,2.8
CUST_02301,2024-05-24,39.11
CUST_04312,2024-05-24,18.7
CUST_01320,2024-05-24,17.44
CUST_03228,2024-05-24,2.1
CUST_03526,2024-05-24,43.9
CUST_00297,2024-05-25,9.07
CUST_04118,2024-05-25,30.02
CUST_02131,2024-05-25,21.2
CUST_01260,2024-05-25,11.21
CUST_02024,2024-05-25,3.57
CUST_00274,2024-05-25,21.15
CUST_02469,2024-05-25,20.77
CUST_04593,2024-05-25,70.78
CUST_02539,2024-05-25,32.16
CUST_02966,2024-05-25,83.15
CUST_04365,2024-05-25,6.61
CUST_04026,2024-05-25,15.84
CUST_01273,2024-05-25,34.21
CUST_04458,2024-05-25,30.3
CUST_02707,2024-05-25,9.92
CUST_02766,2024-05-25,13.49
CUST_03377,2024-05-25,61.4
CUST_04301,2024-05-25,7.11
CUST_03592,2024-05-25,9.82
CUST_00571,2024-05-25,25.63
CUST_00271,2024-05-25,45.27
CUST_03662,2024-05-25,19.38
CUST_00083,2024-05-25,19.37
CUST_04821,2024-05-26,108.57
CUST_02703,2024-05-26,6.7
CUST_02806,2024-05-26,5.31
CUST_02413,2024-05-26,24.07
CUST_02672,2024-05-26,9.96
CUST_01234,2024-05-26,12.04
CUST_04608,2024-05-26,51.72
CUST_04484,2024-05-26,6.35
CUST_02159,2024-05-26,13.66
CUST_03412,2024-05-26,11.61
CUST_03988,2024-05-26,6.04
CUST_01542,2024-05-26,48.63
CUST_02672,2024-05-26,9.63
CUST_00251,2024-05-26,56.63
CUST_02605,2024-05-26,2.52
CUST_04300,2024-05-26,31.95
CUST_00178,2024-05-26,4.15
CUST_04136,2024-05-26,82.58
CUST_04994,2024-05-26,45.2
CUST_03926,2024-05-26,4.13
CUST_03852,2024-05-26,29.86
CUST_03063,2024-05-26,11.55
CUST_01819,2024-05-26,35.93
CUST_01430,2024-05-26,13.07
CUST_00591,2024-05-27,109.31
CUST_04001,2024-05-27,28.4
CUST_03008,2024-05-27,8.21
CUST_00580,2024-05-27,37.96
CUST_04138,2024-05-27,9.14
CUST_04321,2024-05-27,20.07
CUST_04603,2024-05-27,19.27
CUST_01490,2024-05-27,3.2
CUST_02529,2024-05-27,3.8
CUST_02405,2024-05-27,36.02
CUST_03456,2024-05-27,14.55
CUST_01840,2024-05-27,9.76
CUST_04408,2024-05-27,26.67
CUST_01315,2024-05-27,49.61
CUST_03465,2024-05-27,27.57
CUST_01772,2024-05-28,6.65
CUST_02216,2024-05-28,14.61
CUST_00443,2024-05-28,78.38
CUST_03668,2024-05-28,14.3
CUST_02413,2024-05-28,27.45
CUST_03783,2024-05-28,8.27
CUST_04604,2024-05-28,4.57
CUST_03666,2024-05-28,15.29
CUST_00376,2024-05-28,29.15
CUST_01745,2024-05-28,33.51
CUST_02572,2024-05-28,31.86
CUST_00541,2024-05-28,20.93
CUST_03132,2024-05-28,11.62
CUST_00543,2024-05-28,19.25
CUST_04593,2024-05-28,13.13
CUST_04228,2024-05-28,8.44
CUST_01422,2024-05-28,45.03
CUST_04593,2024-05-28,63.7
CUST_03658,2024-05-28,15.29
CUST_03352,2024-05-28,111.62
CUST_00704,2024-05-28,12.75
CUST_04300,2024-05-28,35.27
CUST_03081,2024-05-28,2.82
CUST_01110,2024-05-28,48.49
CUST_02806,2024-05-28,2.81
CUST_02759,2024-05-28,25.39
CUST_04300,2024-05-28,6.5
CUST_01186,2024-05-28,1.13
CUST_02861,2024-05-28,50.91
CUST_03025,2024-05-28,37.25
CUST_01656,2024-05-29,27.17
CUST_00304,2024-05-29,16.48
CUST_04999,2024-05-29,31.12
CUST_03977,2024-05-29,33.48
CUST_04721,2024-05-29,36.58
CUST_04073,2024-05-29,10.96
CUST_04383,2024-05-29,22.26
CUST_00576,2024-05-29,170.44
CUST_00809,2024-05-29,43.24
CUST_01422,2024-05-29,7.94
CUST_02873,2024-05-29,13.41
CUST_02427,2024-05-29,43.18
CUST_02864,2024-05-29,43.34
CUST_01241,2024-05-29,19.29
CUST_00206,2024-05-29,10.01
CUST_00835,2024-05-29,397.68
CUST_02699,2024-05-29,52.77
CUST_04075,2024-05-29,9.07
CUST_00333,2024-05-30,18.2
CUST_03645,2024-05-30,13.49
CUST_03022,2024-05-30,6.23
CUST_04716,2024-05-30,11.77
CUST_03783,2024-05-30,12.23
CUST_03571,2024-05-30,37.0
CUST_00971,2024-05-30,17.78
CUST_03821,2024-05-30,7.83
CUST_02143,2024-05-30,22.13
CUST_01694,2024-05-30,9.75
CUST_03211,2024-05-30,6.31
CUST_01352,2024-05-30,28.21
CUST_02667,2024-05-30,15.91
CUST_04285,2024-05-30,58.68
CUST_00767,2024-05-30,2.4
CUST_03448,2024-05-30,3.18
CUST_02785,2024-05-30,9.77
CUST_00281,2024-05-30,19.11
CUST_04141,2024-05-30,30.97
CUST_03300,2024-05-30,4.82
CUST_02413,2024-05-30,60.55
CUST_01347,2024-05-30,28.13
CUST_02707,2024-05-30,29.77
CUST_03436,2024-05-30,117.77
CUST_01451,2024-05-30,51.09
CUST_03283,2024-05-31,43.19
CUST_04315,2024-05-31,44.76
CUST_02316,2024-05-31,7.53
CUST_02105,2024-05-31,28.61
CUST_03588,2024-05-31,40.87
CUST_04623,2024-05-31,8.89
CUST_01590,2024-05-31,7.62
CUST_03993,2024-05-31,55.48
CUST_04300,2024-05-31,17.35
CUST_02223,2024-05-31,8.71
CUST_01712,2024-05-31,5.32
CUST_01016,2024-05-31,50.25
CUST_01846,2024-05-31,43.6
CUST_03756,2024-05-31,8.08
CUST_00728,2024-05-31,35.85
CUST_00638,2024-05-31,62.6
CUST_00156,2024-05-31,4.65
CUST_03263,2024-05-31,231.67
CUST_02812,2024-05-31,28.23
CUST_03668,2024-06-01,225.46
CUST_04593,2024-06-01,108.12
CUST_03895,2024-06-01,131.09
CUST_01858,2024-06-01,21.24
CUST_04747,2024-06-01,46.48
CUST_01472,2024-06-01,169.2
CUST_00102,2024-06-01,13.3
CUST_01430,2024-06-01,6.87
CUST_04281,2024-06-01,27.21
CUST_02006,2024-06-01,25.98
CUST_02832,2024-06-01,16.91
CUST_04297,2024-06-01,22.65
CUST_01838,2024-06-01,12.99
CUST_00587,2024-06-01,83.4
CUST_03456,2024-06-01,38.04
CUST_00953,2024-06-01,21.86
CUST_03024,2024-06-02,4.83
CUST_01441,2024-06-02,35.47
CUST_03020,2024-06-02,5.44
CUST_04244,2024-06-02,33.05
CUST_04244,2024-06-02,35.69
CUST_03919,2024-06-02,38.93
CUST_01976,2024-06-02,38.48
CUST_01628,2024-06-02,62.55
CUST_02413,2024-06-02,47.81
CUST_03358,2024-06-02,9.66
CUST_01558,2024-06-02,35.17
CUST_01535,2024-06-02,18.52
CUST_03668,2024-06-02,50.19
CUST_02466,2024-06-02,6.77
CUST_03214,2024-06-02,68.01
CUST_04281,2024-06-02,1.95
CUST_04986,2024-06-02,2.47
CUST_00704,2024-06-02,18.06
CUST_01440,2024-06-02,16.75
CUST_02278,2024-06-02,42.1
CUST_01051,2024-06-02,46.06
CUST_01724,2024-06-02,15.02
CUST_02128,2024-06-02,65.41
CUST_02539,2024-06-02,52.28
CUST_04519,2024-06-02,143.33
CUST_01594,2024-06-02,6.19
CUST_00385,2024-06-03,56.55
CUST_01292,2024-06-03,3.82
CUST_04735,2024-06-03,9.56
CUST_01007,2024-06-03,26.39
CUST_03732,2024-06-03,9.23
CUST_04534,2024-06-03,41.14
CUST_02183,2024-06-03,21.62
CUST_04272,2024-06-03,121.31
CUST_00598,2024-06-03,23.04
CUST_02305,2024-06-03,13.31
CUST_01491,2024-06-03,14.63
CUST_01576,2024-06-03,51.51
CUST_03178,2024-06-03,39.1
CUST_01347,2024-06-03,14.09
CUST_04986,2024-06-03,35.23
CUST_03054,2024-06-03,28.15
CUST_01693,2024-06-03,21.92
CUST_01553,2024-06-03,42.71
CUST_01375,2024-06-03,88.01
CUST_04677,2024-06-03,17.14
CUST_04731,2024-06-03,80.41
CUST_04328,2024-06-03,5.94
CUST_01740,2024-06-04,5.62
CUST_01835,2024-06-04,12.59
CUST_02482,2024-06-04,15.0
CUST_04128,2024-06-04,25.23
CUST_03113,2024-06-04,37.32
CUST_04519,2024-06-04,28.59
CUST_03783,2024-06-04,4.61
CUST_01557,2024-06-04,50.9
CUST_04458,2024-06-04,19.37
CUST_00984,2024-06-04,10.75
CUST_01565,2024-06-04,44.46
CUST_04798,2024-06-04,11.87
CUST_04153,2024-06-04,55.48
CUST_00668,2024-06-04,73.55
CUST_04959,2024-06-04,33.49
CUST_02806,2024-06-04,71.21
CUST_01232,2024-06-04,53.53
CUST_04189,2024-06-04,20.13
CUST_00951,2024-06-04,12.85
CUST_03327,2024-06-04,19.56
CUST_01637,2024-06-05,25.17
CUST_01252,2024-06-05,20.12
CUST_02602,2024-06-05,9.71
CUST_00705,2024-06-05,4.79
CUST_03318,2024-06-05,25.93
CUST_04798,2024-06-05,19.94
CUST_03245,2024-06-05,3.52
CUST_00989,2024-06-05,20.13
CUST_01948,2024-06-05,80.02
CUST_03783,2024-06-05,8.66
CUST_03869,2024-06-05,62.15
CUST_04300,2024-06-05,3.03
CUST_02748,2024-06-05,63.03
CUST_00606,2024-06-05,23.43
CUST_04252,2024-06-05,11.53
CUST_00156,2024-06-05,33.39
CUST_01293,2024-06-05,8.35
CUST_04369,2024-06-05,38.15
CUST_01299,2024-06-05,5.27
CUST_00576,2024-06-05,49.17
CUST_02591,2024-06-05,2.84
CUST_01553,2024-06-05,9.59
CUST_04584,2024-06-05,9.2
CUST_00012,2024-06-05,41.34
CUST_01260,2024-06-06,16.72
CUST_04260,2024-06-06,56.45
CUST_00926,2024-06-06,6.54
CUST_03617,2024-06-06,13.87
CUST_03988,2024-06-06,16.66
CUST_02390,2024-06-06,9.96
CUST_02219,2024-06-06,31.53
CUST_03409,2024-06-06,7.75
CUST_01102,2024-06-06,87.97
CUST_02368,2024-06-06,12.36
CUST_04252,2024-06-06,15.55
CUST_03444,2024-06-06,22.86
CUST_04244,2024-06-06,41.52
CUST_01562,2024-06-06,108.69
CUST_02614,2024-06-06,9.72
CUST_01474,2024-06-06,28.49
CUST_00718,2024-06-06,24.37
CUST_03171,2024-06-06,4.08
CUST_02027,2024-06-06,13.2
CUST_04045,2024-06-06,95.57
CUST_03350,2024-06-06,28.11
CUST_02832,2024-06-06,23.08
CUST_02219,2024-06-06,8.31
CUST_00474,2024-06-06,2.96
CUST_00463,2024-06-07,17.44
CUST_04027,2024-06-07,21.15
CUST_04296,2024-06-07,4.03
CUST_04885,2024-06-07,10.0
CUST_00725,2024-06-07,3.43
CUST_01195,2024-06-07,12.04
CUST_01375,2024-06-07,29.15
CUST_01114,2024-06-07,9.14
CUST_04098,2024-06-07,1.73
CUST_02672,2024-06-07,70.74
CUST_04765,2024-06-07,46.94
CUST_04300,2024-06-07,29.97
CUST_01849,2024-06-07,30.4
CUST_01639,2024-06-07,3.85
CUST_01844,2024-06-07,7.52
CUST_00767,2024-06-07,13.58
CUST_02220,2024-06-07,9.59
CUST_03456,2024-06-08,8.36
CUST_04856,2024-06-08,13.69
CUST_00041,2024-06-08,7.05
CUST_00148,2024-06-08,16.21
CUST_01422,2024-06-08,85.16
CUST_03327,2024-06-08,94.56
CUST_01391,2024-06-08,24.68
CUST_00781,2024-06-08,89.77
CUST_04519,2024-06-08,9.86
CUST_03205,2024-06-08,64.23
CUST_01372,2024-06-08,8.87
CUST_04824,2024-06-08,10.33
CUST_01644,2024-06-08,50.41
CUST_00272,2024-06-08,33.55
CUST_01377,2024-06-08,6.36
CUST_04267,2024-06-08,3.66
CUST_01493,2024-06-08,21.63
CUST_00162,2024-06-08,4.73
CUST_03480,2024-06-08,22.07
CUST_03517,2024-06-08,63.29
CUST_01551,2024-06-08,1.0
CUST_03865,2024-06-08,40.12
CUST_00113,2024-06-09,10.8
CUST_04027,2024-06-09,6.04
CUST_02284,2024-06-09,18.76
CUST_01467,2024-06-09,10.72
CUST_00206,2024-06-09,134.0
CUST_04100,2024-06-09,22.52
CUST_03783,2024-06-09,16.23
CUST_04519,2024-06-09,6.33
CUST_00517,2024-06-09,41.88
CUST_00623,2024-06-09,74.85
CUST_03320,2024-06-09,11.25
CUST_04899,2024-06-09,4.8
CUST_01701,2024-06-09,25.16
CUST_03384,2024-06-09,45.59
CUST_01173,2024-06-09,12.74
CUST_02673,2024-06-09,8.15
CUST_04823,2024-06-10,28.11
CUST_01656,2024-06-10,11.81
CUST_03192,2024-06-10,45.18
CUST_00550,2024-06-10,4.91
CUST_00549,2024-06-10,66.02
CUST_02138,2024-06-10,30.11
CUST_02156,2024-06-10,14.04
CUST_02812,2024-06-10,19.19
CUST_03869,2024-06-10,28.53
CUST_00462,2024-06-10,42.41
CUST_04281,2024-06-10,55.82
CUST_02191,2024-06-10,25.56
CUST_01821,2024-06-10,18.83
CUST_01873,2024-06-10,16.36
CUST_02488,2024-06-10,117.41
CUST_04281,2024-06-10,10.68
CUST_04513,2024-06-10,56.0
CUST_02164,2024-06-10,18.01
CUST_04513,2024-06-10,72.12
CUST_02938,2024-06-10,33.99
CUST_02529,2024-06-10,4.41
CUST_03738,2024-06-10,6.99
CUST_01424,2024-06-11,116.02
CUST_02442,2024-06-11,15.77
CUST_01849,2024-06-11,79.29
CUST_00787,2024-06-11,11.72
CUST_04457,2024-06-11,7.32
CUST_04384,2024-06-11,23.33
CUST_04260,2024-06-11,2.58
CUST_01228,2024-06-11,8.25
CUST_03222,2024-06-11,14.88
CUST_02047,2024-06-11,6.96
CUST_04855,2024-06-11,36.56
CUST_01195,2024-06-11,23.75
CUST_04767,2024-06-11,11.69
CUST_01264,2024-06-11,4.17
CUST_03281,2024-06-11,12.04
CUST_00909,2024-06-11,14.22
CUST_00466,2024-06-11,30.82
CUST_03761,2024-06-11,12.44
CUST_01639,2024-06-11,5.23
CUST_03355,2024-06-12,36.9
CUST_01964,2024-06-12,33.57
CUST_02218,2024-06-12,21.41
CUST_04737,2024-06-12,16.65
CUST_02670,2024-06-12,2.41
CUST_02672,2024-06-12,36.94
CUST_04238,2024-06-12,134.86
CUST_03123,2024-06-12,18.4
CUST_01430,2024-06-12,137.7
CUST_02766,2024-06-12,11.24
CUST_04519,2024-06-12,41.92
CUST_00458,2024-06-12,74.99
CUST_00121,2024-06-12,69.22
CUST_03102,2024-06-12,39.83
CUST_02611,2024-06-12,277.63
CUST_02413,2024-06-12,22.13
CUST_01742,2024-06-12,80.99
CUST_03799,2024-06-12,10.67
CUST_00044,2024-06-13,6.48
CUST_03987,2024-06-13,11.94
CUST_00441,2024-06-13,73.15
CUST_01614,2024-06-13,43.77
CUST_01670,2024-06-13,24.38
CUST_02521,2024-06-13,21.79
CUST_00552,2024-06-13,16.7
CUST_02778,2024-06-13,10.63
CUST_04932,2024-06-13,24.01
CUST_04677,2024-06-13,134.34
CUST_04593,2024-06-13,5.33
CUST_04741,2024-06-13,9.7
CUST_01576,2024-06-13,34.06
CUST_04121,2024-06-13,14.57
CUST_03132,2024-06-13,25.97
CUST_04519,2024-06-14,10.59
CUST_00865,2024-06-14,18.15
CUST_02492,2024-06-14,22.31
CUST_03789,2024-06-14,7.28
CUST_01299,2024-06-14,17.5
CUST_04462,2024-06-14,2.58
CUST_02806,2024-06-14,29.79
CUST_03743,2024-06-14,7.88
CUST_03624,2024-06-14,22.17
CUST_01940,2024-06-14,135.66
CUST_01608,2024-06-14,12.92
CUST_04009,2024-06-14,95.02
CUST_04191,2024-06-14,10.31
CUST_04602,2024-06-14,9.9
CUST_01348,2024-06-14,119.95
CUST_04365,2024-06-14,90.67
CUST_02980,2024-06-14,22.27
CUST_00781,2024-06-15,56.06
CUST_00558,2024-06-15,9.98
CUST_00159,2024-06-15,13.59
CUST_00580,2024-06-15,12.35
CUST_04877,2024-06-15,34.14
CUST_04404,2024-06-15,7.72
CUST_03182,2024-06-15,12.75
CUST_01039,2024-06-15,24.03
CUST_01936,2024-06-15,45.15
CUST_03529,2024-06-15,24.01
CUST_03031,2024-06-15,11.4
CUST_04855,2024-06-15,13.67
CUST_00598,2024-06-15,46.19
CUST_02507,2024-06-15,75.74
CUST_01704,2024-06-15,9.35
CUST_01447,2024-06-15,214.48
CUST_03119,2024-06-15,3.95
CUST_04046,2024-06-15,5.74
CUST_02056,2024-06-15,10.79
CUST_03437,2024-06-15,46.04
CUST_02806,2024-06-15,15.8
CUST_03783,2024-06-15,13.91
CUST_04440,2024-06-15,22.51
CUST_03783,2024-06-15,156.74
CUST_03085,2024-06-15,55.38
CUST_03283,2024-06-15,27.67
CUST_03384,2024-06-16,2.23
CUST_03977,2024-06-16,25.22
CUST_02281,2024-06-16,9.86
CUST_02787,2024-06-16,42.13
CUST_01260,2024-06-16,26.01
CUST_01638,2024-06-16,157.17
CUST_04780,2024-06-16,14.28
CUST_04240,2024-06-16,4.44
CUST_03054,2024-06-16,374.38
CUST_04252,2024-06-16,13.05
CUST_01334,2024-06-16,33.53
CUST_01501,2024-06-16,7.01
CUST_00483,2024-06-16,43.45
CUST_01984,2024-06-16,12.95
CUST_02723,2024-06-16,12.26
CUST_02721,2024-06-16,13.91
CUST_01790,2024-06-16,43.05
CUST_01286,2024-06-16,105.9
CUST_01024,2024-06-16,60.82
CUST_00752,2024-06-16,7.38
CUST_01981,2024-06-16,9.26
CUST_00206,2024-06-17,96.23
CUST_04506,2024-06-17,2.51
CUST_04408,2024-06-17,7.79
CUST_00992,2024-06-17,24.71
CUST_02196,2024-06-17,10.68
CUST_01656,2024-06-17,11.72
CUST_02807,2024-06-17,26.25
CUST_03668,2024-06-17,7.4
CUST_04232,2024-06-17,5.15
CUST_02408,2024-06-17,4.74
CUST_00431,2024-06-17,16.23
CUST_01559,2024-06-17,53.83
CUST_04252,2024-06-17,154.97
CUST_00072,2024-06-17,11.76
CUST_03261,2024-06-17,3.49
CUST_00205,2024-06-17,48.34
CUST_04300,2024-06-17,82.62
CUST_04158,2024-06-17,20.03
CUST_04697,2024-06-18,2.11
CUST_04900,2024-06-18,13.2
CUST_01811,2024-06-18,66.96
CUST_01331,2024-06-18,6.39
CUST_02761,2024-06-18,11.62
CUST_04137,2024-06-18,16.19
CUST_01138,2024-06-18,25.52
CUST_03390,2024-06-18,6.01
CUST_00183,2024-06-18,77.91
CUST_03125,2024-06-18,21.33
CUST_02325,2024-06-18,28.83
CUST_00224,2024-06-18,45.99
CUST_04519,2024-06-18,15.3
CUST_04484,2024-06-18,20.42
CUST_04300,2024-06-18,58.25
CUST_03957,2024-06-18,21.09
CUST_02484,2024-06-18,1.48
CUST_03609,2024-06-18,5.39
CUST_00346,2024-06-19,4.73
CUST_01842,2024-06-19,43.63
CUST_01945,2024-06-19,11.31
CUST_02778,2024-06-19,12.32
CUST_03874,2024-06-19,8.68
CUST_03813,2024-06-19,22.78
CUST_03793,2024-06-19,41.94
CUST_00065,2024-06-19,13.25
CUST_00063,2024-06-19,32.45
CUST_02164,2024-06-19,14.43
CUST_02707,2024-06-19,36.03
CUST_02539,2024-06-19,38.88
CUST_04727,2024-06-19,17.88
CUST_03848,2024-06-19,46.77
CUST_03313,2024-06-20,59.17
CUST_03384,2024-06-20,27.78
CUST_00460,2024-06-20,23.72
CUST_03826,2024-06-20,26.84
CUST_04593,2024-06-20,12.34
CUST_01052,2024-06-20,8.74
CUST_01096,2024-06-20,33.13
CUST_01412,2024-06-20,25.14
CUST_03686,2024-06-20,15.44
CUST_02974,2024-06-20,8.38
CUST_00643,2024-06-20,19.59
CUST_01347,2024-06-20,2.82
CUST_02234,2024-06-20,21.03
CUST_01526,2024-06-20,9.5
CUST_04408,2024-06-20,26.52
CUST_03691,2024-06-20,14.96
CUST_02249,2024-06-20,13.78
CUST_02139,2024-06-20,11.28
CUST_04753,2024-06-20,75.29
CUST_04519,2024-06-20,23.62
CUST_01851,2024-06-20,9.88
CUST_03853,2024-06-20,19.59
CUST_04823,2024-06-20,7.88
CUST_04555,2024-06-20,14.32
CUST_00466,2024-06-20,4.37
CUST_01260,2024-06-20,47.77
CUST_04760,2024-06-21,4.38
CUST_04098,2024-06-21,15.79
CUST_03473,2024-06-21,34.17
CUST_02806,2024-06-21,34.97
CUST_00630,2024-06-21,10.15
CUST_04731,2024-06-21,21.04
CUST_03445,2024-06-21,5.67
CUST_02124,2024-06-21,5.13
CUST_00934,2024-06-21,54.46
CUST_04300,2024-06-21,20.07
CUST_04260,2024-06-21,14.54
CUST_04919,2024-06-21,17.47
CUST_04748,2024-06-21,22.53
CUST_03821,2024-06-21,30.01
CUST_04262,2024-06-22,22.17
CUST_03466,2024-06-22,7.18
CUST_03869,2024-06-22,19.4
CUST_01018,2024-06-22,36.28
CUST_01792,2024-06-22,12.02
CUST_01264,2024-06-22,8.85
CUST_01262,2024-06-22,94.87
CUST_00335,2024-06-22,90.37
CUST_02539,2024-06-22,39.61
CUST_02539,2024-06-22,16.04
CUST_00012,2024-06-22,10.47
CUST_04260,2024-06-22,30.15
CUST_03691,2024-06-22,7.28
CUST_04677,2024-06-22,17.76
CUST_01772,2024-06-22,28.58
CUST_04244,2024-06-22,7.46
CUST_03391,2024-06-22,6.1
CUST_00148,2024-06-22,11.02
CUST_01721,2024-06-22,60.04
CUST_04610,2024-06-22,9.01
CUST_03733,2024-06-22,13.46
CUST_04555,2024-06-22,25.77
CUST_00813,2024-06-22,24.46
CUST_04737,2024-06-22,50.77
CUST_00633,2024-06-22,4.71
CUST_01195,2024-06-22,59.74
CUST_02731,2024-06-23,17.02
CUST_03350,2024-06-23,15.48
CUST_03536,2024-06-23,10.3
CUST_00116,2024-06-23,43.97
CUST_04309,2024-06-23,31.02
CUST_01528,2024-06-23,3.6
CUST_02686,2024-06-23,11.07
CUST_02802,2024-06-23,15.99
CUST_02108,2024-06-23,69.25
CUST_02639,2024-06-23,111.52
CUST_02802,2024-06-23,2.65
CUST_01260,2024-06-23,27.41
CUST_03537,2024-06-23,9.32
CUST_03661,2024-06-23,30.88
CUST_01336,2024-06-23,30.2
CUST_04622,2024-06-23,14.11
CUST_01174,2024-06-23,15.93
CUST_01241,2024-06-23,16.99
CUST_01234,2024-06-23,6.37
CUST_03783,2024-06-23,5.39
CUST_03793,2024-06-24,33.69
CUST_01260,2024-06-24,115.83
CUST_00471,2024-06-24,79.56
CUST_04189,2024-06-24,4.54
CUST_01185,2024-06-24,6.97
CUST_04120,2024-06-24,6.83
CUST_04429,2024-06-24,39.76
CUST_03205,2024-06-24,21.63
CUST_02413,2024-06-24,27.21
CUST_00638,2024-06-24,46.95
CUST_00063,2024-06-24,15.31
CUST_01532,2024-06-24,54.99
CUST_03239,2024-06-24,17.76
CUST_01459,2024-06-24,29.73
CUST_04132,2024-06-24,6.38
CUST_03159,2024-06-24,160.49
CUST_03311,2024-06-24,19.85
CUST_04741,2024-06-25,30.24
CUST_03514,2024-06-25,48.32
CUST_03160,2024-06-25,35.94
CUST_04651,2024-06-25,25.75
CUST_01949,2024-06-25,21.67
CUST_00851,2024-06-25,23.47
CUST_03691,2024-06-25,88.18
CUST_02539,2024-06-25,17.74
CUST_00877,2024-06-25,4.14
CUST_02628,2024-06-25,24.43
CUST_04244,2024-06-25,23.51
CUST_00767,2024-06-25,23.38
CUST_00566,2024-06-25,14.74
CUST_04535,2024-06-25,9.35
CUST_02239,2024-06-25,41.46
CUST_02026,2024-06-25,10.87
CUST_01751,2024-06-25,77.53
CUST_03279,2024-06-25,1.84
CUST_00411,2024-06-25,23.62
CUST_02022,2024-06-25,4.53
CUST_01394,2024-06-25,38.04
CUST_03337,2024-06-26,9.73
CUST_00504,2024-06-26,4.21
CUST_00323,2024-06-26,8.57
CUST_04677,2024-06-26,16.01
CUST_02536,2024-06-26,16.17
CUST_01444,2024-06-26,67.31
CUST_02539,2024-06-26,13.29
CUST_00705,2024-06-26,10.08
CUST_03320,2024-06-26,8.27
CUST_01060,2024-06-26,47.28
CUST_01375,2024-06-26,1.72
CUST_04737,2024-06-26,7.06
CUST_04745,2024-06-26,97.19
CUST_04244,2024-06-26,19.96
CUST_02748,2024-06-26,13.64
CUST_02191,2024-06-26,13.76
CUST_03765,2024-06-26,15.46
CUST_04189,2024-06-26,292.09
CUST_00121,2024-06-27,15.77
CUST_03668,2024-06-27,1.4
CUST_04128,2024-06-27,60.76
CUST_02707,2024-06-27,69.23
CUST_00333,2024-06-27,15.39
CUST_00951,2024-06-27,15.9
CUST_04244,2024-06-27,27.31
CUST_03506,2024-06-27,24.71
CUST_03119,2024-06-27,5.88
CUST_01524,2024-06-27,72.07
CUST_00838,2024-06-27,10.61
CUST_03008,2024-06-27,12.93
CUST_01901,2024-06-27,6.54
CUST_04626,2024-06-27,19.61
CUST_01606,2024-06-27,56.71
CUST_04483,2024-06-27,19.06
CUST_03788,2024-06-27,11.34
CUST_03813,2024-06-27,11.06
CUST_02545,2024-06-27,51.98
CUST_02413,2024-06-27,27.97
CUST_02641,2024-06-27,42.1
CUST_01933,2024-06-27,80.06
CUST_01077,2024-06-27,17.14
CUST_00965,2024-06-27,10.46
CUST_03245,2024-06-27,8.41
CUST_04284,2024-06-28,28.21
CUST_03034,2024-06-28,30.47
CUST_04896,2024-06-28,44.82
CUST_03628,2024-06-28,3.2
CUST_00137,2024-06-28,76.36
CUST_02301,2024-06-28,221.91
CUST_01280,2024-06-28,23.67
CUST_01656,2024-06-28,13.59
CUST_04724,2024-06-28,9.41
CUST_03888,2024-06-28,51.28
CUST_01155,2024-06-28,14.55
CUST_01849,2024-06-28,5.65
CUST_02539,2024-06-28,6.75
CUST_04747,2024-06-28,5.21
CUST_04877,2024-06-28,2.75
CUST_04002,2024-06-28,85.1
CUST_02033,2024-06-28,21.67
CUST_04035,2024-06-28,10.73
CUST_01544,2024-06-28,1.72
CUST_04141,2024-06-28,10.65
CUST_01360,2024-06-28,58.88
CUST_03344,2024-06-28,26.5
CUST_03589,2024-06-28,13.87
CUST_01070,2024-06-29,15.38
CUST_00466,2024-06-29,37.3
CUST_02927,2024-06-29,13.99
CUST_03857,2024-06-29,11.8
CUST_03753,2024-06-29,23.53
CUST_02104,2024-06-29,37.07
CUST_01153,2024-06-29,19.5
CUST_02316,2024-06-29,33.99
CUST_02785,2024-06-29,19.1
CUST_04695,2024-06-29,20.33
CUST_01575,2024-06-29,63.13
CUST_02623,2024-06-29,9.16
CUST_01940,2024-06-29,20.18
CUST_03783,2024-06-29,19.2
CUST_02475,2024-06-29,17.14
CUST_04961,2024-06-29,5.64
CUST_04922,2024-06-29,11.09
CUST_04252,2024-06-29,117.76
CUST_01155,2024-06-29,26.64
CUST_04033,2024-06-29,18.65
CUST_02748,2024-06-29,59.29
CUST_02684,2024-06-29,141.0
CUST_00726,2024-06-29,84.54
CUST_04747,2024-06-29,60.29
CUST_04799,2024-06-30,45.7
CUST_02672,2024-06-30,12.8
CUST_03006,2024-06-30,8.16
CUST_01793,2024-06-30,53.45
CUST_00648,2024-06-30,3.85
CUST_04557,2024-06-30,12.94
CUST_02282,2024-06-30,55.9
CUST_00490,2024-06-30,16.57
CUST_00856,2024-06-30,7.83
CUST_03663,2024-06-30,7.97
CUST_00408,2024-06-30,21.75
CUST_00491,2024-06-30,11.49
CUST_04515,2024-06-30,440.56
CUST_00702,2024-06-30,48.4
CUST_01084,2024-06-30,29.57
CUST_03826,2024-06-30,37.67
CUST_03256,2024-06-30,23.52
CUST_04529,2024-06-30,18.1
CUST_00837,2024-07-01,53.02
CUST_02427,2024-07-01,90.28
CUST_04483,2024-07-01,61.17
CUST_00162,2024-07-01,9.58
CUST_01017,2024-07-01,78.18
CUST_04244,2024-07-01,22.87
CUST_02806,2024-07-01,15.85
CUST_01142,2024-07-01,83.42
CUST_04035,2024-07-01,22.84
CUST_02601,2024-07-01,17.57
CUST_04593,2024-07-01,18.03
CUST_01702,2024-07-01,35.1
CUST_01634,2024-07-01,44.38
CUST_01260,2024-07-01,7.45
CUST_00121,2024-07-01,50.61
CUST_01594,2024-07-01,10.44
CUST_00380,2024-07-01,11.87
CUST_04151,2024-07-01,47.48
CUST_03705,2024-07-01,23.84
CUST_04596,2024-07-01,9.17
CUST_00203,2024-07-01,101.21
CUST_04023,2024-07-01,43.89
CUST_01849,2024-07-01,9.83
CUST_01772,2024-07-01,31.26
CUST_00806,2024-07-01,7.24
CUST_03311,2024-07-02,26.84
CUST_01754,2024-07-02,19.64
CUST_03057,2024-07-02,5.44
CUST_01289,2024-07-02,6.44
CUST_04867,2024-07-02,11.06
CUST_03783,2024-07-02,2.55
CUST_04321,2024-07-02,44.7
CUST_04128,2024-07-02,22.77
CUST_03988,2024-07-02,9.22
CUST_01216,2024-07-02,94.15
CUST_03063,2024-07-02,51.77
CUST_01819,2024-07-02,92.48
CUST_03925,2024-07-02,96.32
CUST_02801,2024-07-02,69.92
CUST_00016,2024-07-02,27.35
CUST_04001,2024-07-02,31.51
CUST_02328,2024-07-02,4.92
CUST_00935,2024-07-02,15.68
CUST_04195,2024-07-02,11.8
CUST_00502,2024-07-02,41.37
CUST_03127,2024-07-03,9.57
CUST_04571,2024-07-03,22.8
CUST_04358,2024-07-03,73.75
CUST_01491,2024-07-03,6.94
CUST_02923,2024-07-03,1.73
CUST_03132,2024-07-03,110.04
CUST_03325,2024-07-03,24.58
CUST_02764,2024-07-03,14.85
CUST_00877,2024-07-03,46.31
CUST_02413,2024-07-03,4.62
CUST_03813,2024-07-03,9.83
CUST_04807,2024-07-03,6.53
CUST_04798,2024-07-03,45.87
CUST_02481,2024-07-03,10.44
CUST_01261,2024-07-03,8.74
CUST_02539,2024-07-03,38.58
CUST_04109,2024-07-03,12.93
CUST_01098,2024-07-03,15.4
CUST_02806,2024-07-03,2.72
CUST_02539,2024-07-03,11.38
CUST_02578,2024-07-03,110.97
CUST_03227,2024-07-03,38.45
CUST_04141,2024-07-03,74.15
CUST_02785,2024-07-03,93.73
CUST_03855,2024-07-03,6.01
CUST_04164,2024-07-03,15.03
CUST_01357,2024-07-03,77.16
CUST_03875,2024-07-04,12.99
CUST_00280,2024-07-04,2.9
CUST_03783,2024-07-04,27.96
CUST_04784,2024-07-04,8.15
CUST_01264,2024-07-04,36.69
CUST_02901,2024-07-04,9.81
CUST_01384,2024-07-04,8.76
CUST_03511,2024-07-04,15.54
CUST_02529,2024-07-04,31.86
CUST_00333,2024-07-04,23.7
CUST_02450,2024-07-04,36.93
CUST_00847,2024-07-04,43.74
CUST_02399,2024-07-04,25.71
CUST_00491,2024-07-04,35.84
CUST_02785,2024-07-04,6.21
CUST_03651,2024-07-04,14.71
CUST_01297,2024-07-04,31.21
CUST_04524,2024-07-04,53.35
CUST_04204,2024-07-04,5.97
CUST_00661,2024-07-04,15.1
CUST_03489,2024-07-04,53.97
CUST_00767,2024-07-04,14.57
CUST_03909,2024-07-04,9.73
CUST_03320,2024-07-04,11.55
CUST_01326,2024-07-04,6.26
CUST_04519,2024-07-04,24.52
CUST_01534,2024-07-04,35.14
CUST_01735,2024-07-05,50.73
CUST_00098,2024-07-05,3.88
CUST_04924,2024-07-05,127.78
CUST_03829,2024-07-05,14.74
CUST_04263,2024-07-05,7.11
CUST_01860,2024-07-05,2.53
CUST_03019,2024-07-05,16.29
CUST_04500,2024-07-05,21.45
CUST_04420,2024-07-05,3.71
CUST_02579,2024-07-05,44.96
CUST_03054,2024-07-05,14.63
CUST_04668,2024-07-05,13.2
CUST_03813,2024-07-05,12.89
CUST_01260,2024-07-05,86.63
CUST_01455,2024-07-05,10.73
CUST_02019,2024-07-05,4.16
CUST_01455,2024-07-05,13.56
CUST_01879,2024-07-05,35.04
CUST_02118,2024-07-05,36.61
CUST_03504,2024-07-05,6.58
CUST_02858,2024-07-05,18.68
CUST_02767,2024-07-05,58.82
CUST_04382,2024-07-05,25.02
CUST_01230,2024-07-05,54.38
CUST_03019,2024-07-05,23.74
CUST_01430,2024-07-05,44.21
CUST_01731,2024-07-05,39.76
CUST_01337,2024-07-05,30.76
CUST_02660,2024-07-06,10.15
CUST_03869,2024-07-06,8.65
CUST_02667,2024-07-06,15.51
CUST_01656,2024-07-06,82.81
CUST_01264,2024-07-06,10.16
CUST_04234,2024-07-06,31.9
CUST_04260,2024-07-06,45.18
CUST_04048,2024-07-06,84.59
CUST_02806,2024-07-06,55.32
CUST_00846,2024-07-06,43.62
CUST_02398,2024-07-06,7.07
CUST_00925,2024-07-06,21.76
CUST_04829,2024-07-06,35.52
CUST_04593,2024-07-06,45.71
CUST_04061,2024-07-06,22.98
CUST_03704,2024-07-06,46.27
CUST_04232,2024-07-06,100.88
CUST_04189,2024-07-06,37.69
CUST_04741,2024-07-06,42.08
CUST_01749,2024-07-06,1.4
CUST_00934,2024-07-06,17.69
CUST_01913,2024-07-06,7.92
CUST_03567,2024-07-06,44.99
CUST_02143,2024-07-06,5.12
CUST_01091,2024-07-06,22.79
CUST_00576,2024-07-06,41.03
CUST_00911,2024-07-06,6.17
CUST_02623,2024-07-07,19.84
CUST_04252,2024-07-07,13.12
CUST_04520,2024-07-07,11.6
CUST_01264,2024-07-07,67.05
CUST_01614,2024-07-07,19.58
CUST_04036,2024-07-07,9.12
CUST_04207,2024-07-07,11.42
CUST_04281,2024-07-07,5.33
CUST_01767,2024-07-07,101.13
CUST_00630,2024-07-07,25.02
CUST_03239,2024-07-07,28.61
CUST_04999,2024-07-07,7.65
CUST_00890,2024-07-07,62.1
CUST_00830,2024-07-07,48.82
CUST_01641,2024-07-07,21.87
CUST_03545,2024-07-07,26.28
CUST_00767,2024-07-07,6.65
CUST_04191,2024-07-07,4.74
CUST_01677,2024-07-07,33.06
CUST_02255,2024-07-07,99.77
CUST_04281,2024-07-07,5.95
CUST_01251,2024-07-07,50.8
CUST_02707,2024-07-07,39.71
CUST_03649,2024-07-07,18.34
CUST_04109,2024-07-07,7.24
CUST_01486,2024-07-07,2.68
CUST_04258,2024-07-07,62.44
CUST_03866,2024-07-07,8.39
CUST_04689,2024-07-07,4.0
CUST_03399,2024-07-07,33.83
CUST_01494,2024-07-07,16.94
CUST_03558,2024-07-08,2.04
CUST_03154,2024-07-08,5.21
CUST_03903,2024-07-08,9.42
CUST_00261,2024-07-08,24.76
CUST_02686,2024-07-08,13.27
CUST_03311,2024-07-08,4.61
CUST_03025,2024-07-08,582.56
CUST_03075,2024-07-08,138.28
CUST_01982,2024-07-08,13.65
CUST_04141,2024-07-08,32.67
CUST_02285,2024-07-08,19.92
CUST_02519,2024-07-08,95.3
CUST_03377,2024-07-08,28.08
CUST_00712,2024-07-08,246.3
CUST_00576,2024-07-08,136.51
CUST_00205,2024-07-08,24.6
CUST_03320,2024-07-08,5.69
CUST_01594,2024-07-08,42.3
CUST_00536,2024-07-08,14.49
CUST_01739,2024-07-08,81.84
CUST_02454,2024-07-08,61.8
CUST_02006,2024-07-08,24.31
CUST_00909,2024-07-09,7.09
CUST_01024,2024-07-09,11.99
CUST_00275,2024-07-09,25.59
CUST_02261,2024-07-09,83.92
CUST_04274,2024-07-09,1.26
CUST_03826,2024-07-09,34.06
CUST_00056,2024-07-09,33.21
CUST_02806,2024-07-09,62.85
CUST_00134,2024-07-09,110.53
CUST_01260,2024-07-09,7.74
CUST_00923,2024-07-09,31.34
CUST_02143,2024-07-09,240.99
CUST_02442,2024-07-09,217.46
CUST_02053,2024-07-09,19.95
CUST_02891,2024-07-09,47.47
CUST_04260,2024-07-09,74.49
CUST_03260,2024-07-09,7.57
CUST_00015,2024-07-09,91.78
CUST_04186,2024-07-09,96.11
CUST_04368,2024-07-09,5.56
CUST_02355,2024-07-09,16.61
CUST_03869,2024-07-10,41.15
CUST_03869,2024-07-10,14.74
CUST_00480,2024-07-10,29.61
CUST_04391,2024-07-10,25.54
CUST_04877,2024-07-10,2.37
CUST_03813,2024-07-10,40.69
CUST_02319,2024-07-10,10.5
CUST_03919,2024-07-10,15.76
CUST_03485,2024-07-10,10.52
CUST_00884,2024-07-10,3.13
CUST_04066,2024-07-10,3.29
CUST_01099,2024-07-10,13.66
CUST_03069,2024-07-10,3.91
CUST_00978,2024-07-10,8.88
CUST_04260,2024-07-10,4.5
CUST_04069,2024-07-10,31.15
CUST_04281,2024-07-10,38.5
CUST_03847,2024-07-10,12.07
CUST_01347,2024-07-10,5.82
CUST_00249,2024-07-10,7.95
CUST_01793,2024-07-11,74.73
CUST_04386,2024-07-11,33.67
CUST_04189,2024-07-11,43.73
CUST_03262,2024-07-11,20.15
CUST_01264,2024-07-11,209.85
CUST_04491,2024-07-11,27.02
CUST_01260,2024-07-11,13.53
CUST_04300,2024-07-11,13.09
CUST_03660,2024-07-11,6.7
CUST_02757,2024-07-11,16.34
CUST_04140,2024-07-11,19.75
CUST_03155,2024-07-11,16.43
CUST_02804,2024-07-11,9.61
CUST_04083,2024-07-11,10.03
CUST_01831,2024-07-12,53.77
CUST_04106,2024-07-12,11.47
CUST_03102,2024-07-12,13.94
CUST_04276,2024-07-12,84.6
CUST_02618,2024-07-12,50.3
CUST_02413,2024-07-12,17.18
CUST_02143,2024-07-12,26.77
CUST_03783,2024-07-12,5.25
CUST_04114,2024-07-12,26.0
CUST_00933,2024-07-12,26.77
CUST_03063,2024-07-12,8.36
CUST_00164,2024-07-12,33.33
CUST_02545,2024-07-12,11.79
CUST_03686,2024-07-12,111.22
CUST_04098,2024-07-12,5.39
CUST_04140,2024-07-12,14.51
CUST_01675,2024-07-12,8.18
CUST_01926,2024-07-12,74.58
CUST_02672,2024-07-12,11.45
CUST_01705,2024-07-12,19.74
CUST_00149,2024-07-12,6.29
CUST_04027,2024-07-12,3.45
CUST_01065,2024-07-12,25.81
CUST_03382,2024-07-13,13.79
CUST_02686,2024-07-13,6.63
CUST_02814,2024-07-13,75.74
CUST_02867,2024-07-13,25.81
CUST_04519,2024-07-13,135.98
CUST_03651,2024-07-13,46.93
CUST_02339,2024-07-13,46.99
CUST_04707,2024-07-13,11.59
CUST_02539,2024-07-13,37.65
CUST_03942,2024-07-13,6.78
CUST_02867,2024-07-13,48.6
CUST_03731,2024-07-13,29.89
CUST_00418,2024-07-13,26.54
CUST_04678,2024-07-13,14.9
CUST_00909,2024-07-13,20.98
CUST_03011,2024-07-13,5.66
CUST_04877,2024-07-13,4.02
CUST_00937,2024-07-13,9.78
CUST_01264,2024-07-14,38.72
CUST_00842,2024-07-14,9.97
CUST_01639,2024-07-14,36.46
CUST_03119,2024-07-14,32.28
CUST_00480,2024-07-14,395.38
CUST_04584,2024-07-14,5.85
CUST_01689,2024-07-14,41.77
CUST_04369,2024-07-14,7.8
CUST_00191,2024-07-14,73.26
CUST_04611,2024-07-14,14.13
CUST_03171,2024-07-14,51.85
CUST_00643,2024-07-14,115.88
CUST_00100,2024-07-14,22.04
CUST_02981,2024-07-14,54.96
CUST_03332,2024-07-14,15.52
CUST_02785,2024-07-14,43.93
CUST_02529,2024-07-14,22.36
CUST_02672,2024-07-14,23.68
CUST_01045,2024-07-14,20.66
CUST_03063,2024-07-14,93.2
CUST_01121,2024-07-15,5.78
CUST_03080,2024-07-15,26.43
CUST_01372,2024-07-15,22.66
CUST_03919,2024-07-15,9.57
CUST_04541,2024-07-15,28.23
CUST_01370,2024-07-15,37.7
CUST_02586,2024-07-15,15.76
CUST_03688,2024-07-15,39.41
CUST_00850,2024-07-15,32.68
CUST_01605,2024-07-15,16.08
CUST_02717,2024-07-15,19.78
CUST_01115,2024-07-15,9.95
CUST_00380,2024-07-15,24.21
CUST_00149,2024-07-15,19.72
CUST_01455,2024-07-15,39.95
CUST_00336,2024-07-15,6.53
CUST_02216,2024-07-15,22.81
CUST_02704,2024-07-15,294.65
CUST_03276,2024-07-15,16.67
CUST_03658,2024-07-15,16.43
CUST_04747,2024-07-16,16.49
CUST_00619,2024-07-16,21.92
CUST_02731,2024-07-16,69.95
CUST_00806,2024-07-16,3.05
CUST_00973,2024-07-16,16.82
CUST_00708,2024-07-16,166.86
CUST_04110,2024-07-16,58.03
CUST_02124,2024-07-16,60.22
CUST_01389,2024-07-16,18.07
CUST_01772,2024-07-16,3.98
CUST_04244,2024-07-16,19.84
CUST_02239,2024-07-16,100.06
CUST_00157,2024-07-16,13.84
CUST_02699,2024-07-17,9.63
CUST_03144,2024-07-17,70.4
CUST_03808,2024-07-17,37.38
CUST_04943,2024-07-17,45.84
CUST_03783,2024-07-17,60.5
CUST_03783,2024-07-17,15.01
CUST_00210,2024-07-17,4.66
CUST_03668,2024-07-17,6.44
CUST_00369,2024-07-17,27.4
CUST_03260,2024-07-17,12.92
CUST_04863,2024-07-17,31.24
CUST_00113,2024-07-17,20.84
CUST_03780,2024-07-17,18.19
CUST_03370,2024-07-17,20.99
CUST_03821,2024-07-17,139.03
CUST_02707,2024-07-17,16.89
CUST_02731,2024-07-17,14.37
CUST_02748,2024-07-17,19.49
CUST_03369,2024-07-17,6.1
CUST_01838,2024-07-17,91.1
CUST_04557,2024-07-17,29.5
CUST_01786,2024-07-17,47.64
CUST_00161,2024-07-17,19.07
CUST_02413,2024-07-17,25.75
CUST_04299,2024-07-17,12.89
CUST_02133,2024-07-17,36.14
CUST_03182,2024-07-18,10.92
CUST_01717,2024-07-18,18.61
CUST_03668,2024-07-18,35.22
CUST_03721,2024-07-18,40.63
CUST_01347,2024-07-18,65.15
CUST_00909,2024-07-18,9.35
CUST_00691,2024-07-18,1.18
CUST_02130,2024-07-18,44.37
CUST_03163,2024-07-18,10.1
CUST_03320,2024-07-18,12.27
CUST_03550,2024-07-18,17.16
CUST_00341,2024-07-18,22.75
CUST_04633,2024-07-18,4.46
CUST_04823,2024-07-19,50.32
CUST_04958,2024-07-19,35.23
CUST_01626,2024-07-19,12.06
CUST_01745,2024-07-19,25.52
CUST_03279,2024-07-19,22.16
CUST_04189,2024-07-19,43.76
CUST_02301,2024-07-19,22.05
CUST_03536,2024-07-19,123.19
CUST_01762,2024-07-19,11.81
CUST_02156,2024-07-19,107.58
CUST_02863,2024-07-19,84.28
CUST_02792,2024-07-19,29.98
CUST_02639,2024-07-19,55.94
CUST_04260,2024-07-19,21.76
CUST_00575,2024-07-19,19.55
CUST_04281,2024-07-19,10.88
CUST_04519,2024-07-19,29.78
CUST_02427,2024-07-19,8.55
CUST_02585,2024-07-19,7.02
CUST_00463,2024-07-19,8.82
CUST_02539,2024-07-19,20.18
CUST_03673,2024-07-19,50.07
CUST_03801,2024-07-19,41.4
CUST_01503,2024-07-19,7.98
CUST_00480,2024-07-19,6.48
CUST_01008,2024-07-19,17.72
CUST_04940,2024-07-19,29.17
CUST_01397,2024-07-20,5.05
CUST_02707,2024-07-20,110.61
CUST_02024,2024-07-20,60.75
CUST_04321,2024-07-20,36.71
CUST_04584,2024-07-20,12.43
CUST_03919,2024-07-20,3.13
CUST_01656,2024-07-20,20.03
CUST_02153,2024-07-20,6.37
CUST_03536,2024-07-20,37.7
CUST_01669,2024-07-20,7.78
CUST_03783,2024-07-20,2.45
CUST_03783,2024-07-20,4.94
CUST_00824,2024-07-20,15.74
CUST_02700,2024-07-20,8.93
CUST_03299,2024-07-20,17.41
CUST_04862,2024-07-20,12.61
CUST_04817,2024-07-20,108.83
CUST_04959,2024-07-20,29.57
CUST_01124,2024-07-20,9.2
CUST_02564,2024-07-20,13.53
CUST_04246,2024-07-20,1.0
CUST_02342,2024-07-21,32.66
CUST_02413,2024-07-21,31.77
CUST_00759,2024-07-21,115.24
CUST_03587,2024-07-21,12.92
CUST_02626,2024-07-21,2.87
CUST_02156,2024-07-21,23.59
CUST_04719,2024-07-21,4.57
CUST_04354,2024-07-21,12.15
CUST_01532,2024-07-21,4.05
CUST_01894,2024-07-21,7.75
CUST_00630,2024-07-21,15.18
CUST_04009,2024-07-21,17.2
CUST_03654,2024-07-21,14.86
CUST_04915,2024-07-21,65.45
CUST_01444,2024-07-21,27.79
CUST_03783,2024-07-21,7.55
CUST_01772,2024-07-21,13.67
CUST_00546,2024-07-21,13.53
CUST_03205,2024-07-21,3.02
CUST_00110,2024-07-21,19.88
CUST_02110,2024-07-21,19.71
CUST_04019,2024-07-22,51.32
CUST_04300,2024-07-22,47.98
CUST_03988,2024-07-22,7.97
CUST_02378,2024-07-22,16.75
CUST_03921,2024-07-22,11.67
CUST_04873,2024-07-22,94.36
CUST_00491,2024-07-22,45.27
CUST_01826,2024-07-22,13.15
CUST_00156,2024-07-22,7.27
CUST_00571,2024-07-22,16.99
CUST_02239,2024-07-22,61.52
CUST_03019,2024-07-22,11.29
CUST_03171,2024-07-22,32.58
CUST_00740,2024-07-22,65.66
CUST_04378,2024-07-22,9.96
CUST_04483,2024-07-22,6.34
CUST_03668,2024-07-22,15.44
CUST_04408,2024-07-22,31.11
CUST_02097,2024-07-22,51.78
CUST_02073,2024-07-22,2.91
CUST_04771,2024-07-22,9.1
CUST_03771,2024-07-22,182.75
CUST_04260,2024-07-22,7.85
CUST_02728,2024-07-22,37.81
CUST_02444,2024-07-22,3.79
CUST_04548,2024-07-22,3.06
CUST_04443,2024-07-22,12.62
CUST_04731,2024-07-22,2.14
CUST_04519,2024-07-22,10.97
CUST_01260,2024-07-22,29.58
CUST_04128,2024-07-22,31.99
CUST_01327,2024-07-22,99.45
CUST_02830,2024-07-23,25.38
CUST_02024,2024-07-23,41.96
CUST_04381,2024-07-23,7.03
CUST_00067,2024-07-23,8.67
CUST_01430,2024-07-23,67.73
CUST_01656,2024-07-23,7.63
CUST_04874,2024-07-23,32.49
CUST_00671,2024-07-23,151.75
CUST_00065,2024-07-23,21.64
CUST_00712,2024-07-23,14.16
CUST_04833,2024-07-23,32.17
CUST_01319,2024-07-23,15.24
CUST_00985,2024-07-24,2.71
CUST_01158,2024-07-24,18.74
CUST_02837,2024-07-24,38.76
CUST_01933,2024-07-24,7.61
CUST_00579,2024-07-24,29.12
CUST_01375,2024-07-24,31.18
CUST_02345,2024-07-24,11.81
CUST_03803,2024-07-24,9.91
CUST_02156,2024-07-24,24.42
CUST_00369,2024-07-24,23.26
CUST_00112,2024-07-24,23.47
CUST_03314,2024-07-24,23.8
CUST_03327,2024-07-24,93.16
CUST_02325,2024-07-24,21.12
CUST_04029,2024-07-24,28.83
CUST_03783,2024-07-24,25.52
CUST_01778,2024-07-25,23.98
CUST_02703,2024-07-25,9.4
CUST_01319,2024-07-25,20.99
CUST_03624,2024-07-25,116.61
CUST_02241,2024-07-25,12.39
CUST_02610,2024-07-25,16.72
CUST_01372,2024-07-25,6.68
CUST_02002,2024-07-25,9.67
CUST_01840,2024-07-25,181.06
CUST_04930,2024-07-25,1.73
CUST_02703,2024-07-25,28.78
CUST_03668,2024-07-25,11.32
CUST_01672,2024-07-25,12.4
CUST_03921,2024-07-25,14.25
CUST_04107,2024-07-25,29.08
CUST_02344,2024-07-25,23.47
CUST_03914,2024-07-25,8.5
CUST_03320,2024-07-25,34.79
CUST_03717,2024-07-25,7.24
CUST_01721,2024-07-25,20.37
CUST_02028,2024-07-25,24.59
CUST_02319,2024-07-25,5.55
CUST_02799,2024-07-25,12.07
CUST_02980,2024-07-26,19.57
CUST_04085,2024-07-26,37.16
CUST_03788,2024-07-26,21.32
CUST_02590,2024-07-26,4.49
CUST_01656,2024-07-26,7.71
CUST_04088,2024-07-26,20.08
CUST_00016,2024-07-26,24.77
CUST_02638,2024-07-26,16.59
CUST_01785,2024-07-26,17.51
CUST_02539,2024-07-26,15.12
CUST_03014,2024-07-26,28.45
CUST_03395,2024-07-26,16.35
CUST_01195,2024-07-26,56.24
CUST_04572,2024-07-26,42.9
CUST_00491,2024-07-26,63.1
CUST_02672,2024-07-26,99.05
CUST_04519,2024-07-26,9.52
CUST_02839,2024-07-26,49.28
CUST_01214,2024-07-26,126.27
CUST_01874,2024-07-26,7.81
CUST_02703,2024-07-26,16.42
CUST_02547,2024-07-26,8.52
CUST_04023,2024-07-26,26.11
CUST_04038,2024-07-26,30.03
CUST_01684,2024-07-26,7.1
CUST_04023,2024-07-27,43.96
CUST_04747,2024-07-27,7.22
CUST_03709,2024-07-27,23.24
CUST_04462,2024-07-27,73.11
CUST_03337,2024-07-27,13.51
CUST_00514,2024-07-27,227.26
CUST_00056,2024-07-27,14.3
CUST_04922,2024-07-27,38.91
CUST_00954,2024-07-27,13.18
CUST_02238,2024-07-27,32.41
CUST_00194,2024-07-27,18.5
CUST_00797,2024-07-27,8.37
CUST_03973,2024-07-27,5.09
CUST_03489,2024-07-27,56.32
CUST_01276,2024-07-27,5.75
CUST_02204,2024-07-27,14.95
CUST_03102,2024-07-27,11.98
CUST_01940,2024-07-27,10.73
CUST_00662,2024-07-27,18.61
CUST_01795,2024-07-27,6.44
CUST_00983,2024-07-27,14.88
CUST_03042,2024-07-27,19.42
CUST_00919,2024-07-27,13.15
CUST_04873,2024-07-27,8.48
CUST_01912,2024-07-27,52.97
CUST_00185,2024-07-28,26.94
CUST_03668,2024-07-28,9.74
CUST_01291,2024-07-28,114.76
CUST_03919,2024-07-28,22.26
CUST_02354,2024-07-28,8.03
CUST_03102,2024-07-28,9.65
CUST_02938,2024-07-28,42.14
CUST_03358,2024-07-28,9.44
CUST_01305,2024-07-28,48.45
CUST_04910,2024-07-28,15.97
CUST_03065,2024-07-28,23.74
CUST_04300,2024-07-28,13.1
CUST_04695,2024-07-28,28.71
CUST_04868,2024-07-28,9.52
CUST_02048,2024-07-28,13.01
CUST_01793,2024-07-28,6.98
CUST_01823,2024-07-28,59.89
CUST_03239,2024-07-28,14.53
CUST_01100,2024-07-29,7.36
CUST_04744,2024-07-29,17.36
CUST_04519,2024-07-29,106.4
CUST_01455,2024-07-29,29.26
CUST_03720,2024-07-29,1.32
CUST_01264,2024-07-29,89.37
CUST_04204,2024-07-29,36.63
CUST_01653,2024-07-29,23.84
CUST_00826,2024-07-29,12.56
CUST_03385,2024-07-29,6.59
CUST_04987,2024-07-29,8.9
CUST_03895,2024-07-29,7.76
CUST_00767,2024-07-29,10.03
CUST_04730,2024-07-29,82.08
CUST_02830,2024-07-29,13.57
CUST_02155,2024-07-29,37.85
CUST_02094,2024-07-29,68.04
CUST_04300,2024-07-29,19.23
CUST_04281,2024-07-29,70.42
CUST_03102,2024-07-29,18.34
CUST_02124,2024-07-30,84.45
CUST_00411,2024-07-30,15.16
CUST_03456,2024-07-30,50.31
CUST_03866,2024-07-30,31.06
CUST_01347,2024-07-30,42.62
CUST_02396,2024-07-30,9.75
CUST_02707,2024-07-30,5.79
CUST_01347,2024-07-30,36.33
CUST_03063,2024-07-30,53.31
CUST_04300,2024-07-30,262.61
CUST_03098,2024-07-30,7.54
CUST_02319,2024-07-30,3.6
CUST_03839,2024-07-30,11.25
CUST_04260,2024-07-30,9.88
CUST_04618,2024-07-30,136.32
CUST_01430,2024-07-30,5.91
CUST_04517,2024-07-30,40.36
CUST_01207,2024-07-30,15.65
CUST_02366,2024-07-30,84.81
CUST_02667,2024-07-30,7.39
CUST_03521,2024-07-30,20.02
CUST_00676,2024-07-30,20.06
CUST_02413,2024-07-30,7.97
CUST_02582,2024-07-30,9.7
CUST_04929,2024-07-30,29.91
CUST_01710,2024-07-30,9.36
CUST_00767,2024-07-30,7.34
CUST_00452,2024-07-30,13.39
CUST_01733,2024-07-30,43.37
CUST_00767,2024-07-30,17.83
CUST_00273,2024-07-31,32.29
CUST_04648,2024-07-31,7.77
CUST_03327,2024-07-31,48.96
CUST_01175,2024-07-31,4.99
CUST_00705,2024-07-31,26.25
CUST_02865,2024-07-31,10.38
CUST_01463,2024-07-31,20.59
CUST_01300,2024-07-31,27.6
CUST_00042,2024-07-31,37.65
CUST_04622,2024-07-31,27.4
CUST_02782,2024-07-31,22.48
CUST_04244,2024-07-31,17.59
CUST_03724,2024-07-31,25.21
CUST_00697,2024-07-31,30.74
CUST_02765,2024-07-31,9.96
CUST_01001,2024-07-31,18.85
CUST_04346,2024-08-01,338.01
CUST_01234,2024-08-01,5.94
CUST_03786,2024-08-01,7.83
CUST_04911,2024-08-01,91.02
CUST_02986,2024-08-01,22.44
CUST_02301,2024-08-01,91.06
CUST_03063,2024-08-01,55.58
CUST_00345,2024-08-01,151.2
CUST_04726,2024-08-01,92.52
CUST_04397,2024-08-01,15.97
CUST_01407,2024-08-01,126.88
CUST_02595,2024-08-01,138.08
CUST_04141,2024-08-01,93.19
CUST_04145,2024-08-01,43.49
CUST_03456,2024-08-01,20.29
CUST_04593,2024-08-01,76.72
CUST_03218,2024-08-01,11.84
CUST_00655,2024-08-01,10.28
CUST_02143,2024-08-01,44.77
CUST_00875,2024-08-01,24.05
CUST_04379,2024-08-01,48.52
CUST_02764,2024-08-01,28.27
CUST_02006,2024-08-01,9.63
CUST_04200,2024-08-01,39.81
CUST_04580,2024-08-01,23.14
CUST_03894,2024-08-02,23.55
CUST_03498,2024-08-02,20.49
CUST_03826,2024-08-02,14.54
CUST_02345,2024-08-02,33.29
CUST_02364,2024-08-02,16.17
CUST_03888,2024-08-02,9.97
CUST_04996,2024-08-02,53.55
CUST_03783,2024-08-02,30.62
CUST_02238,2024-08-02,13.89
CUST_04038,2024-08-02,135.52
CUST_02539,2024-08-02,8.47
CUST_02077,2024-08-02,24.58
CUST_03373,2024-08-02,20.74
CUST_04813,2024-08-02,244.98
CUST_00877,2024-08-02,75.75
CUST_01243,2024-08-02,54.85
CUST_02568,2024-08-02,39.34
CUST_02476,2024-08-02,3.8
CUST_04498,2024-08-02,9.78
CUST_02705,2024-08-02,9.76
CUST_00678,2024-08-03,35.7
CUST_02545,2024-08-03,13.28
CUST_00219,2024-08-03,72.65
CUST_00986,2024-08-03,55.36
CUST_02164,2024-08-03,236.65
CUST_01856,2024-08-03,27.06
CUST_01260,2024-08-03,65.23
CUST_00704,2024-08-03,49.12
CUST_04244,2024-08-03,60.75
CUST_04581,2024-08-03,166.4
CUST_04631,2024-08-03,20.82
CUST_02142,2024-08-03,11.57
CUST_04707,2024-08-03,29.75
CUST_00333,2024-08-03,115.57
CUST_03669,2024-08-03,22.5
CUST_04281,2024-08-03,21.65
CUST_03102,2024-08-03,17.67
CUST_03848,2024-08-03,22.36
CUST_01194,2024-08-03,31.58
CUST_03475,2024-08-04,69.51
CUST_04365,2024-08-04,43.87
CUST_02231,2024-08-04,74.28
CUST_00951,2024-08-04,49.5
CUST_04299,2024-08-04,53.66
CUST_03456,2024-08-04,19.79
CUST_02579,2024-08-04,75.07
CUST_01347,2024-08-04,95.03
CUST_03554,2024-08-04,7.09
CUST_00681,2024-08-04,62.72
CUST_00912,2024-08-04,11.96
CUST_00975,2024-08-04,36.43
CUST_02539,2024-08-04,73.76
CUST_02361,2024-08-04,39.94
CUST_03682,2024-08-04,28.38
CUST_02301,2024-08-04,19.09
CUST_00850,2024-08-04,48.02
CUST_03498,2024-08-04,34.51
CUST_03311,2024-08-04,75.25
CUST_02612,2024-08-04,32.93
CUST_01365,2024-08-04,33.28
CUST_03783,2024-08-04,12.2
CUST_03826,2024-08-04,15.98
CUST_01849,2024-08-05,22.06
CUST_00680,2024-08-05,47.64
CUST_01471,2024-08-05,120.82
CUST_02670,2024-08-05,19.96
CUST_02912,2024-08-05,7.89
CUST_00741,2024-08-05,6.27
CUST_03090,2024-08-05,12.55
CUST_01444,2024-08-05,22.63
CUST_00579,2024-08-05,21.87
CUST_04823,2024-08-05,58.45
CUST_04612,2024-08-05,13.68
CUST_00491,2024-08-05,19.38
CUST_01845,2024-08-05,59.14
CUST_01075,2024-08-05,21.95
CUST_00121,2024-08-05,4.17
CUST_02391,2024-08-05,42.92
CUST_04109,2024-08-05,261.73
CUST_02301,2024-08-05,6.34
CUST_03107,2024-08-05,14.5
CUST_01114,2024-08-05,18.77
CUST_00442,2024-08-05,5.91
CUST_03590,2024-08-05,28.77
CUST_00193,2024-08-06,23.24
CUST_02539,2024-08-06,13.56
CUST_04281,2024-08-06,91.95
CUST_04947,2024-08-06,21.71
CUST_02268,2024-08-06,18.61
CUST_04317,2024-08-06,18.24
CUST_01772,2024-08-06,4.91
CUST_01634,2024-08-06,21.4
CUST_01038,2024-08-06,17.31
CUST_04860,2024-08-06,48.63
CUST_02625,2024-08-06,7.42
CUST_03357,2024-08-06,8.98
CUST_04506,2024-08-06,80.27
CUST_00016,2024-08-06,36.41
CUST_03164,2024-08-06,28.32
CUST_02901,2024-08-06,29.39
CUST_02398,2024-08-06,32.78
CUST_04490,2024-08-06,12.69
CUST_03260,2024-08-06,28.78
CUST_04027,2024-08-06,5.14
CUST_03268,2024-08-06,39.36
CUST_00547,2024-08-06,38.55
CUST_03931,2024-08-06,23.76
CUST_03680,2024-08-06,22.93
CUST_04034,2024-08-07,8.41
CUST_03818,2024-08-07,31.18
CUST_01354,2024-08-07,57.61
CUST_04877,2024-08-07,24.87
CUST_01721,2024-08-07,9.98
CUST_00439,2024-08-07,21.01
CUST_01123,2024-08-07,22.05
CUST_01477,2024-08-07,23.73
CUST_02120,2024-08-07,23.52
CUST_00574,2024-08-07,7.56
CUST_04140,2024-08-07,12.49
CUST_04260,2024-08-07,44.75
CUST_01960,2024-08-07,27.3
CUST_02832,2024-08-07,6.34
CUST_03544,2024-08-07,14.45
CUST_04691,2024-08-07,18.28
CUST_03374,2024-08-07,30.91
CUST_00046,2024-08-07,5.66
CUST_00117,2024-08-07,91.46
CUST_00664,2024-08-07,10.81
CUST_01571,2024-08-07,35.09
CUST_00343,2024-08-08,9.78
CUST_04623,2024-08-08,49.53
CUST_04300,2024-08-08,16.78
CUST_02047,2024-08-08,15.88
CUST_01326,2024-08-08,21.79
CUST_03668,2024-08-08,46.05
CUST_04324,2024-08-08,58.32
CUST_01196,2024-08-08,18.62
CUST_04910,2024-08-08,22.05
CUST_00668,2024-08-08,1.97
CUST_03658,2024-08-08,26.51
CUST_04608,2024-08-08,30.23
CUST_03786,2024-08-08,9.82
CUST_01455,2024-08-08,7.01
CUST_02966,2024-08-08,87.7
CUST_00934,2024-08-08,87.66
CUST_01051,2024-08-08,10.77
CUST_04300,2024-08-08,88.86
CUST_01922,2024-08-08,15.65
CUST_03508,2024-08-08,10.22
CUST_03102,2024-08-08,42.66
CUST_02413,2024-08-08,5.65
CUST_00885,2024-08-08,25.31
CUST_02121,2024-08-08,27.79
CUST_03369,2024-08-08,23.72
CUST_04987,2024-08-08,37.3
CUST_02569,2024-08-08,2.72
CUST_03908,2024-08-09,4.98
CUST_01705,2024-08-09,9.61
CUST_01772,2024-08-09,30.19
CUST_00519,2024-08-09,21.99
CUST_03821,2024-08-09,9.99
CUST_04300,2024-08-09,39.85
CUST_00856,2024-08-09,4.69
CUST_00722,2024-08-09,21.53
CUST_04307,2024-08-09,112.52
CUST_03705,2024-08-09,24.0
CUST_00499,2024-08-09,11.22
CUST_02579,2024-08-09,3.6
CUST_02355,2024-08-09,34.24
CUST_00680,2024-08-09,33.95
CUST_04051,2024-08-09,9.3
CUST_04899,2024-08-09,87.71
CUST_01852,2024-08-09,18.58
CUST_02539,2024-08-09,98.16
CUST_03182,2024-08-09,50.16
CUST_00750,2024-08-09,41.92
CUST_04745,2024-08-09,110.37
CUST_04999,2024-08-09,4.03
CUST_00465,2024-08-09,22.85
CUST_04313,2024-08-09,7.81
CUST_03791,2024-08-10,24.36
CUST_01644,2024-08-10,19.1
CUST_00343,2024-08-10,73.58
CUST_01430,2024-08-10,24.07
CUST_01085,2024-08-10,17.46
CUST_02260,2024-08-10,20.93
CUST_02465,2024-08-10,9.56
CUST_04088,2024-08-10,46.61
CUST_04232,2024-08-10,6.9
CUST_02484,2024-08-10,5.43
CUST_04910,2024-08-10,63.93
CUST_03816,2024-08-10,54.6
CUST_00878,2024-08-10,21.33
CUST_03795,2024-08-10,59.25
CUST_04689,2024-08-10,9.68
CUST_04447,2024-08-10,29.71
CUST_02360,2024-08-10,81.68
CUST_02806,2024-08-10,14.46
CUST_00528,2024-08-10,3.18
CUST_04003,2024-08-10,26.11
CUST_02907,2024-08-11,11.74
CUST_00934,2024-08-11,21.58
CUST_03875,2024-08-11,163.9
CUST_04281,2024-08-11,110.12
CUST_04308,2024-08-11,100.15
CUST_03320,2024-08-11,41.96
CUST_04519,2024-08-11,12.0
CUST_03771,2024-08-11,18.56
CUST_04726,2024-08-11,10.29
CUST_04726,2024-08-11,9.51
CUST_01138,2024-08-11,10.01
CUST_03054,2024-08-11,54.0
CUST_03400,2024-08-11,52.66
CUST_00951,2024-08-11,96.61
CUST_04036,2024-08-11,39.35
CUST_01531,2024-08-11,6.26
CUST_02261,2024-08-12,9.78
CUST_03845,2024-08-12,5.82
CUST_00934,2024-08-12,2.84
CUST_00596,2024-08-12,9.88
CUST_02478,2024-08-12,3.18
CUST_00705,2024-08-12,35.14
CUST_04222,2024-08-12,12.6
CUST_04025,2024-08-12,13.19
CUST_03355,2024-08-12,62.31
CUST_03245,2024-08-12,38.97
CUST_03921,2024-08-12,62.99
CUST_00016,2024-08-12,31.52
CUST_04747,2024-08-12,11.47
CUST_00591,2024-08-12,10.07
CUST_04300,2024-08-12,98.91
CUST_04117,2024-08-12,4.65
CUST_02100,2024-08-12,52.04
CUST_04120,2024-08-12,68.88
CUST_03290,2024-08-12,21.6
CUST_04884,2024-08-12,20.03
CUST_02927,2024-08-12,19.6
CUST_03102,2024-08-12,4.74
CUST_01205,2024-08-13,4.12
CUST_01763,2024-08-13,25.3
CUST_03783,2024-08-13,50.69
CUST_04658,2024-08-13,19.97
CUST_01792,2024-08-13,35.98
CUST_02898,2024-08-13,37.96
CUST_03008,2024-08-13,94.32
CUST_04217,2024-08-13,5.99
CUST_03006,2024-08-13,24.74
CUST_02159,2024-08-13,4.78
CUST_03306,2024-08-13,27.49
CUST_03102,2024-08-13,46.99
CUST_01241,2024-08-13,5.37
CUST_04672,2024-08-13,69.37
CUST_02428,2024-08-13,31.63
CUST_00597,2024-08-13,10.68
CUST_01430,2024-08-13,33.82
CUST_01688,2024-08-13,37.88
CUST_02980,2024-08-13,7.73
CUST_00767,2024-08-13,44.04
CUST_03320,2024-08-13,20.64
CUST_03500,2024-08-13,35.63
CUST_01301,2024-08-13,362.09
CUST_00982,2024-08-14,22.13
CUST_01909,2024-08-14,34.35
CUST_01731,2024-08-14,5.93
CUST_00156,2024-08-14,10.45
CUST_03145,2024-08-14,4.9
CUST_02068,2024-08-14,7.87
CUST_01859,2024-08-14,67.53
CUST_02124,2024-08-14,19.59
CUST_00982,2024-08-14,8.61
CUST_01532,2024-08-14,21.28
CUST_00603,2024-08-14,31.96
CUST_03309,2024-08-14,24.2
CUST_03720,2024-08-14,3.21
CUST_04300,2024-08-14,32.07
CUST_03054,2024-08-14,42.18
CUST_00277,2024-08-14,20.15
CUST_02978,2024-08-14,68.91
CUST_03269,2024-08-14,171.97
CUST_02408,2024-08-14,3.74
CUST_01336,2024-08-14,93.54
CUST_04597,2024-08-14,160.62
CUST_03727,2024-08-14,10.95
CUST_03602,2024-08-14,7.29
CUST_03705,2024-08-14,7.59
CUST_03602,2024-08-14,11.58
CUST_04147,2024-08-14,16.88
CUST_00150,2024-08-14,5.16
CUST_01154,2024-08-14,5.3
CUST_00598,2024-08-14,80.81
CUST_00738,2024-08-14,12.92
CUST_00551,2024-08-14,12.1
CUST_04483,2024-08-14,2.53
CUST_03813,2024-08-14,27.43
CUST_02024,2024-08-14,4.55
CUST_04189,2024-08-14,10.04
CUST_02672,2024-08-14,15.53
CUST_04204,2024-08-15,26.97
CUST_01687,2024-08-15,51.29
CUST_04365,2024-08-15,13.76
CUST_04499,2024-08-15,44.43
CUST_02355,2024-08-15,1.89
CUST_03769,2024-08-15,46.15
CUST_00584,2024-08-15,13.59
CUST_03297,2024-08-15,9.49
CUST_01698,2024-08-15,22.45
CUST_03485,2024-08-15,48.04
CUST_04300,2024-08-15,28.34
CUST_01639,2024-08-15,9.11
CUST_02794,2024-08-15,39.02
CUST_01793,2024-08-15,11.8
CUST_02407,2024-08-15,4.43
CUST_01844,2024-08-15,8.35
CUST_04300,2024-08-15,6.75
CUST_00043,2024-08-15,7.69
CUST_02164,2024-08-15,6.16
CUST_00258,2024-08-15,13.23
CUST_01407,2024-08-15,20.21
CUST_04492,2024-08-15,80.02
CUST_04274,2024-08-15,5.13
CUST_04041,2024-08-15,50.07
CUST_04666,2024-08-15,40.26
CUST_01245,2024-08-15,44.15
CUST_03555,2024-08-15,18.53
CUST_00596,2024-08-15,20.84
CUST_01730,2024-08-15,119.36
CUST_01811,2024-08-15,20.32
CUST_04321,2024-08-15,7.46
CUST_02766,2024-08-16,82.45
CUST_04370,2024-08-16,3.12
CUST_04564,2024-08-16,138.82
CUST_04339,2024-08-16,3.57
CUST_03245,2024-08-16,14.85
CUST_00782,2024-08-16,56.27
CUST_03245,2024-08-16,29.25
CUST_02999,2024-08-16,10.9
CUST_00877,2024-08-16,29.65
CUST_02927,2024-08-16,177.54
CUST_04845,2024-08-16,60.93
CUST_01819,2024-08-16,18.28
CUST_00452,2024-08-16,18.32
CUST_00723,2024-08-16,104.97
CUST_04343,2024-08-16,62.47
CUST_04120,2024-08-16,148.78
CUST_00172,2024-08-16,12.93
CUST_02750,2024-08-16,5.53
CUST_04679,2024-08-16,18.36
CUST_03308,2024-08-16,47.08
CUST_03776,2024-08-16,11.31
CUST_00369,2024-08-16,27.94
CUST_00058,2024-08-16,53.1
CUST_01274,2024-08-16,10.36
CUST_03705,2024-08-17,11.77
CUST_01416,2024-08-17,23.24
CUST_01195,2024-08-17,5.93
CUST_03259,2024-08-17,41.92
CUST_02734,2024-08-17,16.6
CUST_01846,2024-08-17,13.08
CUST_01848,2024-08-17,22.07
CUST_04689,2024-08-17,166.09
CUST_02901,2024-08-17,55.02
CUST_04689,2024-08-17,53.51
CUST_03113,2024-08-17,11.55
CUST_01295,2024-08-17,127.84
CUST_02059,2024-08-17,55.9
CUST_01699,2024-08-17,11.94
CUST_01656,2024-08-17,15.63
CUST_04678,2024-08-17,10.44
CUST_03311,2024-08-17,24.54
CUST_01553,2024-08-17,26.86
CUST_03006,2024-08-17,24.62
CUST_00509,2024-08-17,6.08
CUST_03869,2024-08-17,8.71
CUST_02121,2024-08-17,10.49
CUST_04244,2024-08-18,8.48
CUST_01258,2024-08-18,7.05
CUST_03054,2024-08-18,3.89
CUST_03205,2024-08-18,21.86
CUST_00579,2024-08-18,16.8
CUST_04951,2024-08-18,43.17
CUST_01113,2024-08-18,45.11
CUST_00552,2024-08-18,117.32
CUST_00731,2024-08-18,16.43
CUST_03780,2024-08-18,9.21
CUST_00912,2024-08-18,11.25
CUST_00979,2024-08-18,18.07
CUST_01841,2024-08-18,53.36
CUST_02938,2024-08-18,51.35
CUST_02812,2024-08-18,17.65
CUST_02783,2024-08-18,19.1
CUST_02156,2024-08-18,18.15
CUST_01771,2024-08-18,3.85
CUST_04999,2024-08-18,41.53
CUST_00234,2024-08-19,54.73
CUST_02434,2024-08-19,13.76
CUST_03278,2024-08-19,58.14
CUST_03062,2024-08-19,20.58
CUST_03181,2024-08-19,52.64
CUST_00870,2024-08-19,16.64
CUST_02532,2024-08-19,8.63
CUST_02447,2024-08-19,74.61
CUST_04402,2024-08-19,24.34
CUST_01661,2024-08-19,2.71
CUST_00138,2024-08-19,29.05
CUST_02595,2024-08-19,53.52
CUST_01360,2024-08-19,18.51
CUST_04713,2024-08-19,6.02
CUST_04289,2024-08-19,8.08
CUST_00820,2024-08-19,64.15
CUST_02748,2024-08-19,8.43
CUST_02667,2024-08-19,32.97
CUST_04735,2024-08-19,28.43
CUST_02351,2024-08-19,21.05
CUST_03956,2024-08-19,14.77
CUST_03783,2024-08-19,6.45
CUST_04767,2024-08-19,62.17
CUST_00205,2024-08-20,15.2
CUST_04899,2024-08-20,30.3
CUST_02154,2024-08-20,71.74
CUST_02721,2024-08-20,1.01
CUST_01384,2024-08-20,38.51
CUST_00596,2024-08-20,9.68
CUST_02539,2024-08-20,8.86
CUST_04994,2024-08-20,33.2
CUST_02238,2024-08-20,96.63
CUST_04823,2024-08-20,18.22
CUST_01656,2024-08-20,25.48
CUST_00702,2024-08-20,39.78
CUST_04584,2024-08-20,19.12
CUST_04408,2024-08-20,10.25
CUST_02890,2024-08-20,4.45
CUST_02699,2024-08-20,15.01
CUST_01421,2024-08-20,14.69
CUST_04760,2024-08-20,6.47
CUST_02355,2024-08-20,6.65
CUST_01477,2024-08-20,13.57
CUST_02029,2024-08-20,2.77
CUST_02371,2024-08-20,9.77
CUST_00213,2024-08-20,68.89
CUST_00655,2024-08-20,22.63
CUST_01536,2024-08-21,49.84
CUST_01430,2024-08-21,26.33
CUST_02413,2024-08-21,15.89
CUST_04855,2024-08-21,58.12
CUST_02974,2024-08-21,19.86
CUST_02343,2024-08-21,26.87
CUST_03686,2024-08-21,56.19
CUST_00369,2024-08-21,9.45
CUST_01253,2024-08-21,16.14
CUST_01260,2024-08-21,13.55
CUST_01186,2024-08-21,9.69
CUST_03155,2024-08-21,15.96
CUST_01848,2024-08-21,67.9
CUST_04747,2024-08-21,5.91
CUST_00233,2024-08-21,31.05
CUST_02272,2024-08-21,6.32
CUST_02720,2024-08-21,8.48
CUST_02017,2024-08-21,55.13
CUST_01086,2024-08-22,3.36
CUST_04152,2024-08-22,48.83
CUST_03592,2024-08-22,14.19
CUST_01696,2024-08-22,8.18
CUST_04281,2024-08-22,71.92
CUST_04745,2024-08-22,25.42
CUST_02413,2024-08-22,143.65
CUST_04915,2024-08-22,14.59
CUST_02121,2024-08-22,12.83
CUST_01639,2024-08-22,41.63
CUST_02862,2024-08-22,46.55
CUST_01455,2024-08-22,35.39
CUST_03001,2024-08-22,12.18
CUST_01260,2024-08-22,29.74
CUST_03725,2024-08-22,67.52
CUST_02205,2024-08-22,7.78
CUST_00954,2024-08-22,9.72
CUST_00284,2024-08-22,91.49
CUST_02539,2024-08-22,90.71
CUST_03715,2024-08-22,13.93
CUST_02787,2024-08-22,1.83
CUST_00643,2024-08-22,39.29
CUST_04300,2024-08-23,16.0
CUST_00293,2024-08-23,51.32
CUST_02902,2024-08-23,20.12
CUST_00959,2024-08-23,22.69
CUST_04809,2024-08-23,143.69
CUST_04922,2024-08-23,114.93
CUST_03391,2024-08-23,15.53
CUST_03385,2024-08-23,70.44
CUST_04227,2024-08-23,11.38
CUST_01315,2024-08-23,25.26
CUST_01155,2024-08-23,8.03
CUST_04543,2024-08-23,25.04
CUST_03977,2024-08-23,18.81
CUST_01983,2024-08-23,71.95
CUST_00437,2024-08-23,5.1
CUST_03545,2024-08-23,26.5
CUST_04778,2024-08-23,6.58
CUST_02320,2024-08-23,7.37
CUST_04760,2024-08-23,61.69
CUST_03668,2024-08-23,14.42
CUST_00998,2024-08-23,10.26
CUST_00072,2024-08-23,109.56
CUST_03772,2024-08-23,29.14
CUST_03254,2024-08-24,7.33
CUST_01357,2024-08-24,21.94
CUST_04660,2024-08-24,29.94
CUST_00806,2024-08-24,129.21
CUST_03783,2024-08-24,26.64
CUST_01952,2024-08-24,17.41
CUST_03783,2024-08-24,1.08
CUST_01195,2024-08-24,10.88
CUST_00653,2024-08-24,25.28
CUST_01475,2024-08-24,22.68
CUST_00313,2024-08-24,6.08
CUST_01430,2024-08-24,6.29
CUST_01708,2024-08-24,14.57
CUST_02584,2024-08-24,3.38
CUST_00333,2024-08-24,71.8
CUST_01698,2024-08-25,32.12
CUST_02943,2024-08-25,23.45
CUST_01007,2024-08-25,12.49
CUST_02060,2024-08-25,24.63
CUST_03320,2024-08-25,29.44
CUST_04164,2024-08-25,12.19
CUST_01624,2024-08-25,13.36
CUST_04098,2024-08-25,65.56
CUST_01241,2024-08-25,24.5
CUST_03898,2024-08-25,10.21
CUST_01315,2024-08-25,22.63
CUST_02323,2024-08-25,12.32
CUST_03367,2024-08-25,64.03
CUST_04765,2024-08-25,47.17
CUST_03393,2024-08-25,124.68
CUST_04533,2024-08-25,1.45
CUST_03203,2024-08-25,4.97
CUST_02686,2024-08-25,5.54
CUST_03771,2024-08-25,13.88
CUST_01737,2024-08-25,42.69
CUST_01455,2024-08-26,120.66
CUST_01532,2024-08-26,52.81
CUST_00096,2024-08-26,16.05
CUST_00725,2024-08-26,21.96
CUST_01778,2024-08-26,112.92
CUST_04651,2024-08-26,20.94
CUST_00136,2024-08-26,18.74
CUST_00877,2024-08-26,7.13
CUST_02873,2024-08-26,22.47
CUST_02638,2024-08-26,41.65
CUST_04823,2024-08-26,3.69
CUST_01656,2024-08-26,32.59
CUST_04765,2024-08-26,25.47
CUST_02610,2024-08-26,20.04
CUST_03239,2024-08-26,32.19
CUST_01721,2024-08-26,121.25
CUST_00619,2024-08-26,8.0
CUST_00504,2024-08-26,43.59
CUST_03494,2024-08-26,60.88
CUST_03783,2024-08-26,72.97
CUST_00973,2024-08-26,27.1
CUST_00031,2024-08-26,19.28
CUST_01822,2024-08-26,11.35
CUST_03018,2024-08-26,40.24
CUST_00965,2024-08-26,37.29
CUST_02276,2024-08-26,22.7
CUST_00895,2024-08-27,9.18
CUST_04519,2024-08-27,36.04
CUST_01095,2024-08-27,53.61
CUST_03988,2024-08-27,12.32
CUST_00087,2024-08-27,8.31
CUST_03864,2024-08-27,29.27
CUST_03089,2024-08-27,93.57
CUST_03377,2024-08-27,60.16
CUST_01094,2024-08-27,25.64
CUST_04402,2024-08-27,159.07
CUST_02795,2024-08-27,71.7
CUST_01354,2024-08-27,7.23
CUST_02746,2024-08-27,5.11
CUST_04842,2024-08-27,22.52
CUST_04566,2024-08-27,49.23
CUST_00781,2024-08-28,204.0
CUST_02862,2024-08-28,15.86
CUST_04189,2024-08-28,17.6
CUST_04765,2024-08-28,30.88
CUST_02050,2024-08-28,19.95
CUST_00702,2024-08-28,23.52
CUST_03300,2024-08-28,9.57
CUST_00927,2024-08-28,20.1
CUST_04980,2024-08-28,30.72
CUST_02578,2024-08-28,15.27
CUST_01785,2024-08-28,26.83
CUST_03489,2024-08-28,106.94
CUST_04134,2024-08-28,28.35
CUST_04561,2024-08-28,179.8
CUST_04767,2024-08-28,3.73
CUST_02539,2024-08-28,21.84
CUST_01575,2024-08-28,20.04
CUST_00187,2024-08-28,11.31
CUST_00587,2024-08-29,35.17
CUST_02692,2024-08-29,9.17
CUST_03768,2024-08-29,17.64
CUST_01430,2024-08-29,58.88
CUST_03896,2024-08-29,7.23
CUST_00976,2024-08-29,26.71
CUST_02696,2024-08-29,4.73
CUST_04136,2024-08-29,26.93
CUST_04053,2024-08-29,4.34
CUST_03988,2024-08-29,3.03
CUST_04187,2024-08-29,3.55
CUST_02124,2024-08-29,2.14
CUST_00698,2024-08-29,36.48
CUST_01049,2024-08-29,7.0
CUST_01309,2024-08-29,11.46
CUST_01892,2024-08-29,17.78
CUST_04479,2024-08-29,95.0
CUST_01664,2024-08-30,4.5
CUST_03313,2024-08-30,11.7
CUST_03465,2024-08-30,5.27
CUST_01248,2024-08-30,6.85
CUST_00016,2024-08-30,17.93
CUST_03311,2024-08-30,62.73
CUST_03043,2024-08-30,44.0
CUST_00194,2024-08-30,53.88
CUST_02413,2024-08-30,8.85
CUST_04111,2024-08-30,5.19
CUST_03536,2024-08-30,8.88
CUST_03447,2024-08-30,3.9
CUST_02688,2024-08-30,18.82
CUST_03526,2024-08-30,70.58
CUST_04281,2024-08-30,12.06
CUST_00185,2024-08-30,27.84
CUST_00466,2024-08-30,41.37
CUST_00439,2024-08-30,12.97
CUST_03668,2024-08-30,13.0
CUST_00012,2024-08-30,17.56
CUST_00606,2024-08-30,11.92
CUST_03813,2024-08-30,12.69
CUST_00156,2024-08-30,8.23
CUST_03327,2024-08-30,5.6
CUST_04747,2024-08-30,10.85
CUST_01794,2024-08-30,32.54
CUST_03536,2024-08-31,10.88
CUST_02966,2024-08-31,6.83
CUST_00535,2024-08-31,18.65
CUST_03485,2024-08-31,64.21
CUST_02667,2024-08-31,11.0
CUST_01622,2024-08-31,17.83
CUST_01260,2024-08-31,14.65
CUST_01849,2024-08-31,64.88
CUST_00183,2024-08-31,154.94
CUST_01455,2024-08-31,10.38
CUST_03014,2024-08-31,12.32
CUST_02527,2024-08-31,46.02
CUST_00668,2024-08-31,21.59
CUST_00638,2024-09-01,11.99
CUST_01455,2024-09-01,9.8
CUST_04331,2024-09-01,19.78
CUST_03268,2024-09-01,39.14
CUST_04041,2024-09-01,6.93
CUST_04038,2024-09-01,4.75
CUST_04168,2024-09-01,21.03
CUST_02239,2024-09-01,12.02
CUST_04141,2024-09-01,23.03
CUST_02806,2024-09-01,19.27
CUST_01361,2024-09-01,22.49
CUST_02938,2024-09-01,8.77
CUST_02413,2024-09-01,64.97
CUST_01532,2024-09-01,90.59
CUST_04120,2024-09-01,7.21
CUST_03710,2024-09-01,36.51
CUST_03320,2024-09-01,15.88
CUST_00265,2024-09-01,4.25
CUST_00798,2024-09-01,33.2
CUST_03355,2024-09-01,43.3
CUST_04550,2024-09-01,14.17
CUST_04744,2024-09-01,75.83
CUST_02980,2024-09-01,58.17
CUST_04747,2024-09-01,3.1
CUST_02695,2024-09-01,10.52
CUST_02539,2024-09-02,47.5
CUST_03102,2024-09-02,45.96
CUST_03400,2024-09-02,8.15
CUST_04191,2024-09-02,15.73
CUST_04161,2024-09-02,28.08
CUST_03666,2024-09-02,27.94
CUST_01699,2024-09-02,69.54
CUST_04519,2024-09-02,30.59
CUST_04922,2024-09-02,38.12
CUST_00767,2024-09-02,14.2
CUST_01709,2024-09-02,31.62
CUST_01642,2024-09-02,97.9
CUST_01376,2024-09-02,26.91
CUST_00333,2024-09-02,14.33
CUST_02812,2024-09-02,46.83
CUST_02614,2024-09-02,10.86
CUST_01186,2024-09-02,41.09
CUST_04519,2024-09-02,24.34
CUST_04967,2024-09-02,26.17
CUST_03523,2024-09-02,4.95
CUST_02801,2024-09-02,35.83
CUST_03863,2024-09-02,12.19
CUST_02826,2024-09-02,29.39
CUST_04935,2024-09-02,4.02
CUST_04400,2024-09-02,84.93
CUST_01700,2024-09-03,21.78
CUST_01147,2024-09-03,28.15
CUST_03165,2024-09-03,131.43
CUST_00875,2024-09-03,59.39
CUST_02694,2024-09-03,5.42
CUST_04098,2024-09-03,11.54
CUST_03160,2024-09-03,24.82
CUST_01527,2024-09-03,2.8
CUST_00702,2024-09-03,8.75
CUST_01156,2024-09-03,14.91
CUST_01648,2024-09-03,2.9
CUST_03151,2024-09-03,10.12
CUST_00369,2024-09-03,6.57
CUST_02364,2024-09-03,101.73
CUST_00877,2024-09-03,101.02
CUST_01371,2024-09-03,21.64
CUST_03042,2024-09-03,37.85
CUST_04679,2024-09-03,6.51
CUST_04244,2024-09-03,16.89
CUST_03569,2024-09-03,5.46
CUST_00030,2024-09-03,11.79
CUST_01164,2024-09-03,8.92
CUST_04793,2024-09-03,38.49
CUST_03850,2024-09-03,8.31
CUST_00249,2024-09-03,26.62
CUST_00233,2024-09-03,5.54
CUST_04344,2024-09-03,33.15
CUST_04383,2024-09-03,39.08
CUST_03646,2024-09-03,24.67
CUST_00484,2024-09-04,47.26
CUST_04058,2024-09-04,139.51
CUST_00176,2024-09-04,52.86
CUST_00028,2024-09-04,7.35
CUST_04620,2024-09-04,63.67
CUST_03358,2024-09-04,23.23
CUST_01407,2024-09-04,66.81
CUST_04210,2024-09-04,15.03
CUST_02262,2024-09-04,15.99
CUST_00680,2024-09-04,16.93
CUST_03006,2024-09-04,19.46
CUST_01463,2024-09-04,25.69
CUST_04994,2024-09-04,19.22
CUST_01138,2024-09-04,17.65
CUST_02020,2024-09-04,3.71
CUST_04292,2024-09-04,12.28
CUST_02767,2024-09-04,9.66
CUST_01319,2024-09-04,26.21
CUST_03456,2024-09-04,32.11
CUST_01614,2024-09-04,21.06
CUST_02413,2024-09-04,97.98
CUST_03050,2024-09-04,35.86
CUST_01922,2024-09-05,64.08
CUST_04347,2024-09-05,99.53
CUST_01668,2024-09-05,15.64
CUST_01778,2024-09-05,93.99
CUST_03970,2024-09-05,15.79
CUST_03536,2024-09-05,2.44
CUST_01394,2024-09-05,16.86
CUST_01430,2024-09-05,22.68
CUST_02696,2024-09-05,36.37
CUST_03327,2024-09-05,6.72
CUST_03847,2024-09-05,12.79
CUST_02351,2024-09-05,42.41
CUST_02909,2024-09-05,53.85
CUST_00292,2024-09-05,4.27
CUST_01532,2024-09-06,4.27
CUST_03355,2024-09-06,46.31
CUST_04098,2024-09-06,42.03
CUST_03533,2024-09-06,4.71
CUST_01594,2024-09-06,56.28
CUST_01612,2024-09-06,114.89
CUST_03919,2024-09-06,17.17
CUST_04890,2024-09-06,3.19
CUST_04483,2024-09-06,30.62
CUST_04552,2024-09-06,30.45
CUST_01472,2024-09-06,53.38
CUST_04614,2024-09-06,57.12
CUST_00060,2024-09-06,10.72
CUST_00982,2024-09-06,117.91
CUST_03001,2024-09-06,13.62
CUST_02230,2024-09-06,41.73
CUST_02413,2024-09-07,21.02
CUST_03368,2024-09-07,66.81
CUST_03355,2024-09-07,32.25
CUST_02980,2024-09-07,4.8
CUST_03808,2024-09-07,13.87
CUST_03675,2024-09-07,21.59
CUST_03001,2024-09-07,15.12
CUST_01043,2024-09-07,51.99
CUST_03121,2024-09-07,146.28
CUST_01114,2024-09-07,41.04
CUST_04128,2024-09-07,14.5
CUST_02043,2024-09-07,32.06
CUST_00491,2024-09-07,32.3
CUST_02686,2024-09-07,3.87
CUST_02748,2024-09-07,9.64
CUST_04281,2024-09-07,6.56
CUST_04483,2024-09-07,58.79
CUST_04216,2024-09-07,8.17
CUST_03054,2024-09-07,33.04
CUST_00862,2024-09-07,4.57
CUST_02613,2024-09-07,22.27
CUST_00178,2024-09-07,67.96
CUST_01195,2024-09-07,17.4
CUST_04877,2024-09-07,42.7
CUST_04497,2024-09-07,4.75
CUST_03405,2024-09-08,29.03
CUST_02945,2024-09-08,44.06
CUST_04335,2024-09-08,26.62
CUST_04365,2024-09-08,59.11
CUST_04823,2024-09-08,34.26
CUST_04988,2024-09-08,6.79
CUST_03743,2024-09-08,52.56
CUST_02980,2024-09-08,36.41
CUST_01528,2024-09-08,14.91
CUST_01430,2024-09-08,7.73
CUST_04519,2024-09-08,81.31
CUST_03988,2024-09-08,15.48
CUST_01201,2024-09-08,12.86
CUST_02164,2024-09-08,48.08
CUST_02275,2024-09-08,25.25
CUST_00401,2024-09-08,26.58
CUST_02301,2024-09-08,46.16
CUST_03874,2024-09-08,55.04
CUST_03541,2024-09-08,22.06
CUST_03658,2024-09-08,29.58
CUST_01844,2024-09-08,1.88
CUST_04952,2024-09-09,18.46
CUST_00063,2024-09-09,37.79
CUST_04943,2024-09-09,31.76
CUST_03466,2024-09-09,18.41
CUST_03001,2024-09-09,71.45
CUST_02653,2024-09-09,25.93
CUST_03320,2024-09-09,9.67
CUST_04855,2024-09-09,19.02
CUST_01138,2024-09-09,7.85
CUST_00638,2024-09-09,34.28
CUST_00336,2024-09-09,6.62
CUST_03946,2024-09-09,20.11
CUST_03811,2024-09-09,73.35
CUST_03959,2024-09-09,13.08
CUST_02147,2024-09-09,74.13
CUST_04548,2024-09-10,12.33
CUST_02040,2024-09-10,30.59
CUST_02429,2024-09-10,6.87
CUST_04837,2024-09-10,45.22
CUST_04519,2024-09-10,26.65
CUST_03904,2024-09-10,53.25
CUST_02299,2024-09-10,12.86
CUST_03668,2024-09-10,54.3
CUST_02427,2024-09-10,12.52
CUST_04753,2024-09-10,17.55
CUST_00596,2024-09-10,7.19
CUST_00323,2024-09-10,16.31
CUST_04885,2024-09-10,21.42
CUST_04544,2024-09-10,15.92
CUST_02330,2024-09-10,28.04
CUST_04910,2024-09-10,65.8
CUST_03588,2024-09-10,34.92
CUST_04300,2024-09-10,16.34
CUST_02355,2024-09-10,33.98
CUST_03456,2024-09-10,92.68
CUST_00063,2024-09-10,35.24
CUST_02539,2024-09-10,5.47
CUST_02620,2024-09-10,2.68
CUST_02355,2024-09-10,14.7
CUST_02931,2024-09-10,26.87
CUST_01444,2024-09-10,11.54
CUST_00713,2024-09-10,46.36
CUST_04809,2024-09-10,155.87
CUST_01922,2024-09-10,17.07
CUST_02019,2024-09-10,14.32
CUST_03783,2024-09-11,73.65
CUST_02539,2024-09-11,5.44
CUST_04047,2024-09-11,33.64
CUST_00954,2024-09-11,19.35
CUST_01476,2024-09-11,32.7
CUST_02585,2024-09-11,26.82
CUST_01495,2024-09-11,250.24
CUST_03269,2024-09-11,1.82
CUST_04798,2024-09-11,16.39
CUST_00509,2024-09-11,37.51
CUST_03182,2024-09-11,247.33
CUST_04958,2024-09-11,7.67
CUST_03016,2024-09-11,11.28
CUST_00462,2024-09-11,11.33
CUST_02699,2024-09-11,11.81
CUST_04300,2024-09-11,10.29
CUST_03469,2024-09-11,15.3
CUST_03245,2024-09-11,2.64
CUST_01391,2024-09-12,117.09
CUST_04098,2024-09-12,29.54
CUST_04945,2024-09-12,24.3
CUST_02772,2024-09-12,58.96
CUST_03072,2024-09-12,33.1
CUST_02301,2024-09-12,19.36
CUST_04519,2024-09-12,45.49
CUST_04519,2024-09-12,27.27
CUST_00098,2024-09-12,5.59
CUST_04911,2024-09-12,12.98
CUST_04234,2024-09-12,16.19
CUST_04863,2024-09-12,55.84
CUST_04726,2024-09-12,60.16
CUST_04896,2024-09-12,79.33
CUST_02095,2024-09-12,53.04
CUST_00012,2024-09-12,8.39
CUST_04732,2024-09-12,6.91
CUST_03140,2024-09-12,32.71
CUST_00178,2024-09-12,33.53
CUST_04100,2024-09-12,18.5
CUST_00323,2024-09-12,11.75
CUST_04077,2024-09-12,8.16
CUST_00284,2024-09-12,18.47
CUST_03384,2024-09-12,250.35
CUST_02345,2024-09-12,27.56
CUST_00248,2024-09-12,4.13
CUST_00591,2024-09-13,31.22
CUST_00176,2024-09-13,18.79
CUST_00850,2024-09-13,24.3
CUST_04789,2024-09-13,34.71
CUST_02806,2024-09-13,10.88
CUST_04120,2024-09-13,68.34
CUST_04855,2024-09-13,46.57
CUST_04703,2024-09-13,5.87
CUST_03679,2024-09-13,58.13
CUST_03422,2024-09-13,9.62
CUST_02121,2024-09-13,15.61
CUST_02679,2024-09-13,10.58
CUST_02945,2024-09-13,36.26
CUST_04191,2024-09-13,25.43
CUST_00546,2024-09-13,40.43
CUST_04198,2024-09-13,41.16
CUST_02888,2024-09-13,9.13
CUST_04496,2024-09-13,17.79
CUST_02085,2024-09-13,22.25
CUST_03686,2024-09-13,29.54
CUST_02655,2024-09-13,29.11
CUST_01138,2024-09-14,5.56
CUST_00757,2024-09-14,19.53
CUST_04823,2024-09-14,24.59
CUST_03095,2024-09-14,172.0
CUST_00375,2024-09-14,198.29
CUST_03155,2024-09-14,43.73
CUST_02120,2024-09-14,40.92
CUST_03551,2024-09-14,35.72
CUST_04742,2024-09-14,14.45
CUST_02524,2024-09-14,8.52
CUST_04746,2024-09-14,18.38
CUST_04300,2024-09-14,6.69
CUST_03456,2024-09-14,34.01
CUST_01394,2024-09-14,9.7
CUST_02151,2024-09-14,16.23
CUST_02413,2024-09-14,10.18
CUST_00071,2024-09-14,117.99
CUST_04027,2024-09-14,27.88
CUST_02413,2024-09-14,33.54
CUST_04296,2024-09-14,33.17
CUST_03655,2024-09-14,7.56
CUST_04974,2024-09-15,4.01
CUST_03720,2024-09-15,34.18
CUST_01861,2024-09-15,23.09
CUST_02754,2024-09-15,41.03
CUST_04722,2024-09-15,3.83
CUST_03910,2024-09-15,72.02
CUST_00911,2024-09-15,7.07
CUST_01590,2024-09-15,12.46
CUST_04391,2024-09-15,7.55
CUST_03066,2024-09-15,12.11
CUST_02396,2024-09-15,16.6
CUST_02411,2024-09-15,85.63
CUST_02107,2024-09-15,28.09
CUST_01293,2024-09-15,12.5
CUST_00504,2024-09-15,22.5
CUST_01430,2024-09-15,3.14
CUST_04519,2024-09-15,12.76
CUST_03246,2024-09-15,16.03
CUST_03867,2024-09-15,22.02
CUST_01257,2024-09-15,19.22
CUST_01106,2024-09-16,64.9
CUST_02139,2024-09-16,32.43
CUST_03624,2024-09-16,8.8
CUST_04924,2024-09-16,27.05
CUST_02313,2024-09-16,5.4
CUST_03466,2024-09-16,9.9
CUST_00564,2024-09-16,46.61
CUST_02731,2024-09-16,8.71
CUST_03919,2024-09-16,9.87
CUST_03098,2024-09-16,43.04
CUST_01819,2024-09-16,26.03
CUST_01372,2024-09-16,9.0
CUST_03245,2024-09-16,31.61
CUST_03592,2024-09-16,57.09
CUST_04141,2024-09-16,59.02
CUST_04835,2024-09-16,60.11
CUST_00305,2024-09-16,15.59
CUST_00212,2024-09-16,10.38
CUST_01786,2024-09-16,5.35
CUST_03925,2024-09-16,6.39
CUST_00996,2024-09-16,22.55
CUST_01346,2024-09-16,3.17
CUST_04300,2024-09-16,43.11
CUST_04300,2024-09-16,11.4
CUST_02031,2024-09-16,10.82
CUST_01532,2024-09-16,14.13
CUST_00147,2024-09-16,30.04
CUST_01085,2024-09-17,74.71
CUST_00591,2024-09-17,14.78
CUST_00504,2024-09-17,10.57
CUST_00688,2024-09-17,23.79
CUST_04689,2024-09-17,22.63
CUST_02539,2024-09-17,26.0
CUST_01542,2024-09-17,11.15
CUST_00462,2024-09-17,4.1
CUST_03456,2024-09-17,6.81
CUST_03327,2024-09-17,5.39
CUST_04539,2024-09-17,245.84
CUST_00909,2024-09-17,91.81
CUST_03783,2024-09-17,5.47
CUST_02686,2024-09-17,5.31
CUST_03327,2024-09-17,24.2
CUST_04157,2024-09-17,14.69
CUST_02262,2024-09-17,25.32
CUST_03668,2024-09-17,95.78
CUST_02017,2024-09-17,83.36
CUST_03826,2024-09-17,9.8
CUST_04009,2024-09-17,14.57
CUST_02413,2024-09-17,24.41
CUST_02364,2024-09-18,17.57
CUST_04728,2024-09-18,21.89
CUST_00275,2024-09-18,8.01
CUST_03054,2024-09-18,16.49
CUST_02539,2024-09-18,7.29
CUST_03355,2024-09-18,28.94
CUST_03456,2024-09-18,9.79
CUST_02869,2024-09-18,8.75
CUST_03311,2024-09-18,68.09
CUST_02069,2024-09-18,19.54
CUST_03783,2024-09-18,11.65
CUST_03054,2024-09-18,8.67
CUST_02408,2024-09-18,20.06
CUST_01960,2024-09-18,16.88
CUST_04852,2024-09-18,5.45
CUST_00731,2024-09-18,30.17
CUST_02512,2024-09-18,7.02
CUST_00176,2024-09-18,7.56
CUST_00733,2024-09-18,14.73
CUST_02057,2024-09-19,17.41
CUST_03668,2024-09-19,6.59
CUST_03799,2024-09-19,81.44
CUST_04558,2024-09-19,3.51
CUST_02365,2024-09-19,82.27
CUST_00016,2024-09-19,7.38
CUST_02351,2024-09-19,17.9
CUST_01347,2024-09-19,7.54
CUST_04108,2024-09-19,25.24
CUST_02980,2024-09-19,47.03
CUST_04028,2024-09-19,92.49
CUST_04244,2024-09-19,59.23
CUST_01197,2024-09-19,44.21
CUST_04836,2024-09-19,6.82
CUST_04463,2024-09-19,7.42
CUST_04883,2024-09-19,7.08
CUST_01149,2024-09-19,14.15
CUST_02351,2024-09-20,8.0
CUST_03532,2024-09-20,62.52
CUST_03160,2024-09-20,72.87
CUST_04908,2024-09-20,18.12
CUST_02529,2024-09-20,44.28
CUST_03063,2024-09-20,62.67
CUST_03456,2024-09-20,18.69
CUST_02812,2024-09-20,10.12
CUST_02873,2024-09-20,26.72
CUST_03102,2024-09-20,27.36
CUST_02703,2024-09-20,3.23
CUST_00683,2024-09-20,16.75
CUST_03876,2024-09-20,81.64
CUST_02042,2024-09-20,7.25
CUST_04177,2024-09-20,63.98
CUST_04688,2024-09-20,25.91
CUST_01605,2024-09-20,18.06
CUST_03869,2024-09-20,17.96
CUST_04321,2024-09-20,14.87
CUST_00831,2024-09-20,17.68
CUST_04689,2024-09-21,80.63
CUST_04919,2024-09-21,6.6
CUST_03731,2024-09-21,5.95
CUST_02667,2024-09-21,15.44
CUST_02728,2024-09-21,23.52
CUST_02568,2024-09-21,11.1
CUST_01992,2024-09-21,3.97
CUST_04359,2024-09-21,9.41
CUST_02564,2024-09-21,35.52
CUST_04189,2024-09-21,22.43
CUST_03826,2024-09-21,25.73
CUST_02583,2024-09-21,29.64
CUST_03536,2024-09-21,12.94
CUST_02785,2024-09-21,4.72
CUST_04188,2024-09-21,4.87
CUST_03113,2024-09-21,37.88
CUST_01160,2024-09-21,11.15
CUST_02339,2024-09-21,18.85
CUST_02355,2024-09-21,14.72
CUST_03668,2024-09-22,65.24
CUST_02460,2024-09-22,12.8
CUST_01532,2024-09-22,56.5
CUST_00012,2024-09-22,11.61
CUST_01811,2024-09-22,173.0
CUST_02267,2024-09-22,14.52
CUST_04124,2024-09-22,53.8
CUST_02950,2024-09-22,22.96
CUST_01034,2024-09-22,10.21
CUST_02592,2024-09-22,30.9
CUST_01639,2024-09-22,105.08
CUST_04073,2024-09-22,15.67
CUST_03979,2024-09-22,22.99
CUST_04221,2024-09-22,40.32
CUST_03727,2024-09-22,12.93
CUST_00343,2024-09-22,32.19
CUST_04229,2024-09-22,40.42
CUST_01057,2024-09-22,11.29
CUST_04760,2024-09-22,39.29
CUST_03813,2024-09-22,11.69
CUST_03481,2024-09-22,144.65
CUST_03053,2024-09-23,41.17
CUST_04006,2024-09-23,14.7
CUST_04331,2024-09-23,7.45
CUST_03245,2024-09-23,3.4
CUST_01186,2024-09-23,51.53
CUST_04750,2024-09-23,61.64
CUST_01766,2024-09-23,20.9
CUST_04895,2024-09-23,4.22
CUST_00627,2024-09-23,19.6
CUST_03954,2024-09-23,70.83
CUST_02284,2024-09-23,37.23
CUST_02787,2024-09-23,3.68
CUST_04519,2024-09-23,32.92
CUST_03874,2024-09-23,38.73
CUST_00574,2024-09-23,56.2
CUST_03245,2024-09-23,60.13
CUST_01868,2024-09-23,58.22
CUST_00875,2024-09-23,24.29
CUST_04593,2024-09-23,3.56
CUST_00702,2024-09-23,25.6
CUST_03647,2024-09-23,8.48
CUST_00954,2024-09-23,10.2
CUST_02614,2024-09-23,26.46
CUST_02539,2024-09-23,75.87
CUST_03622,2024-09-23,53.06
CUST_01505,2024-09-23,2.89
CUST_01500,2024-09-23,74.63
CUST_03320,2024-09-23,14.26
CUST_04651,2024-09-24,16.26
CUST_00504,2024-09-24,84.67
CUST_02725,2024-09-24,1.0
CUST_03866,2024-09-24,3.08
CUST_03212,2024-09-24,13.02
CUST_04271,2024-09-24,31.08
CUST_02224,2024-09-24,3.62
CUST_02235,2024-09-24,3.66
CUST_00562,2024-09-24,7.98
CUST_03659,2024-09-24,40.23
CUST_02355,2024-09-24,60.85
CUST_04101,2024-09-24,48.53
CUST_02807,2024-09-24,7.14
CUST_00622,2024-09-24,8.75
CUST_02670,2024-09-24,39.11
CUST_02539,2024-09-24,28.9
CUST_00366,2024-09-24,7.51
CUST_04700,2024-09-24,8.61
CUST_04809,2024-09-25,8.19
CUST_00877,2024-09-25,153.0
CUST_04410,2024-09-25,31.89
CUST_00740,2024-09-25,37.97
CUST_02252,2024-09-25,51.29
CUST_02539,2024-09-25,10.55
CUST_02529,2024-09-25,1.5
CUST_01273,2024-09-25,27.69
CUST_04579,2024-09-25,5.69
CUST_00012,2024-09-25,26.21
CUST_02270,2024-09-25,6.81
CUST_03064,2024-09-25,24.91
CUST_01483,2024-09-25,8.72
CUST_04035,2024-09-25,92.22
CUST_01594,2024-09-25,4.94
CUST_04050,2024-09-25,15.71
CUST_00615,2024-09-25,7.33
CUST_04281,2024-09-25,71.62
CUST_01184,2024-09-25,6.79
CUST_03184,2024-09-25,11.28
CUST_04668,2024-09-25,25.54
CUST_00519,2024-09-25,3.15
CUST_03871,2024-09-25,36.05
CUST_03988,2024-09-26,25.56
CUST_02539,2024-09-26,8.0
CUST_01532,2024-09-26,16.57
CUST_04651,2024-09-26,48.28
CUST_03320,2024-09-26,61.82
CUST_02238,2024-09-26,38.1
CUST_04519,2024-09-26,10.48
CUST_00504,2024-09-26,27.18
CUST_00358,2024-09-26,4.15
CUST_03558,2024-09-26,13.01
CUST_01058,2024-09-26,1.35
CUST_04906,2024-09-26,11.15
CUST_04103,2024-09-26,7.77
CUST_04454,2024-09-26,10.38
CUST_04807,2024-09-26,174.36
CUST_02832,2024-09-26,17.46
CUST_04697,2024-09-26,17.74
CUST_00457,2024-09-26,175.02
CUST_01633,2024-09-26,5.75
CUST_01693,2024-09-26,56.41
CUST_04593,2024-09-26,10.28
CUST_00466,2024-09-26,9.19
CUST_02094,2024-09-26,59.22
CUST_03817,2024-09-27,2.34
CUST_01266,2024-09-27,12.4
CUST_00704,2024-09-27,21.76
CUST_02732,2024-09-27,37.94
CUST_03924,2024-09-27,11.07
CUST_04947,2024-09-27,16.14
CUST_03360,2024-09-27,9.85
CUST_01092,2024-09-27,10.88
CUST_04519,2024-09-27,6.27
CUST_04297,2024-09-27,26.9
CUST_04676,2024-09-27,7.59
CUST_03639,2024-09-27,55.85
CUST_02757,2024-09-27,9.92
CUST_00515,2024-09-27,11.85
CUST_04403,2024-09-27,19.78
CUST_00481,2024-09-27,39.53
CUST_00221,2024-09-27,88.96
CUST_01193,2024-09-27,1.96
CUST_00767,2024-09-27,122.6
CUST_03700,2024-09-27,9.11
CUST_04244,2024-09-27,8.93
CUST_00184,2024-09-28,17.7
CUST_01405,2024-09-28,19.78
CUST_03350,2024-09-28,81.6
CUST_04958,2024-09-28,113.74
CUST_00297,2024-09-28,16.06
CUST_00149,2024-09-28,29.18
CUST_00877,2024-09-28,13.04
CUST_03572,2024-09-28,63.2
CUST_02368,2024-09-28,18.02
CUST_01281,2024-09-28,8.65
CUST_03783,2024-09-28,41.42
CUST_03456,2024-09-28,32.99
CUST_02766,2024-09-28,6.67
CUST_04792,2024-09-28,10.22
CUST_00309,2024-09-28,29.33
CUST_03205,2024-09-28,4.18
CUST_02696,2024-09-28,4.54
CUST_04153,2024-09-28,100.8
CUST_04835,2024-09-28,9.68
CUST_03602,2024-09-28,29.0
CUST_02665,2024-09-28,21.08
CUST_03063,2024-09-28,5.52
CUST_00701,2024-09-28,26.57
CUST_00369,2024-09-28,12.48
CUST_04680,2024-09-28,21.37
CUST_00601,2024-09-28,5.25
CUST_00345,2024-09-28,33.78
CUST_02413,2024-09-28,10.39
CUST_02413,2024-09-28,8.51
CUST_01013,2024-09-29,37.14
CUST_04948,2024-09-29,55.12
CUST_02301,2024-09-29,159.83
CUST_02129,2024-09-29,13.14
CUST_01844,2024-09-29,11.11
CUST_01842,2024-09-29,59.26
CUST_01281,2024-09-29,190.42
CUST_00879,2024-09-29,17.93
CUST_04321,2024-09-29,8.88
CUST_00781,2024-09-29,9.1
CUST_03686,2024-09-29,12.59
CUST_01412,2024-09-29,16.9
CUST_04098,2024-09-29,9.13
CUST_04741,2024-09-29,14.33
CUST_04109,2024-09-29,4.95
CUST_03601,2024-09-29,7.44
CUST_04194,2024-09-29,73.55
CUST_02239,2024-09-29,14.41
CUST_04760,2024-09-29,11.68
CUST_02063,2024-09-29,116.91
CUST_02124,2024-09-29,8.51
CUST_04260,2024-09-29,9.06
CUST_01260,2024-09-29,2.02
CUST_04877,2024-09-29,34.28
CUST_04140,2024-09-29,8.69
CUST_00480,2024-09-29,8.63
CUST_01069,2024-09-29,78.39
CUST_02009,2024-09-29,25.92
CUST_02740,2024-09-30,10.63
CUST_03062,2024-09-30,13.17
CUST_00237,2024-09-30,92.1
CUST_02539,2024-09-30,15.05
CUST_02238,2024-09-30,21.71
CUST_02980,2024-09-30,25.48
CUST_03633,2024-09-30,52.36
CUST_01793,2024-09-30,27.86
CUST_03063,2024-09-30,75.2
CUST_02672,2024-09-30,3.12
CUST_03063,2024-09-30,6.81
CUST_00638,2024-09-30,5.82
CUST_04877,2024-09-30,20.86
CUST_04921,2024-09-30,30.42
CUST_01605,2024-09-30,62.59
CUST_04895,2024-09-30,14.77
CUST_00504,2024-09-30,2.49
CUST_02239,2024-10-01,4.18
CUST_03705,2024-10-01,117.1
CUST_00680,2024-10-01,14.42
CUST_00149,2024-10-01,32.87
CUST_03311,2024-10-01,10.5
CUST_02672,2024-10-01,23.77
CUST_03681,2024-10-01,19.18
CUST_00206,2024-10-01,32.05
CUST_02218,2024-10-01,56.68
CUST_01039,2024-10-01,37.34
CUST_04281,2024-10-01,19.78
CUST_03505,2024-10-01,54.81
CUST_02757,2024-10-01,7.12
CUST_03435,2024-10-01,106.03
CUST_03311,2024-10-01,76.32
CUST_04515,2024-10-01,3.27
CUST_04622,2024-10-01,28.29
CUST_04300,2024-10-02,54.22
CUST_02567,2024-10-02,54.27
CUST_00012,2024-10-02,12.16
CUST_03303,2024-10-02,15.69
CUST_03783,2024-10-02,10.73
CUST_02830,2024-10-02,17.57
CUST_04914,2024-10-02,59.42
CUST_04519,2024-10-02,35.93
CUST_04893,2024-10-02,7.17
CUST_01444,2024-10-02,65.93
CUST_04321,2024-10-02,106.4
CUST_02170,2024-10-02,15.14
CUST_04098,2024-10-02,28.56
CUST_00042,2024-10-02,22.07
CUST_02121,2024-10-02,2.18
CUST_04440,2024-10-02,25.32
CUST_01215,2024-10-02,3.51
CUST_00333,2024-10-02,41.47
CUST_04927,2024-10-02,30.78
CUST_03006,2024-10-02,27.72
CUST_03383,2024-10-02,6.68
CUST_03154,2024-10-02,25.52
CUST_00418,2024-10-03,15.93
CUST_03311,2024-10-03,16.31
CUST_02072,2024-10-03,8.78
CUST_02539,2024-10-03,11.38
CUST_00439,2024-10-03,5.33
CUST_03920,2024-10-03,19.25
CUST_04371,2024-10-03,411.44
CUST_04463,2024-10-03,369.56
CUST_03770,2024-10-03,11.39
CUST_03113,2024-10-03,84.42
CUST_02413,2024-10-03,31.61
CUST_01387,2024-10-03,15.54
CUST_04519,2024-10-03,31.95
CUST_03245,2024-10-03,29.12
CUST_00630,2024-10-03,8.35
CUST_04765,2024-10-03,27.44
CUST_03531,2024-10-03,36.02
CUST_03320,2024-10-03,2.06
CUST_02583,2024-10-03,5.46
CUST_02545,2024-10-03,12.66
CUST_04365,2024-10-03,17.21
CUST_04839,2024-10-04,10.75
CUST_02898,2024-10-04,23.31
CUST_02663,2024-10-04,21.06
CUST_02640,2024-10-04,34.98
CUST_04877,2024-10-04,49.57
CUST_00200,2024-10-04,5.89
CUST_03470,2024-10-04,99.52
CUST_04985,2024-10-04,16.54
CUST_02091,2024-10-04,21.56
CUST_02980,2024-10-04,106.05
CUST_02164,2024-10-04,20.4
CUST_01952,2024-10-04,31.44
CUST_02074,2024-10-04,2.33
CUST_01731,2024-10-04,8.58
CUST_01769,2024-10-04,12.92
CUST_01594,2024-10-04,6.73
CUST_04731,2024-10-04,41.34
CUST_04300,2024-10-04,169.77
CUST_03562,2024-10-04,8.37
CUST_00965,2024-10-04,21.78
CUST_00206,2024-10-04,3.62
CUST_03875,2024-10-04,63.05
CUST_00236,2024-10-05,13.29
CUST_03919,2024-10-05,21.38
CUST_03327,2024-10-05,50.55
CUST_04462,2024-10-05,84.74
CUST_03520,2024-10-05,15.97
CUST_02346,2024-10-05,23.83
CUST_02611,2024-10-05,18.3
CUST_04555,2024-10-05,32.83
CUST_04391,2024-10-05,10.33
CUST_03134,2024-10-05,17.08
CUST_00652,2024-10-05,18.55
CUST_04887,2024-10-05,6.82
CUST_03466,2024-10-05,29.44
CUST_03320,2024-10-05,6.38
CUST_04323,2024-10-05,35.63
CUST_04958,2024-10-05,37.77
CUST_04276,2024-10-05,26.21
CUST_04723,2024-10-05,5.09
CUST_00712,2024-10-05,19.7
CUST_01874,2024-10-05,11.68
CUST_01186,2024-10-05,38.18
CUST_01673,2024-10-05,4.51
CUST_03845,2024-10-05,50.38
CUST_01195,2024-10-05,45.33
CUST_02915,2024-10-06,21.66
CUST_03320,2024-10-06,12.51
CUST_04300,2024-10-06,12.46
CUST_03606,2024-10-06,16.62
CUST_03325,2024-10-06,81.84
CUST_02915,2024-10-06,14.29
CUST_01260,2024-10-06,19.33
CUST_00698,2024-10-06,12.73
CUST_00462,2024-10-06,13.18
CUST_02785,2024-10-06,108.21
CUST_02539,2024-10-06,32.96
CUST_03536,2024-10-06,140.97
CUST_00804,2024-10-06,49.23
CUST_04998,2024-10-06,15.41
CUST_01138,2024-10-06,24.72
CUST_01613,2024-10-06,55.09
CUST_04519,2024-10-06,28.83
CUST_03331,2024-10-06,19.46
CUST_03144,2024-10-06,43.66
CUST_00728,2024-10-06,50.84
CUST_03836,2024-10-06,36.52
CUST_00830,2024-10-06,15.22
CUST_03123,2024-10-06,69.8
CUST_00546,2024-10-07,23.16
CUST_02936,2024-10-07,32.83
CUST_02866,2024-10-07,17.58
CUST_00977,2024-10-07,26.21
CUST_04408,2024-10-07,27.61
CUST_00162,2024-10-07,3.32
CUST_00877,2024-10-07,31.36
CUST_01963,2024-10-07,66.38
CUST_00011,2024-10-07,68.16
CUST_02024,2024-10-07,17.69
CUST_03903,2024-10-07,9.2
CUST_00546,2024-10-07,16.79
CUST_00643,2024-10-07,53.18
CUST_01263,2024-10-07,25.68
CUST_04365,2024-10-07,22.2
CUST_04733,2024-10-07,27.59
CUST_00519,2024-10-07,31.31
CUST_03393,2024-10-07,12.2
CUST_04658,2024-10-07,10.78
CUST_02061,2024-10-07,5.72
CUST_02413,2024-10-07,51.08
CUST_04085,2024-10-07,4.06
CUST_03411,2024-10-08,54.3
CUST_04281,2024-10-08,24.54
CUST_03463,2024-10-08,27.3
CUST_02557,2024-10-08,32.11
CUST_03245,2024-10-08,76.98
CUST_01430,2024-10-08,36.84
CUST_02672,2024-10-08,26.39
CUST_03320,2024-10-08,6.61
CUST_04321,2024-10-08,52.21
CUST_02442,2024-10-08,8.46
CUST_02094,2024-10-08,22.32
CUST_02238,2024-10-08,17.77
CUST_01621,2024-10-08,64.3
CUST_03466,2024-10-08,17.49
CUST_02166,2024-10-08,4.7
CUST_02430,2024-10-08,11.14
CUST_04899,2024-10-08,2.42
CUST_01533,2024-10-08,71.82
CUST_01397,2024-10-08,31.85
CUST_04745,2024-10-08,15.68
CUST_04260,2024-10-08,20.14
CUST_00015,2024-10-08,15.99
CUST_04745,2024-10-09,19.67
CUST_03564,2024-10-09,2.83
CUST_04791,2024-10-09,10.71
CUST_03988,2024-10-09,7.47
CUST_01242,2024-10-09,17.59
CUST_01175,2024-10-09,57.48
CUST_00077,2024-10-09,50.02
CUST_00096,2024-10-09,17.08
CUST_01491,2024-10-09,5.75
CUST_02616,2024-10-09,7.21
CUST_02569,2024-10-09,12.29
CUST_00161,2024-10-09,3.32
CUST_04877,2024-10-09,66.32
CUST_04735,2024-10-09,11.26
CUST_00217,2024-10-09,26.79
CUST_03173,2024-10-09,15.18
CUST_03182,2024-10-09,61.33
CUST_01315,2024-10-09,9.12
CUST_02096,2024-10-09,7.94
CUST_01280,2024-10-09,44.87
CUST_02006,2024-10-10,34.8
CUST_02614,2024-10-10,273.13
CUST_02408,2024-10-10,9.52
CUST_02239,2024-10-10,72.67
CUST_01195,2024-10-10,15.62
CUST_03897,2024-10-10,37.85
CUST_02413,2024-10-10,14.54
CUST_03651,2024-10-10,71.5
CUST_02404,2024-10-10,10.61
CUST_00598,2024-10-10,22.12
CUST_02539,2024-10-10,18.6
CUST_02660,2024-10-10,18.28
CUST_04998,2024-10-10,7.28
CUST_04281,2024-10-10,63.34
CUST_00150,2024-10-10,5.09
CUST_03074,2024-10-10,21.79
CUST_03869,2024-10-10,14.87
CUST_02555,2024-10-10,205.42
CUST_03784,2024-10-10,14.87
CUST_00162,2024-10-10,72.68
CUST_03783,2024-10-10,9.81
CUST_01671,2024-10-10,13.94
CUST_03783,2024-10-10,22.32
CUST_00579,2024-10-10,25.31
CUST_03783,2024-10-10,6.76
CUST_03906,2024-10-10,6.76
CUST_03019,2024-10-10,16.93
CUST_03426,2024-10-10,14.2
CUST_04881,2024-10-10,33.08
CUST_04871,2024-10-10,70.06
CUST_04115,2024-10-11,20.46
CUST_02482,2024-10-11,7.7
CUST_00264,2024-10-11,8.14
CUST_04765,2024-10-11,14.66
CUST_00910,2024-10-11,9.58
CUST_02425,2024-10-11,39.48
CUST_02414,2024-10-11,162.34
CUST_02980,2024-10-11,30.13
CUST_02863,2024-10-11,30.98
CUST_01614,2024-10-11,7.49
CUST_02724,2024-10-11,11.41
CUST_01195,2024-10-11,21.82
CUST_00505,2024-10-11,32.5
CUST_03246,2024-10-11,9.07
CUST_00730,2024-10-11,16.78
CUST_03796,2024-10-11,29.58
CUST_04025,2024-10-11,16.94
CUST_03391,2024-10-11,8.33
CUST_04287,2024-10-11,19.12
CUST_04873,2024-10-11,8.15
CUST_01532,2024-10-11,8.08
CUST_03160,2024-10-11,30.87
CUST_03320,2024-10-11,31.13
CUST_04627,2024-10-11,37.41
CUST_04698,2024-10-11,19.56
CUST_03505,2024-10-11,98.02
CUST_04232,2024-10-11,36.14
CUST_02198,2024-10-11,13.87
CUST_01472,2024-10-11,13.63
CUST_03467,2024-10-11,11.05
CUST_04702,2024-10-11,28.58
CUST_03466,2024-10-11,12.76
CUST_02692,2024-10-11,25.92
CUST_04608,2024-10-12,49.21
CUST_00598,2024-10-12,132.47
CUST_03751,2024-10-12,14.24
CUST_00251,2024-10-12,9.68
CUST_01354,2024-10-12,48.17
CUST_04428,2024-10-12,21.19
CUST_01553,2024-10-12,12.14
CUST_01552,2024-10-12,108.0
CUST_00271,2024-10-12,14.89
CUST_04623,2024-10-12,12.41
CUST_04914,2024-10-12,17.98
CUST_03385,2024-10-12,2.78
CUST_03905,2024-10-12,35.43
CUST_01500,2024-10-12,16.81
CUST_02154,2024-10-12,22.36
CUST_03851,2024-10-12,3.13
CUST_02444,2024-10-12,14.86
CUST_04038,2024-10-12,30.32
CUST_00323,2024-10-12,11.54
CUST_04515,2024-10-12,9.18
CUST_04494,2024-10-12,21.66
CUST_02812,2024-10-12,81.52
CUST_01639,2024-10-12,30.76
CUST_04434,2024-10-12,18.21
CUST_01639,2024-10-12,43.42
CUST_01468,2024-10-12,7.98
CUST_02609,2024-10-13,193.09
CUST_00764,2024-10-13,14.93
CUST_04855,2024-10-13,12.61
CUST_00075,2024-10-13,2.27
CUST_00467,2024-10-13,31.44
CUST_00162,2024-10-13,6.3
CUST_00471,2024-10-13,24.56
CUST_01188,2024-10-13,5.98
CUST_04625,2024-10-13,33.94
CUST_02596,2024-10-13,114.58
CUST_00168,2024-10-13,9.8
CUST_04917,2024-10-13,22.07
CUST_04189,2024-10-13,140.31
CUST_01260,2024-10-13,5.8
CUST_02413,2024-10-13,18.74
CUST_01816,2024-10-13,6.37
CUST_00150,2024-10-13,13.65
CUST_03031,2024-10-13,31.83
CUST_00443,2024-10-14,20.41
CUST_02348,2024-10-14,86.15
CUST_04744,2024-10-14,5.46
CUST_03456,2024-10-14,6.29
CUST_04767,2024-10-14,48.87
CUST_01161,2024-10-14,25.03
CUST_02345,2024-10-14,21.86
CUST_03783,2024-10-14,8.2
CUST_04152,2024-10-14,41.46
CUST_04065,2024-10-14,7.33
CUST_00899,2024-10-14,15.4
CUST_01065,2024-10-14,26.73
CUST_01444,2024-10-14,105.89
CUST_03668,2024-10-14,17.98
CUST_00982,2024-10-14,23.87
CUST_03245,2024-10-14,107.78
CUST_02725,2024-10-14,110.37
CUST_00497,2024-10-14,27.77
CUST_03734,2024-10-14,18.64
CUST_04371,2024-10-14,11.97
CUST_02366,2024-10-14,7.01
CUST_03236,2024-10-14,11.61
CUST_02550,2024-10-14,6.17
CUST_02969,2024-10-14,35.42
CUST_00857,2024-10-15,171.75
CUST_02364,2024-10-15,101.43
CUST_01707,2024-10-15,14.25
CUST_02120,2024-10-15,53.1
CUST_03921,2024-10-15,10.41
CUST_04955,2024-10-15,59.34
CUST_02413,2024-10-15,39.2
CUST_04126,2024-10-15,58.99
CUST_02238,2024-10-15,53.41
CUST_01850,2024-10-15,20.11
CUST_04224,2024-10-15,56.53
CUST_04098,2024-10-15,109.97
CUST_04855,2024-10-15,44.74
CUST_03001,2024-10-15,43.4
CUST_03320,2024-10-15,4.33
CUST_04055,2024-10-15,38.32
CUST_04860,2024-10-15,22.87
CUST_03819,2024-10-15,12.43
CUST_04300,2024-10-16,9.24
CUST_03928,2024-10-16,22.42
CUST_02529,2024-10-16,58.52
CUST_04753,2024-10-16,162.86
CUST_04368,2024-10-16,66.54
CUST_03386,2024-10-16,1.86
CUST_04984,2024-10-16,14.58
CUST_04023,2024-10-16,8.94
CUST_01455,2024-10-16,20.25
CUST_04120,2024-10-16,12.25
CUST_04110,2024-10-16,13.69
CUST_04769,2024-10-16,10.59
CUST_02539,2024-10-16,64.61
CUST_00560,2024-10-16,27.42
CUST_02704,2024-10-16,28.66
CUST_00783,2024-10-16,4.02
CUST_02098,2024-10-16,16.0
CUST_02345,2024-10-16,5.14
CUST_01345,2024-10-16,67.59
CUST_01758,2024-10-16,29.86
CUST_00331,2024-10-17,34.98
CUST_04262,2024-10-17,3.25
CUST_02847,2024-10-17,8.18
CUST_03597,2024-10-17,9.45
CUST_01532,2024-10-17,4.26
CUST_02340,2024-10-17,7.55
CUST_04803,2024-10-17,12.47
CUST_01195,2024-10-17,70.13
CUST_03688,2024-10-17,31.22
CUST_00065,2024-10-17,10.44
CUST_01070,2024-10-17,21.77
CUST_00598,2024-10-17,19.39
CUST_04593,2024-10-17,63.15
CUST_03206,2024-10-17,16.43
CUST_00346,2024-10-18,8.34
CUST_04331,2024-10-18,15.63
CUST_03342,2024-10-18,11.01
CUST_04487,2024-10-18,8.99
CUST_02283,2024-10-18,20.46
CUST_01528,2024-10-18,11.85
CUST_00071,2024-10-18,6.46
CUST_02832,2024-10-18,59.79
CUST_04666,2024-10-18,35.44
CUST_04998,2024-10-18,74.5
CUST_04252,2024-10-18,12.71
CUST_02686,2024-10-18,102.72
CUST_03203,2024-10-18,19.85
CUST_00161,2024-10-18,3.84
CUST_03126,2024-10-18,54.7
CUST_03571,2024-10-18,44.82
CUST_03721,2024-10-18,5.79
CUST_03377,2024-10-18,21.08
CUST_03668,2024-10-18,50.31
CUST_03814,2024-10-18,31.78
CUST_04152,2024-10-18,8.73
CUST_00194,2024-10-18,12.92
CUST_02061,2024-10-18,16.28
CUST_03588,2024-10-18,66.57
CUST_00501,2024-10-18,46.82
CUST_04081,2024-10-18,3.24
CUST_00702,2024-10-18,176.93
CUST_02913,2024-10-18,23.17
CUST_03102,2024-10-19,197.91
CUST_04519,2024-10-19,19.63
CUST_03006,2024-10-19,49.7
CUST_03113,2024-10-19,10.42
CUST_01084,2024-10-19,6.86
CUST_03783,2024-10-19,52.23
CUST_03759,2024-10-19,10.03
CUST_00405,2024-10-19,118.24
CUST_03714,2024-10-19,12.47
CUST_00509,2024-10-19,15.28
CUST_00065,2024-10-19,10.62
CUST_00491,2024-10-19,44.27
CUST_00333,2024-10-19,39.49
CUST_00499,2024-10-19,27.28
CUST_01575,2024-10-19,5.95
CUST_01125,2024-10-19,24.23
CUST_04566,2024-10-19,23.38
CUST_03229,2024-10-19,10.89
CUST_04383,2024-10-19,42.87
CUST_00958,2024-10-19,43.23
CUST_02531,2024-10-19,30.43
CUST_01656,2024-10-19,22.74
CUST_04169,2024-10-19,25.13
CUST_01195,2024-10-19,14.32
CUST_03220,2024-10-20,130.18
CUST_04593,2024-10-20,8.57
CUST_01995,2024-10-20,47.49
CUST_00910,2024-10-20,6.89
CUST_01463,2024-10-20,29.85
CUST_02873,2024-10-20,25.11
CUST_04365,2024-10-20,41.32
CUST_00598,2024-10-20,5.72
CUST_04910,2024-10-20,57.27
CUST_04191,2024-10-20,6.81
CUST_03935,2024-10-20,9.02
CUST_04623,2024-10-20,12.31
CUST_02272,2024-10-20,15.37
CUST_04300,2024-10-20,49.01
CUST_03669,2024-10-20,18.71
CUST_02385,2024-10-20,21.08
CUST_02285,2024-10-20,12.59
CUST_00053,2024-10-21,5.48
CUST_03987,2024-10-21,7.11
CUST_03975,2024-10-21,9.41
CUST_03097,2024-10-21,31.02
CUST_03320,2024-10-21,66.91
CUST_03203,2024-10-21,27.36
CUST_00141,2024-10-21,7.99
CUST_02400,2024-10-21,4.88
CUST_02190,2024-10-21,7.81
CUST_03725,2024-10-21,14.36
CUST_03467,2024-10-21,18.11
CUST_02218,2024-10-21,62.26
CUST_01106,2024-10-21,6.73
CUST_00909,2024-10-21,37.6
CUST_01909,2024-10-21,38.23
CUST_02806,2024-10-21,127.05
CUST_01883,2024-10-21,40.87
CUST_04438,2024-10-21,26.9
CUST_01264,2024-10-21,41.29
CUST_03190,2024-10-21,23.61
CUST_04812,2024-10-21,28.04
CUST_04098,2024-10-21,21.11
CUST_04244,2024-10-21,9.39
CUST_03332,2024-10-21,26.24
CUST_02123,2024-10-22,65.59
CUST_04798,2024-10-22,36.51
CUST_04098,2024-10-22,14.08
CUST_00294,2024-10-22,4.39
CUST_03760,2024-10-22,14.63
CUST_03520,2024-10-22,14.71
CUST_02352,2024-10-22,26.45
CUST_03509,2024-10-22,5.64
CUST_01767,2024-10-22,3.33
CUST_02717,2024-10-22,52.91
CUST_01097,2024-10-22,20.99
CUST_01940,2024-10-22,10.41
CUST_04232,2024-10-22,32.69
CUST_04163,2024-10-22,56.53
CUST_00927,2024-10-22,15.73
CUST_00033,2024-10-22,30.23
CUST_01513,2024-10-22,11.91
CUST_01938,2024-10-22,16.78
CUST_03155,2024-10-22,42.32
CUST_03031,2024-10-22,11.28
CUST_04020,2024-10-22,189.97
CUST_04164,2024-10-22,23.41
CUST_02686,2024-10-22,10.07
CUST_03674,2024-10-22,63.49
CUST_00206,2024-10-22,10.95
CUST_00448,2024-10-22,90.21
CUST_04353,2024-10-22,8.34
CUST_00385,2024-10-22,12.94
CUST_01837,2024-10-23,5.14
CUST_01245,2024-10-23,8.5
CUST_02529,2024-10-23,58.96
CUST_02802,2024-10-23,3.03
CUST_04759,2024-10-23,1.52
CUST_02024,2024-10-23,9.82
CUST_00529,2024-10-23,14.53
CUST_00762,2024-10-23,15.97
CUST_01864,2024-10-23,28.03
CUST_01377,2024-10-23,33.72
CUST_04494,2024-10-23,20.28
CUST_01065,2024-10-23,18.01
CUST_01046,2024-10-23,12.06
CUST_02539,2024-10-23,37.8
CUST_00386,2024-10-24,26.97
CUST_04651,2024-10-24,7.31
CUST_04772,2024-10-24,12.31
CUST_04994,2024-10-24,26.17
CUST_02542,2024-10-24,25.84
CUST_02112,2024-10-24,15.02
CUST_00239,2024-10-24,14.03
CUST_03318,2024-10-24,9.25
CUST_03750,2024-10-24,19.49
CUST_01839,2024-10-24,79.7
CUST_00462,2024-10-24,40.69
CUST_04642,2024-10-24,13.89
CUST_04877,2024-10-24,14.76
CUST_03520,2024-10-24,20.5
CUST_00448,2024-10-24,10.83
CUST_01671,2024-10-24,2.34
CUST_04260,2024-10-24,12.89
CUST_02238,2024-10-24,10.95
CUST_04321,2024-10-25,27.94
CUST_01478,2024-10-25,17.29
CUST_02643,2024-10-25,6.02
CUST_04486,2024-10-25,8.51
CUST_04164,2024-10-25,75.68
CUST_02238,2024-10-25,3.38
CUST_03531,2024-10-25,39.0
CUST_04541,2024-10-25,7.61
CUST_03144,2024-10-25,21.61
CUST_04900,2024-10-25,22.4
CUST_03760,2024-10-25,29.72
CUST_01433,2024-10-25,6.58
CUST_02672,2024-10-25,29.05
CUST_03276,2024-10-25,65.2
CUST_00480,2024-10-25,5.05
CUST_04121,2024-10-25,59.88
CUST_03010,2024-10-25,22.2
CUST_02523,2024-10-25,5.41
CUST_02949,2024-10-25,26.12
CUST_04109,2024-10-25,31.18
CUST_04189,2024-10-26,6.31
CUST_02244,2024-10-26,3.51
CUST_00712,2024-10-26,40.53
CUST_03385,2024-10-26,11.38
CUST_03367,2024-10-26,18.1
CUST_02832,2024-10-26,64.22
CUST_02707,2024-10-26,7.85
CUST_04308,2024-10-26,40.05
CUST_04222,2024-10-26,124.3
CUST_00841,2024-10-26,13.0
CUST_03063,2024-10-26,14.78
CUST_03232,2024-10-26,27.44
CUST_02038,2024-10-26,118.0
CUST_03788,2024-10-26,7.61
CUST_01562,2024-10-26,17.61
CUST_00676,2024-10-26,4.39
CUST_04281,2024-10-26,6.54
CUST_03144,2024-10-26,60.32
CUST_02301,2024-10-26,35.3
CUST_00749,2024-10-26,15.72
CUST_04014,2024-10-26,10.64
CUST_00044,2024-10-26,20.41
CUST_01940,2024-10-26,79.08
CUST_01772,2024-10-26,21.38
CUST_04128,2024-10-26,18.13
CUST_04780,2024-10-26,6.33
CUST_03323,2024-10-26,51.95
CUST_03319,2024-10-26,31.09
CUST_03338,2024-10-27,1.0
CUST_03512,2024-10-27,4.34
CUST_03965,2024-10-27,43.48
CUST_04281,2024-10-27,36.18
CUST_02345,2024-10-27,22.19
CUST_04737,2024-10-27,15.85
CUST_02413,2024-10-27,16.9
CUST_02667,2024-10-27,6.62
CUST_01264,2024-10-27,11.77
CUST_02098,2024-10-27,2.67
CUST_04593,2024-10-27,44.62
CUST_04206,2024-10-27,9.46
CUST_04400,2024-10-27,69.54
CUST_03688,2024-10-27,10.71
CUST_04260,2024-10-27,54.76
CUST_03921,2024-10-27,30.57
CUST_04216,2024-10-27,7.62
CUST_00024,2024-10-27,9.71
CUST_04263,2024-10-27,10.87
CUST_03668,2024-10-27,38.69
CUST_00194,2024-10-27,49.07
CUST_04296,2024-10-27,3.55
CUST_03102,2024-10-27,68.95
CUST_00621,2024-10-27,11.46
CUST_03102,2024-10-27,12.17
CUST_03428,2024-10-27,6.26
CUST_00752,2024-10-27,99.52
CUST_01495,2024-10-27,19.78
CUST_02413,2024-10-28,14.89
CUST_04885,2024-10-28,101.47
CUST_01171,2024-10-28,3.15
CUST_01430,2024-10-28,232.86
CUST_01455,2024-10-28,79.7
CUST_04136,2024-10-28,84.31
CUST_00109,2024-10-28,11.71
CUST_04530,2024-10-28,41.98
CUST_01260,2024-10-28,72.13
CUST_03221,2024-10-28,26.12
CUST_00290,2024-10-28,25.89
CUST_02638,2024-10-28,62.54
CUST_04244,2024-10-28,41.84
CUST_01260,2024-10-28,71.63
CUST_04185,2024-10-28,101.93
CUST_01430,2024-10-28,7.28
CUST_04831,2024-10-28,16.58
CUST_01477,2024-10-28,15.33
CUST_02301,2024-10-28,52.03
CUST_03826,2024-10-28,350.25
CUST_00909,2024-10-28,53.59
CUST_04658,2024-10-28,49.6
CUST_03668,2024-10-28,20.49
CUST_00084,2024-10-28,34.57
CUST_04618,2024-10-28,5.9
CUST_03728,2024-10-29,29.85
CUST_00649,2024-10-29,32.02
CUST_01186,2024-10-29,23.53
CUST_02717,2024-10-29,15.19
CUST_03988,2024-10-29,77.26
CUST_03466,2024-10-29,145.1
CUST_04555,2024-10-29,69.48
CUST_03143,2024-10-29,15.96
CUST_01674,2024-10-29,27.47
CUST_01904,2024-10-29,35.45
CUST_01748,2024-10-29,10.57
CUST_01138,2024-10-29,24.95
CUST_01258,2024-10-29,13.66
CUST_04060,2024-10-29,34.29
CUST_04958,2024-10-29,42.22
CUST_01644,2024-10-29,88.47
CUST_01114,2024-10-29,12.71
CUST_00032,2024-10-29,43.34
CUST_00049,2024-10-29,3.68
CUST_03153,2024-10-29,147.85
CUST_04278,2024-10-29,10.23
CUST_02707,2024-10-29,25.03
CUST_04029,2024-10-29,79.24
CUST_03988,2024-10-30,11.33
CUST_00432,2024-10-30,44.77
CUST_00877,2024-10-30,45.45
CUST_02233,2024-10-30,6.96
CUST_04797,2024-10-30,9.77
CUST_04488,2024-10-30,16.31
CUST_01532,2024-10-30,7.78
CUST_02309,2024-10-30,9.42
CUST_03935,2024-10-30,22.1
CUST_01555,2024-10-30,3.88
CUST_04397,2024-10-30,17.03
CUST_02539,2024-10-30,8.44
CUST_04814,2024-10-30,13.78
CUST_04141,2024-10-30,31.91
CUST_00496,2024-10-30,7.42
CUST_02645,2024-10-30,13.51
CUST_04321,2024-10-30,34.29
CUST_01373,2024-10-30,17.09
CUST_01051,2024-10-30,25.72
CUST_01701,2024-10-30,2.38
CUST_04136,2024-10-30,12.28
CUST_03320,2024-10-30,142.07
CUST_01164,2024-10-30,6.61
CUST_03186,2024-10-31,12.36
CUST_03836,2024-10-31,4.77
CUST_03059,2024-10-31,3.19
CUST_04689,2024-10-31,22.5
CUST_03153,2024-10-31,5.33
CUST_04747,2024-10-31,18.66
CUST_03909,2024-10-31,15.97
CUST_04689,2024-10-31,20.76
CUST_02006,2024-10-31,29.7
CUST_04249,2024-10-31,43.01
CUST_04853,2024-10-31,33.81
CUST_02539,2024-10-31,13.12
CUST_01430,2024-10-31,23.82
CUST_00194,2024-10-31,41.97
CUST_00061,2024-10-31,15.79
CUST_04883,2024-10-31,32.2
CUST_02674,2024-11-01,6.56
CUST_03869,2024-11-01,24.09
CUST_01849,2024-11-01,31.65
CUST_00400,2024-11-01,11.57
CUST_00361,2024-11-01,23.43
CUST_00101,2024-11-01,45.93
CUST_02462,2024-11-01,53.63
CUST_02704,2024-11-01,43.51
CUST_01155,2024-11-01,56.79
CUST_00056,2024-11-01,6.97
CUST_02066,2024-11-01,48.26
CUST_04753,2024-11-01,306.76
CUST_03623,2024-11-01,7.76
CUST_00206,2024-11-01,6.73
CUST_00480,2024-11-01,15.92
CUST_01195,2024-11-01,87.63
CUST_01562,2024-11-02,2.77
CUST_04391,2024-11-02,9.26
CUST_03869,2024-11-02,4.98
CUST_00736,2024-11-02,44.61
CUST_01022,2024-11-02,5.36
CUST_01945,2024-11-02,68.42
CUST_04658,2024-11-02,8.65
CUST_03813,2024-11-02,27.5
CUST_04519,2024-11-02,18.69
CUST_04919,2024-11-02,151.19
CUST_04850,2024-11-02,20.13
CUST_03783,2024-11-02,20.36
CUST_02699,2024-11-02,16.43
CUST_03536,2024-11-02,102.84
CUST_00504,2024-11-02,7.26
CUST_02539,2024-11-02,8.46
CUST_03866,2024-11-02,13.81
CUST_02812,2024-11-02,9.4
CUST_02995,2024-11-03,41.53
CUST_00419,2024-11-03,10.41
CUST_03276,2024-11-03,22.5
CUST_04483,2024-11-03,17.42
CUST_02539,2024-11-03,8.47
CUST_01313,2024-11-03,21.08
CUST_01634,2024-11-03,18.08
CUST_01350,2024-11-03,55.73
CUST_04603,2024-11-03,17.12
CUST_04747,2024-11-03,36.13
CUST_03206,2024-11-03,169.55
CUST_03661,2024-11-03,5.6
CUST_04553,2024-11-03,18.2
CUST_02327,2024-11-03,10.34
CUST_03821,2024-11-03,24.51
CUST_02757,2024-11-03,17.31
CUST_00909,2024-11-03,3.52
CUST_02364,2024-11-03,35.31
CUST_04537,2024-11-03,41.96
CUST_04991,2024-11-03,7.96
CUST_02531,2024-11-03,10.12
CUST_00767,2024-11-03,25.25
CUST_04148,2024-11-03,8.62
CUST_03280,2024-11-03,90.43
CUST_01264,2024-11-04,24.54
CUST_01644,2024-11-04,37.03
CUST_01826,2024-11-04,78.24
CUST_04244,2024-11-04,4.84
CUST_02668,2024-11-04,31.64
CUST_03327,2024-11-04,14.76
CUST_00888,2024-11-04,20.82
CUST_03189,2024-11-04,32.96
CUST_00767,2024-11-04,2.59
CUST_04300,2024-11-04,4.62
CUST_04483,2024-11-04,10.18
CUST_04559,2024-11-04,85.85
CUST_02686,2024-11-04,1.06
CUST_00411,2024-11-04,27.89
CUST_02059,2024-11-04,104.76
CUST_03841,2024-11-04,40.51
CUST_01786,2024-11-04,38.3
CUST_01391,2024-11-04,7.91
CUST_03014,2024-11-04,22.04
CUST_00909,2024-11-04,48.7
CUST_03193,2024-11-04,21.85
CUST_04171,2024-11-04,54.6
CUST_01018,2024-11-05,1.61
CUST_01639,2024-11-05,38.69
CUST_00206,2024-11-05,123.02
CUST_04277,2024-11-05,7.67
CUST_03321,2024-11-05,20.59
CUST_02826,2024-11-05,57.4
CUST_04519,2024-11-05,6.8
CUST_01260,2024-11-05,8.71
CUST_04549,2024-11-05,15.38
CUST_00643,2024-11-05,34.47
CUST_03840,2024-11-05,31.22
CUST_01448,2024-11-05,18.55
CUST_00539,2024-11-05,3.11
CUST_03875,2024-11-05,113.89
CUST_04677,2024-11-05,15.04
CUST_04391,2024-11-05,3.1
CUST_03562,2024-11-05,26.25
CUST_02867,2024-11-05,1.64
CUST_03288,2024-11-05,20.02
CUST_04273,2024-11-05,41.21
CUST_01970,2024-11-05,10.39
CUST_03297,2024-11-05,5.46
CUST_00314,2024-11-05,1.47
CUST_01751,2024-11-05,7.12
CUST_00993,2024-11-06,14.55
CUST_03770,2024-11-06,59.44
CUST_02215,2024-11-06,4.35
CUST_03592,2024-11-06,42.52
CUST_02883,2024-11-06,13.67
CUST_00345,2024-11-06,142.31
CUST_03311,2024-11-06,10.89
CUST_01312,2024-11-06,23.25
CUST_02579,2024-11-06,24.64
CUST_03023,2024-11-06,89.64
CUST_02550,2024-11-06,5.39
CUST_04677,2024-11-06,23.16
CUST_00705,2024-11-06,7.0
CUST_04393,2024-11-06,8.64
CUST_04098,2024-11-06,29.39
CUST_00227,2024-11-06,31.88
CUST_01377,2024-11-06,5.25
CUST_04520,2024-11-06,9.38
CUST_03926,2024-11-06,282.34
CUST_02733,2024-11-06,22.05
CUST_04380,2024-11-06,2.16
CUST_04780,2024-11-06,14.89
CUST_00333,2024-11-06,13.75
CUST_04998,2024-11-07,21.81
CUST_01733,2024-11-07,10.08
CUST_00705,2024-11-07,27.78
CUST_00134,2024-11-07,46.75
CUST_01444,2024-11-07,71.04
CUST_00767,2024-11-07,28.03
CUST_04971,2024-11-07,12.11
CUST_01869,2024-11-07,21.04
CUST_00512,2024-11-07,32.26
CUST_04023,2024-11-07,11.39
CUST_02301,2024-11-07,4.19
CUST_01927,2024-11-07,28.79
CUST_02644,2024-11-07,1.8
CUST_00991,2024-11-07,42.28
CUST_04300,2024-11-07,2.76
CUST_00095,2024-11-07,14.68
CUST_00509,2024-11-07,23.84
CUST_04707,2024-11-07,14.58
CUST_02703,2024-11-07,51.61
CUST_01195,2024-11-07,4.03
CUST_03293,2024-11-08,32.92
CUST_01375,2024-11-08,2.56
CUST_04986,2024-11-08,24.62
CUST_01455,2024-11-08,12.96
CUST_00228,2024-11-08,2.49
CUST_01553,2024-11-08,1.51
CUST_04935,2024-11-08,63.65
CUST_01293,2024-11-08,33.08
CUST_03875,2024-11-08,40.56
CUST_04408,2024-11-08,4.7
CUST_04677,2024-11-08,33.4
CUST_03236,2024-11-08,6.33
CUST_01839,2024-11-08,143.61
CUST_00702,2024-11-08,33.56
CUST_03919,2024-11-08,47.28
CUST_04300,2024-11-08,47.1
CUST_03974,2024-11-08,6.41
CUST_03753,2024-11-08,14.74
CUST_04049,2024-11-08,53.43
CUST_02648,2024-11-08,34.08
CUST_01820,2024-11-08,1.74
CUST_00215,2024-11-08,28.28
CUST_02686,2024-11-08,11.17
CUST_04898,2024-11-08,18.28
CUST_01372,2024-11-08,33.71
CUST_04128,2024-11-08,9.07
CUST_00740,2024-11-08,10.14
CUST_04922,2024-11-08,16.08
CUST_03186,2024-11-09,9.73
CUST_03355,2024-11-09,4.71
CUST_04831,2024-11-09,43.99
CUST_01323,2024-11-09,35.51
CUST_01553,2024-11-09,61.51
CUST_03104,2024-11-09,16.64
CUST_02529,2024-11-09,5.04
CUST_02704,2024-11-09,4.57
CUST_00249,2024-11-09,107.07
CUST_04502,2024-11-09,16.01
CUST_03977,2024-11-09,64.38
CUST_01147,2024-11-09,23.11
CUST_04469,2024-11-09,24.32
CUST_04747,2024-11-09,5.22
CUST_01407,2024-11-09,26.46
CUST_02238,2024-11-09,21.59
CUST_02812,2024-11-10,78.73
CUST_00730,2024-11-10,31.74
CUST_04400,2024-11-10,9.49
CUST_01183,2024-11-10,5.79
CUST_01828,2024-11-10,19.28
CUST_03128,2024-11-10,5.81
CUST_00207,2024-11-10,13.33
CUST_04092,2024-11-10,22.81
CUST_04464,2024-11-10,10.69
CUST_04689,2024-11-10,29.49
CUST_00325,2024-11-10,22.62
CUST_02024,2024-11-10,59.67
CUST_04062,2024-11-10,44.34
CUST_03668,2024-11-10,21.38
CUST_02365,2024-11-10,34.74
CUST_00818,2024-11-10,17.41
CUST_03320,2024-11-10,25.76
CUST_04391,2024-11-10,11.6
CUST_02739,2024-11-10,15.11
CUST_00180,2024-11-10,4.93
CUST_02959,2024-11-10,8.28
CUST_04113,2024-11-10,16.32
CUST_04244,2024-11-10,38.89
CUST_00903,2024-11-10,99.42
CUST_04331,2024-11-10,6.51
CUST_04270,2024-11-10,33.44
CUST_04896,2024-11-10,5.99
CUST_04689,2024-11-10,13.32
CUST_04673,2024-11-10,5.89
CUST_01859,2024-11-11,56.94
CUST_02484,2024-11-11,27.19
CUST_00309,2024-11-11,26.52
CUST_00492,2024-11-11,132.01
CUST_01310,2024-11-11,22.42
CUST_00315,2024-11-11,137.78
CUST_01094,2024-11-11,20.84
CUST_04080,2024-11-11,1.81
CUST_03142,2024-11-11,30.94
CUST_04519,2024-11-11,3.12
CUST_00809,2024-11-11,9.54
CUST_03804,2024-11-11,195.42
CUST_02985,2024-11-11,15.02
CUST_00513,2024-11-11,29.86
CUST_03457,2024-11-11,9.54
CUST_04823,2024-11-11,2.95
CUST_00680,2024-11-11,16.24
CUST_03021,2024-11-11,12.19
CUST_02154,2024-11-11,15.52
CUST_00533,2024-11-11,19.51
CUST_01641,2024-11-11,62.66
CUST_01495,2024-11-11,16.78
CUST_02707,2024-11-11,21.89
CUST_00317,2024-11-11,6.4
CUST_03414,2024-11-11,8.52
CUST_01213,2024-11-11,5.37
CUST_03783,2024-11-12,71.66
CUST_00984,2024-11-12,23.42
CUST_03467,2024-11-12,4.52
CUST_01065,2024-11-12,36.39
CUST_04900,2024-11-12,14.14
CUST_01539,2024-11-12,103.22
CUST_03320,2024-11-12,10.82
CUST_02444,2024-11-12,23.49
CUST_00183,2024-11-12,36.88
CUST_01245,2024-11-12,6.71
CUST_01177,2024-11-12,4.69
CUST_04018,2024-11-12,25.08
CUST_03466,2024-11-12,43.93
CUST_03229,2024-11-12,76.1
CUST_03536,2024-11-12,100.32
CUST_01779,2024-11-12,15.97
CUST_04321,2024-11-12,17.91
CUST_04297,2024-11-12,30.66
CUST_04877,2024-11-12,35.1
CUST_04798,2024-11-12,25.41
CUST_03507,2024-11-12,3.37
CUST_01742,2024-11-12,13.47
CUST_04281,2024-11-12,12.26
CUST_01656,2024-11-12,8.65
CUST_00390,2024-11-12,52.54
CUST_03536,2024-11-12,36.94
CUST_02351,2024-11-12,6.08
CUST_03820,2024-11-13,7.21
CUST_04206,2024-11-13,28.91
CUST_03456,2024-11-13,28.48
CUST_03157,2024-11-13,55.0
CUST_02124,2024-11-13,27.55
CUST_02977,2024-11-13,14.3
CUST_00690,2024-11-13,251.82
CUST_00060,2024-11-13,14.14
CUST_03899,2024-11-13,28.47
CUST_02330,2024-11-13,12.71
CUST_01134,2024-11-13,13.86
CUST_03242,2024-11-13,5.31
CUST_02284,2024-11-13,29.89
CUST_00823,2024-11-13,13.57
CUST_04701,2024-11-13,21.98
CUST_03205,2024-11-13,11.32
CUST_03160,2024-11-13,2.64
CUST_02875,2024-11-13,20.02
CUST_02376,2024-11-13,96.23
CUST_04504,2024-11-13,165.35
CUST_01731,2024-11-14,57.04
CUST_03874,2024-11-14,10.77
CUST_04883,2024-11-14,10.0
CUST_01772,2024-11-14,18.59
CUST_04281,2024-11-14,44.37
CUST_02261,2024-11-14,30.56
CUST_01731,2024-11-14,26.6
CUST_03710,2024-11-14,12.81
CUST_01319,2024-11-14,6.52
CUST_02156,2024-11-14,53.39
CUST_01412,2024-11-14,7.83
CUST_00126,2024-11-14,21.53
CUST_01721,2024-11-14,35.75
CUST_01838,2024-11-14,16.27
CUST_00853,2024-11-14,28.3
CUST_04244,2024-11-14,12.31
CUST_04507,2024-11-14,6.27
CUST_03935,2024-11-14,9.36
CUST_00333,2024-11-14,19.46
CUST_00161,2024-11-14,12.76
CUST_02539,2024-11-14,3.34
CUST_01890,2024-11-14,5.13
CUST_00540,2024-11-14,4.62
CUST_04342,2024-11-14,49.51
CUST_01315,2024-11-14,8.15
CUST_04330,2024-11-15,4.28
CUST_04114,2024-11-15,2.3
CUST_02575,2024-11-15,108.45
CUST_02609,2024-11-15,63.91
CUST_04807,2024-11-15,25.36
CUST_03783,2024-11-15,33.8
CUST_04252,2024-11-15,16.05
CUST_01808,2024-11-15,36.46
CUST_01534,2024-11-15,83.86
CUST_00789,2024-11-15,60.79
CUST_01860,2024-11-15,9.6
CUST_02219,2024-11-15,8.84
CUST_00668,2024-11-15,58.95
CUST_04018,2024-11-15,45.75
CUST_02051,2024-11-15,10.18
CUST_03661,2024-11-15,23.1
CUST_01222,2024-11-15,16.16
CUST_03988,2024-11-15,6.84
CUST_02239,2024-11-15,7.56
CUST_02132,2024-11-15,9.99
CUST_02364,2024-11-15,28.54
CUST_00991,2024-11-15,11.78
CUST_04915,2024-11-15,29.08
CUST_04424,2024-11-15,55.33
CUST_00459,2024-11-15,52.92
CUST_00941,2024-11-15,53.4
CUST_02020,2024-11-15,15.78
CUST_00385,2024-11-15,13.66
CUST_03760,2024-11-15,22.95
CUST_04300,2024-11-15,8.06
CUST_02623,2024-11-16,13.58
CUST_03101,2024-11-16,38.32
CUST_00642,2024-11-16,21.4
CUST_03249,2024-11-16,8.12
CUST_03919,2024-11-16,61.06
CUST_04607,2024-11-16,60.49
CUST_00780,2024-11-16,36.23
CUST_02776,2024-11-16,22.38
CUST_01299,2024-11-16,40.76
CUST_03730,2024-11-16,4.53
CUST_04244,2024-11-16,30.27
CUST_04899,2024-11-16,29.4
CUST_04780,2024-11-16,13.18
CUST_01260,2024-11-16,7.47
CUST_01573,2024-11-16,24.53
CUST_04027,2024-11-16,99.2
CUST_01584,2024-11-16,13.82
CUST_04560,2024-11-16,38.43
CUST_01630,2024-11-17,7.76
CUST_02257,2024-11-17,6.93
CUST_03389,2024-11-17,10.0
CUST_03594,2024-11-17,29.06
CUST_00306,2024-11-17,50.28
CUST_00579,2024-11-17,15.27
CUST_04798,2024-11-17,27.58
CUST_01616,2024-11-17,11.23
CUST_01081,2024-11-17,21.19
CUST_02728,2024-11-17,71.87
CUST_01254,2024-11-17,5.49
CUST_03793,2024-11-17,21.88
CUST_02615,2024-11-17,32.71
CUST_04361,2024-11-17,18.21
CUST_00934,2024-11-17,234.72
CUST_03783,2024-11-17,100.13
CUST_04032,2024-11-17,59.36
CUST_02793,2024-11-17,39.46
CUST_01548,2024-11-17,16.67
CUST_04154,2024-11-17,20.49
CUST_03793,2024-11-17,11.86
CUST_02323,2024-11-17,41.2
CUST_04732,2024-11-18,22.31
CUST_04593,2024-11-18,35.64
CUST_03465,2024-11-18,134.58
CUST_04857,2024-11-18,6.35
CUST_02686,2024-11-18,4.09
CUST_01051,2024-11-18,145.41
CUST_03370,2024-11-18,45.03
CUST_02216,2024-11-18,8.56
CUST_01593,2024-11-18,26.38
CUST_03325,2024-11-18,35.11
CUST_03484,2024-11-18,5.88
CUST_01187,2024-11-18,73.28
CUST_03311,2024-11-18,49.16
CUST_04189,2024-11-18,9.69
CUST_00203,2024-11-18,36.33
CUST_00680,2024-11-18,20.25
CUST_00693,2024-11-18,49.04
CUST_03471,2024-11-18,3.55
CUST_01260,2024-11-18,10.71
CUST_03064,2024-11-19,34.67
CUST_04784,2024-11-19,29.89
CUST_00546,2024-11-19,11.29
CUST_04386,2024-11-19,58.16
CUST_00333,2024-11-19,34.38
CUST_04971,2024-11-19,72.38
CUST_04739,2024-11-19,10.39
CUST_02516,2024-11-19,3.72
CUST_02235,2024-11-19,5.33
CUST_00773,2024-11-19,1.46
CUST_03185,2024-11-19,23.25
CUST_04409,2024-11-19,5.27
CUST_04428,2024-11-19,22.93
CUST_03381,2024-11-19,4.59
CUST_02659,2024-11-19,13.47
CUST_02097,2024-11-19,43.82
CUST_03770,2024-11-19,13.09
CUST_04883,2024-11-19,32.45
CUST_02173,2024-11-19,76.77
CUST_01534,2024-11-19,33.63
CUST_04456,2024-11-19,4.33
CUST_00725,2024-11-19,12.99
CUST_00596,2024-11-19,32.43
CUST_02983,2024-11-19,3.57
CUST_00096,2024-11-19,14.27
CUST_04499,2024-11-19,23.86
CUST_02731,2024-11-19,23.72
CUST_01731,2024-11-19,15.19
CUST_00850,2024-11-19,63.49
CUST_00264,2024-11-20,51.58
CUST_03182,2024-11-20,19.55
CUST_00169,2024-11-20,21.31
CUST_03119,2024-11-20,41.91
CUST_00286,2024-11-20,100.81
CUST_02374,2024-11-20,13.05
CUST_03031,2024-11-20,11.4
CUST_02351,2024-11-20,7.74
CUST_04519,2024-11-20,48.8
CUST_00308,2024-11-20,15.7
CUST_02368,2024-11-20,35.65
CUST_02022,2024-11-20,10.94
CUST_02984,2024-11-20,60.91
CUST_01267,2024-11-20,12.26
CUST_01095,2024-11-20,6.23
CUST_02386,2024-11-20,1.63
CUST_04656,2024-11-20,19.86
CUST_02102,2024-11-20,10.26
CUST_01513,2024-11-20,25.44
CUST_02179,2024-11-20,12.85
CUST_03009,2024-11-20,10.58
CUST_01399,2024-11-20,57.83
CUST_01463,2024-11-20,25.1
CUST_02812,2024-11-20,4.07
CUST_03720,2024-11-20,17.44
CUST_04300,2024-11-20,10.21
CUST_02539,2024-11-21,73.14
CUST_04689,2024-11-21,8.26
CUST_03608,2024-11-21,17.23
CUST_03408,2024-11-21,48.75
CUST_04260,2024-11-21,3.21
CUST_03542,2024-11-21,9.72
CUST_01394,2024-11-21,6.74
CUST_03488,2024-11-21,20.89
CUST_03227,2024-11-21,54.2
CUST_02539,2024-11-21,51.48
CUST_02797,2024-11-21,39.57
CUST_03592,2024-11-21,103.67
CUST_02653,2024-11-21,12.87
CUST_04038,2024-11-21,15.34
CUST_00702,2024-11-21,11.57
CUST_04519,2024-11-21,48.15
CUST_03608,2024-11-21,5.11
CUST_03520,2024-11-21,65.61
CUST_00311,2024-11-21,11.6
CUST_04117,2024-11-21,113.49
CUST_01906,2024-11-21,75.02
CUST_01921,2024-11-21,6.71
CUST_04624,2024-11-21,14.47
CUST_03319,2024-11-21,56.71
CUST_02027,2024-11-21,10.21
CUST_04300,2024-11-21,38.33
CUST_00333,2024-11-22,9.68
CUST_01815,2024-11-22,28.66
CUST_03001,2024-11-22,34.23
CUST_02707,2024-11-22,45.47
CUST_03221,2024-11-22,39.15
CUST_00411,2024-11-22,7.57
CUST_03600,2024-11-22,31.17
CUST_00684,2024-11-22,34.87
CUST_04607,2024-11-22,20.7
CUST_01235,2024-11-22,28.24
CUST_01430,2024-11-22,60.98
CUST_00408,2024-11-22,27.85
CUST_02699,2024-11-22,34.74
CUST_00574,2024-11-22,3.29
CUST_02703,2024-11-22,14.79
CUST_04741,2024-11-22,8.67
CUST_03006,2024-11-22,26.39
CUST_02717,2024-11-22,8.75
CUST_01844,2024-11-22,58.3
CUST_02413,2024-11-22,9.44
CUST_03162,2024-11-22,85.89
CUST_02266,2024-11-22,13.59
CUST_04391,2024-11-22,39.49
CUST_04216,2024-11-23,8.46
CUST_02367,2024-11-23,22.79
CUST_04128,2024-11-23,82.9
CUST_04957,2024-11-23,210.57
CUST_00954,2024-11-23,24.76
CUST_01786,2024-11-23,7.51
CUST_02873,2024-11-23,13.91
CUST_01656,2024-11-23,13.15
CUST_02888,2024-11-23,73.67
CUST_03390,2024-11-23,8.65
CUST_03220,2024-11-23,127.25
CUST_01181,2024-11-23,10.73
CUST_03063,2024-11-23,18.68
CUST_00527,2024-11-23,18.95
CUST_00270,2024-11-23,20.34
CUST_02531,2024-11-24,61.17
CUST_02537,2024-11-24,79.08
CUST_03319,2024-11-24,7.23
CUST_00436,2024-11-24,21.72
CUST_02980,2024-11-24,79.74
CUST_02350,2024-11-24,27.31
CUST_02121,2024-11-24,2.56
CUST_01968,2024-11-24,10.38
CUST_03821,2024-11-24,23.31
CUST_01059,2024-11-24,42.28
CUST_01849,2024-11-24,7.78
CUST_03576,2024-11-24,41.07
CUST_00358,2024-11-24,18.88
CUST_02249,2024-11-24,17.68
CUST_03592,2024-11-24,32.55
CUST_04765,2024-11-24,49.43
CUST_02290,2024-11-24,3.08
CUST_04695,2024-11-24,16.41
CUST_01497,2024-11-24,27.64
CUST_01848,2024-11-24,46.17
CUST_03349,2024-11-24,23.51
CUST_01846,2024-11-24,12.79
CUST_02455,2024-11-24,19.3
CUST_04134,2024-11-24,151.12
CUST_04408,2024-11-24,34.78
CUST_01351,2024-11-25,9.1
CUST_03456,2024-11-25,48.87
CUST_01656,2024-11-25,41.84
CUST_03592,2024-11-25,11.02
CUST_04117,2024-11-25,40.27
CUST_03247,2024-11-25,23.33
CUST_02238,2024-11-25,66.02
CUST_01182,2024-11-25,25.43
CUST_04171,2024-11-25,8.31
CUST_03668,2024-11-25,39.18
CUST_00251,2024-11-25,27.03
CUST_04936,2024-11-25,42.47
CUST_04281,2024-11-25,29.56
CUST_04117,2024-11-25,15.55
CUST_03783,2024-11-25,45.52
CUST_01979,2024-11-25,8.5
CUST_04408,2024-11-25,27.31
CUST_03813,2024-11-25,312.2
CUST_02159,2024-11-25,37.61
CUST_04191,2024-11-25,8.34
CUST_02650,2024-11-25,18.2
CUST_01620,2024-11-25,16.88
CUST_04514,2024-11-25,58.55
CUST_02672,2024-11-25,19.34
CUST_01725,2024-11-25,48.72
CUST_03384,2024-11-25,3.36
CUST_02512,2024-11-25,5.59
CUST_01614,2024-11-25,16.68
CUST_03175,2024-11-25,46.15
CUST_03171,2024-11-25,12.45
CUST_04873,2024-11-26,56.55
CUST_02960,2024-11-26,11.8
CUST_03543,2024-11-26,59.87
CUST_04823,2024-11-26,20.02
CUST_01812,2024-11-26,141.69
CUST_03998,2024-11-26,5.98
CUST_00444,2024-11-26,15.1
CUST_04623,2024-11-26,78.55
CUST_02785,2024-11-26,13.06
CUST_03276,2024-11-26,6.36
CUST_01226,2024-11-26,10.21
CUST_03102,2024-11-26,6.11
CUST_00894,2024-11-26,13.09
CUST_03203,2024-11-26,23.61
CUST_01525,2024-11-26,24.84
CUST_01859,2024-11-26,106.39
CUST_01492,2024-11-26,5.66
CUST_01462,2024-11-26,34.48
CUST_04126,2024-11-26,9.01
CUST_04519,2024-11-26,15.63
CUST_00185,2024-11-26,12.02
CUST_03808,2024-11-26,17.71
CUST_04260,2024-11-26,69.51
CUST_02368,2024-11-26,21.88
CUST_01260,2024-11-26,34.21
CUST_00630,2024-11-26,40.74
CUST_00139,2024-11-26,214.16
CUST_04500,2024-11-26,23.74
CUST_03063,2024-11-26,40.77
CUST_03755,2024-11-27,10.81
CUST_00488,2024-11-27,9.41
CUST_04877,2024-11-27,29.49
CUST_00773,2024-11-27,21.53
CUST_01016,2024-11-27,36.68
CUST_02825,2024-11-27,172.61
CUST_01275,2024-11-27,7.24
CUST_04519,2024-11-27,87.51
CUST_00504,2024-11-27,56.96
CUST_01641,2024-11-27,46.25
CUST_02239,2024-11-27,12.44
CUST_04260,2024-11-27,89.0
CUST_03099,2024-11-27,7.51
CUST_03443,2024-11-27,24.59
CUST_02737,2024-11-27,31.55
CUST_01838,2024-11-27,11.03
CUST_00430,2024-11-27,14.75
CUST_04623,2024-11-27,7.05
CUST_01247,2024-11-27,20.17
CUST_00085,2024-11-28,17.73
CUST_02332,2024-11-28,15.35
CUST_02319,2024-11-28,23.36
CUST_00333,2024-11-28,15.79
CUST_01191,2024-11-28,22.76
CUST_02023,2024-11-28,25.0
CUST_02898,2024-11-28,17.68
CUST_00183,2024-11-28,88.88
CUST_04465,2024-11-28,13.57
CUST_04073,2024-11-28,24.9
CUST_00843,2024-11-28,122.05
CUST_00989,2024-11-28,19.35
CUST_03352,2024-11-28,17.24
CUST_04812,2024-11-28,27.13
CUST_01538,2024-11-28,62.71
CUST_04758,2024-11-28,7.57
CUST_02186,2024-11-28,17.9
CUST_02430,2024-11-28,9.95
CUST_04300,2024-11-28,21.82
CUST_04989,2024-11-29,80.45
CUST_01644,2024-11-29,9.54
CUST_01483,2024-11-29,10.18
CUST_04201,2024-11-29,1.94
CUST_03921,2024-11-29,32.39
CUST_02367,2024-11-29,21.27
CUST_04927,2024-11-29,5.2
CUST_03163,2024-11-29,17.37
CUST_00072,2024-11-29,14.41
CUST_03063,2024-11-29,23.37
CUST_03102,2024-11-29,10.1
CUST_03115,2024-11-29,10.59
CUST_01430,2024-11-29,5.64
CUST_04747,2024-11-29,20.43
CUST_00638,2024-11-29,12.66
CUST_04747,2024-11-29,8.98
CUST_03319,2024-11-29,12.76
CUST_02686,2024-11-29,21.32
CUST_04840,2024-11-30,43.49
CUST_03813,2024-11-30,309.03
CUST_01946,2024-11-30,4.11
CUST_01340,2024-11-30,18.0
CUST_04999,2024-11-30,17.2
CUST_04049,2024-11-30,7.38
CUST_04069,2024-11-30,19.33
CUST_01030,2024-11-30,9.1
CUST_01839,2024-11-30,4.46
CUST_03006,2024-11-30,57.21
CUST_03420,2024-11-30,26.33
CUST_03668,2024-11-30,6.71
CUST_02606,2024-11-30,7.45
CUST_04391,2024-11-30,28.02
CUST_01763,2024-11-30,16.65
CUST_00179,2024-11-30,40.26
CUST_04803,2024-11-30,35.17
CUST_01393,2024-11-30,21.38
CUST_00912,2024-11-30,6.83
CUST_01245,2024-11-30,13.62
CUST_04300,2024-11-30,15.5
CUST_04682,2024-11-30,15.9
CUST_04300,2024-11-30,5.53
CUST_02913,2024-11-30,21.37
CUST_01959,2024-12-01,9.41
CUST_02972,2024-12-01,5.68
CUST_02906,2024-12-01,6.54
CUST_01964,2024-12-01,19.35
CUST_02115,2024-12-01,19.8
CUST_00934,2024-12-01,21.03
CUST_04174,2024-12-01,10.42
CUST_03214,2024-12-01,84.37
CUST_02873,2024-12-01,40.07
CUST_00070,2024-12-01,34.09
CUST_03793,2024-12-01,28.78
CUST_02315,2024-12-01,20.66
CUST_03075,2024-12-01,129.69
CUST_04300,2024-12-01,11.8
CUST_02988,2024-12-01,7.42
CUST_03869,2024-12-01,85.8
CUST_01553,2024-12-01,34.98
CUST_04569,2024-12-01,40.58
CUST_03327,2024-12-01,10.52
CUST_01513,2024-12-01,10.88
CUST_04387,2024-12-01,10.28
CUST_04668,2024-12-02,13.93
CUST_00197,2024-12-02,11.88
CUST_02238,2024-12-02,98.62
CUST_00841,2024-12-02,105.5
CUST_03327,2024-12-02,22.28
CUST_01455,2024-12-02,126.7
CUST_03391,2024-12-02,55.55
CUST_01094,2024-12-02,13.1
CUST_04678,2024-12-02,26.15
CUST_03191,2024-12-02,28.61
CUST_01995,2024-12-02,42.45
CUST_01772,2024-12-02,8.84
CUST_00435,2024-12-02,10.01
CUST_00877,2024-12-02,44.14
CUST_04919,2024-12-02,131.25
CUST_02677,2024-12-02,9.2
CUST_01017,2024-12-02,51.86
CUST_03898,2024-12-02,15.58
CUST_00096,2024-12-02,54.38
CUST_02364,2024-12-02,17.93
CUST_00310,2024-12-02,8.57
CUST_02146,2024-12-02,5.49
CUST_02866,2024-12-02,6.82
CUST_04745,2024-12-03,17.71
CUST_04593,2024-12-03,43.7
CUST_00333,2024-12-03,16.48
CUST_03064,2024-12-03,24.6
CUST_03327,2024-12-03,9.17
CUST_02510,2024-12-03,34.14
CUST_02214,2024-12-03,71.26
CUST_03869,2024-12-03,51.24
CUST_03360,2024-12-03,1.63
CUST_03926,2024-12-03,41.29
CUST_03368,2024-12-03,30.27
CUST_01386,2024-12-03,19.56
CUST_03855,2024-12-03,10.53
CUST_04321,2024-12-03,23.42
CUST_00980,2024-12-03,10.7
CUST_01772,2024-12-03,65.43
CUST_01483,2024-12-03,24.83
CUST_00300,2024-12-03,11.48
CUST_00598,2024-12-03,18.99
CUST_04126,2024-12-03,20.02
CUST_01390,2024-12-03,33.45
CUST_02676,2024-12-03,16.16
CUST_00785,2024-12-03,38.26
CUST_04109,2024-12-03,11.7
CUST_03416,2024-12-04,11.96
CUST_01442,2024-12-04,10.03
CUST_04623,2024-12-04,102.66
CUST_03355,2024-12-04,28.73
CUST_04023,2024-12-04,24.46
CUST_04554,2024-12-04,127.81
CUST_03668,2024-12-04,6.41
CUST_04499,2024-12-04,32.55
CUST_01568,2024-12-04,51.64
CUST_01341,2024-12-04,18.86
CUST_03489,2024-12-04,83.19
CUST_04453,2024-12-04,22.04
CUST_04747,2024-12-04,39.2
CUST_01985,2024-12-04,6.19
CUST_00691,2024-12-04,10.4
CUST_01763,2024-12-04,7.27
CUST_02230,2024-12-04,91.7
CUST_02301,2024-12-04,41.47
CUST_00643,2024-12-04,23.63
CUST_03063,2024-12-04,59.19
CUST_00655,2024-12-04,6.75
CUST_03204,2024-12-05,77.33
CUST_02551,2024-12-05,55.99
CUST_02453,2024-12-05,6.77
CUST_04402,2024-12-05,39.97
CUST_02774,2024-12-05,33.42
CUST_04281,2024-12-05,48.5
CUST_00148,2024-12-05,42.22
CUST_04819,2024-12-05,33.91
CUST_00625,2024-12-05,41.02
CUST_04527,2024-12-05,20.51
CUST_04193,2024-12-05,86.72
CUST_02159,2024-12-05,34.34
CUST_02669,2024-12-05,43.36
CUST_00832,2024-12-05,59.09
CUST_01314,2024-12-05,65.94
CUST_00596,2024-12-05,37.66
CUST_03572,2024-12-05,8.67
CUST_04947,2024-12-05,29.19
CUST_03933,2024-12-05,4.72
CUST_02581,2024-12-05,44.11
CUST_00224,2024-12-05,16.71
CUST_03661,2024-12-05,340.45
CUST_02686,2024-12-05,19.14
CUST_04128,2024-12-06,52.88
CUST_03147,2024-12-06,20.84
CUST_02423,2024-12-06,117.16
CUST_02766,2024-12-06,42.38
CUST_03451,2024-12-06,38.98
CUST_04580,2024-12-06,32.04
CUST_03323,2024-12-06,4.36
CUST_02301,2024-12-06,18.72
CUST_01097,2024-12-06,14.65
CUST_04161,2024-12-06,4.87
CUST_03155,2024-12-06,10.25
CUST_03083,2024-12-06,23.15
CUST_03602,2024-12-06,12.33
CUST_02168,2024-12-06,31.07
CUST_00096,2024-12-06,24.93
CUST_00693,2024-12-06,49.03
CUST_00480,2024-12-06,25.68
CUST_03788,2024-12-06,27.69
CUST_01532,2024-12-06,3.71
CUST_00735,2024-12-06,8.99
CUST_00579,2024-12-07,14.53
CUST_03752,2024-12-07,11.38
CUST_04695,2024-12-07,54.15
CUST_03534,2024-12-07,4.61
CUST_01894,2024-12-07,45.96
CUST_01407,2024-12-07,35.25
CUST_04593,2024-12-07,44.26
CUST_03908,2024-12-07,1.65
CUST_01639,2024-12-07,60.58
CUST_04998,2024-12-07,47.6
CUST_03260,2024-12-07,28.03
CUST_04908,2024-12-07,11.72
CUST_02413,2024-12-07,9.27
CUST_01039,2024-12-07,8.91
CUST_01394,2024-12-07,47.19
CUST_02785,2024-12-07,186.61
CUST_01813,2024-12-07,26.62
CUST_01676,2024-12-07,192.27
CUST_04284,2024-12-07,127.75
CUST_01869,2024-12-07,5.38
CUST_02866,2024-12-07,6.44
CUST_03804,2024-12-07,8.38
CUST_01051,2024-12-07,47.09
CUST_04474,2024-12-07,2.56
CUST_03783,2024-12-07,42.92
CUST_00333,2024-12-07,15.34
CUST_00161,2024-12-07,9.81
CUST_03327,2024-12-07,26.2
CUST_01555,2024-12-07,28.56
CUST_00596,2024-12-07,16.65
CUST_02737,2024-12-07,27.89
CUST_00877,2024-12-08,21.08
CUST_04300,2024-12-08,12.36
CUST_01164,2024-12-08,41.35
CUST_01170,2024-12-08,53.35
CUST_04726,2024-12-08,34.62
CUST_03283,2024-12-08,2.35
CUST_01879,2024-12-08,24.55
CUST_02539,2024-12-08,7.48
CUST_04805,2024-12-08,44.94
CUST_00870,2024-12-08,4.81
CUST_03786,2024-12-08,23.64
CUST_00618,2024-12-08,11.9
CUST_01849,2024-12-08,118.67
CUST_01006,2024-12-08,11.5
CUST_01240,2024-12-08,14.74
CUST_01423,2024-12-08,44.06
CUST_00060,2024-12-08,12.33
CUST_01456,2024-12-08,19.19
CUST_02076,2024-12-08,21.96
CUST_00733,2024-12-08,7.59
CUST_00443,2024-12-08,33.16
CUST_04453,2024-12-08,14.44
CUST_04747,2024-12-08,1.98
CUST_04173,2024-12-08,5.0
CUST_04623,2024-12-08,23.79
CUST_04050,2024-12-08,73.53
CUST_02234,2024-12-08,9.68
CUST_00702,2024-12-08,13.22
CUST_00702,2024-12-08,82.98
CUST_04232,2024-12-08,4.64
CUST_03260,2024-12-08,25.88
CUST_01019,2024-12-08,16.23
CUST_02896,2024-12-08,18.38
CUST_04555,2024-12-08,7.72
CUST_01513,2024-12-08,12.48
CUST_02706,2024-12-08,20.18
CUST_00025,2024-12-08,22.5
CUST_02802,2024-12-08,39.05
CUST_03031,2024-12-08,30.25
CUST_00609,2024-12-09,14.06
CUST_00911,2024-12-09,51.48
CUST_00598,2024-12-09,16.35
CUST_04519,2024-12-09,33.11
CUST_03813,2024-12-09,9.26
CUST_04558,2024-12-09,41.28
CUST_02285,2024-12-09,36.74
CUST_03926,2024-12-09,36.55
CUST_00937,2024-12-09,21.34
CUST_04544,2024-12-09,8.29
CUST_03160,2024-12-09,47.59
CUST_03813,2024-12-09,57.47
CUST_01838,2024-12-09,6.12
CUST_02667,2024-12-09,7.88
CUST_04855,2024-12-09,165.49
CUST_03869,2024-12-09,3.41
CUST_00291,2024-12-09,16.83
CUST_00519,2024-12-09,6.99
CUST_04399,2024-12-09,34.03
CUST_04588,2024-12-09,48.17
CUST_02704,2024-12-09,19.97
CUST_04581,2024-12-09,17.92
CUST_03369,2024-12-09,30.95
CUST_04910,2024-12-09,7.21
CUST_01097,2024-12-09,17.42
CUST_00598,2024-12-10,33.65
CUST_02343,2024-12-10,45.34
CUST_00478,2024-12-10,7.91
CUST_00275,2024-12-10,5.74
CUST_04855,2024-12-10,9.36
CUST_04426,2024-12-10,12.89
CUST_04159,2024-12-10,75.0
CUST_00369,2024-12-10,18.21
CUST_03545,2024-12-10,13.91
CUST_02413,2024-12-10,289.71
CUST_00705,2024-12-10,51.71
CUST_02995,2024-12-10,7.93
CUST_02436,2024-12-10,10.86
CUST_03357,2024-12-10,12.65
CUST_01463,2024-12-10,33.65
CUST_02539,2024-12-10,6.76
CUST_04164,2024-12-10,19.18
CUST_00982,2024-12-10,23.54
CUST_01639,2024-12-10,27.43
CUST_00333,2024-12-10,14.75
CUST_04677,2024-12-10,81.11
CUST_02731,2024-12-11,3.38
CUST_04253,2024-12-11,70.32
CUST_01063,2024-12-11,30.35
CUST_03205,2024-12-11,25.88
CUST_04300,2024-12-11,13.48
CUST_04361,2024-12-11,5.94
CUST_04959,2024-12-11,11.23
CUST_01100,2024-12-11,109.6
CUST_03751,2024-12-11,58.79
CUST_04610,2024-12-11,19.23
CUST_04128,2024-12-11,25.92
CUST_03420,2024-12-11,8.58
CUST_01656,2024-12-11,6.38
CUST_04114,2024-12-11,25.74
CUST_01463,2024-12-11,11.33
CUST_04519,2024-12-11,28.16
CUST_01811,2024-12-11,56.88
CUST_04666,2024-12-11,16.81
CUST_02364,2024-12-11,53.19
CUST_00333,2024-12-11,31.26
CUST_02522,2024-12-11,9.88
CUST_01503,2024-12-11,14.97
CUST_00702,2024-12-11,11.79
CUST_04894,2024-12-12,39.24
CUST_04402,2024-12-12,385.74
CUST_01372,2024-12-12,9.42
CUST_02413,2024-12-12,16.51
CUST_00084,2024-12-12,19.54
CUST_00695,2024-12-12,30.68
CUST_00096,2024-12-12,16.18
CUST_02853,2024-12-12,22.95
CUST_00026,2024-12-12,8.07
CUST_00084,2024-12-12,14.3
CUST_00036,2024-12-12,45.6
CUST_01905,2024-12-12,4.65
CUST_00667,2024-12-12,33.34
CUST_03119,2024-12-12,26.56
CUST_04519,2024-12-12,151.03
CUST_02208,2024-12-12,35.46
CUST_03969,2024-12-13,58.23
CUST_04702,2024-12-13,9.69
CUST_02581,2024-12-13,2.64
CUST_03651,2024-12-13,49.34
CUST_00806,2024-12-13,11.85
CUST_04434,2024-12-13,63.9
CUST_03867,2024-12-13,27.57
CUST_02568,2024-12-13,35.01
CUST_02272,2024-12-13,25.62
CUST_00880,2024-12-13,19.62
CUST_01430,2024-12-13,12.43
CUST_00018,2024-12-13,31.13
CUST_02413,2024-12-13,78.65
CUST_04858,2024-12-13,9.0
CUST_02125,2024-12-13,16.33
CUST_01155,2024-12-13,26.86
CUST_04877,2024-12-13,44.98
CUST_02638,2024-12-13,23.06
CUST_01155,2024-12-13,145.84
CUST_04300,2024-12-14,37.13
CUST_00326,2024-12-14,72.02
CUST_01373,2024-12-14,43.39
CUST_01947,2024-12-14,5.47
CUST_01199,2024-12-14,40.06
CUST_03051,2024-12-14,152.15
CUST_03808,2024-12-14,28.19
CUST_01672,2024-12-14,43.73
CUST_02590,2024-12-14,23.91
CUST_03459,2024-12-14,23.57
CUST_04742,2024-12-14,5.91
CUST_02946,2024-12-14,15.22
CUST_04798,2024-12-14,38.92
CUST_04191,2024-12-14,7.78
CUST_03390,2024-12-14,27.64
CUST_03385,2024-12-14,201.73
CUST_03174,2024-12-14,20.1
CUST_00424,2024-12-14,24.02
CUST_00948,2024-12-15,29.09
CUST_02625,2024-12-15,6.56
CUST_04719,2024-12-15,28.44
CUST_00185,2024-12-15,43.98
CUST_04007,2024-12-15,107.78
CUST_04981,2024-12-15,5.67
CUST_03019,2024-12-15,99.29
CUST_02714,2024-12-15,4.46
CUST_04027,2024-12-15,8.06
CUST_04189,2024-12-15,13.97
CUST_00594,2024-12-15,13.75
CUST_00320,2024-12-15,22.26
CUST_02061,2024-12-15,4.76
CUST_01213,2024-12-15,47.73
CUST_03456,2024-12-15,12.18
CUST_03716,2024-12-15,4.96
CUST_01766,2024-12-15,14.43
CUST_01017,2024-12-15,10.56
CUST_03276,2024-12-15,144.95
CUST_04281,2024-12-15,13.13
CUST_03059,2024-12-15,101.97
CUST_02034,2024-12-15,6.87
CUST_01383,2024-12-15,5.3
CUST_01375,2024-12-15,71.82
CUST_04798,2024-12-15,14.96
CUST_02216,2024-12-15,2.87
CUST_01065,2024-12-16,19.21
CUST_03925,2024-12-16,62.31
CUST_03198,2024-12-16,36.37
CUST_00410,2024-12-16,30.46
CUST_00330,2024-12-16,45.75
CUST_00643,2024-12-16,31.65
CUST_04519,2024-12-16,5.73
CUST_04182,2024-12-16,3.03
CUST_00580,2024-12-16,29.88
CUST_04073,2024-12-16,16.53
CUST_00909,2024-12-16,44.32
CUST_02061,2024-12-16,12.5
CUST_04105,2024-12-16,13.21
CUST_02745,2024-12-16,7.62
CUST_03846,2024-12-16,17.9
CUST_00979,2024-12-16,27.84
CUST_03912,2024-12-16,28.57
CUST_03547,2024-12-16,6.51
CUST_01377,2024-12-17,15.02
CUST_01095,2024-12-17,9.33
CUST_02277,2024-12-17,21.21
CUST_04191,2024-12-17,5.02
CUST_04603,2024-12-17,17.92
CUST_03006,2024-12-17,6.69
CUST_00124,2024-12-17,52.86
CUST_02927,2024-12-17,42.6
CUST_04877,2024-12-17,27.87
CUST_02581,2024-12-17,69.41
CUST_01717,2024-12-17,6.87
CUST_00940,2024-12-17,18.68
CUST_00281,2024-12-17,9.8
CUST_02785,2024-12-17,113.08
CUST_01473,2024-12-17,31.57
CUST_01469,2024-12-17,1.9
CUST_03978,2024-12-18,55.96
CUST_01204,2024-12-18,49.41
CUST_01377,2024-12-18,43.43
CUST_04700,2024-12-18,1.85
CUST_02921,2024-12-18,27.24
CUST_01661,2024-12-18,12.69
CUST_01893,2024-12-18,7.94
CUST_03919,2024-12-18,4.33
CUST_02980,2024-12-19,1.4
CUST_02529,2024-12-19,82.1
CUST_02967,2024-12-19,19.73
CUST_01532,2024-12-19,21.29
CUST_04883,2024-12-19,198.68
CUST_03869,2024-12-19,2.82
CUST_01787,2024-12-19,7.56
CUST_00767,2024-12-19,19.1
CUST_04369,2024-12-19,8.21
CUST_04613,2024-12-19,26.85
CUST_04244,2024-12-19,5.93
CUST_02539,2024-12-19,35.2
CUST_03895,2024-12-19,14.74
CUST_02474,2024-12-19,19.84
CUST_04673,2024-12-19,25.24
CUST_02778,2024-12-20,13.66
CUST_04300,2024-12-20,28.06
CUST_00443,2024-12-20,34.35
CUST_00916,2024-12-20,6.76
CUST_01844,2024-12-20,10.14
CUST_04088,2024-12-20,7.83
CUST_02220,2024-12-20,18.67
CUST_04427,2024-12-20,25.98
CUST_03689,2024-12-20,20.63
CUST_03311,2024-12-20,28.02
CUST_04120,2024-12-20,2.5
CUST_04519,2024-12-20,19.16
CUST_04805,2024-12-20,15.16
CUST_03161,2024-12-20,9.19
CUST_01791,2024-12-20,35.36
CUST_04901,2024-12-20,38.52
CUST_04236,2024-12-20,8.58
CUST_00065,2024-12-20,29.02
CUST_02921,2024-12-20,42.48
CUST_00379,2024-12-20,119.42
CUST_00533,2024-12-20,3.08
CUST_00702,2024-12-21,16.43
CUST_04468,2024-12-21,18.52
CUST_04390,2024-12-21,19.28
CUST_04471,2024-12-21,3.05
CUST_00572,2024-12-21,29.59
CUST_02539,2024-12-21,8.85
CUST_00333,2024-12-21,20.62
CUST_03288,2024-12-21,13.31
CUST_02413,2024-12-21,108.2
CUST_01921,2024-12-21,28.85
CUST_01186,2024-12-21,73.99
CUST_04689,2024-12-21,31.1
CUST_03093,2024-12-21,9.56
CUST_04593,2024-12-21,13.11
CUST_02417,2024-12-21,25.44
CUST_03773,2024-12-21,6.37
CUST_00591,2024-12-21,14.78
CUST_04572,2024-12-21,12.1
CUST_00130,2024-12-21,7.85
CUST_02779,2024-12-21,46.56
CUST_02413,2024-12-21,16.72
CUST_04300,2024-12-21,16.35
CUST_00384,2024-12-22,36.47
CUST_00343,2024-12-22,60.17
CUST_03407,2024-12-22,16.47
CUST_04128,2024-12-22,7.2
CUST_00056,2024-12-22,3.14
CUST_04409,2024-12-22,41.88
CUST_01394,2024-12-22,49.54
CUST_03869,2024-12-22,81.93
CUST_02883,2024-12-22,46.89
CUST_00385,2024-12-22,10.85
CUST_04300,2024-12-22,23.06
CUST_00669,2024-12-22,218.78
CUST_03119,2024-12-22,3.06
CUST_04726,2024-12-22,35.4
CUST_04189,2024-12-22,10.24
CUST_02610,2024-12-22,12.01
CUST_04111,2024-12-22,10.81
CUST_00863,2024-12-22,41.52
CUST_00333,2024-12-22,38.07
CUST_00484,2024-12-22,19.8
CUST_03543,2024-12-22,23.66
CUST_01049,2024-12-22,10.85
CUST_00055,2024-12-23,35.28
CUST_00460,2024-12-23,10.48
CUST_00333,2024-12-23,249.67
CUST_02218,2024-12-23,11.3
CUST_00234,2024-12-23,11.2
CUST_02211,2024-12-23,25.5
CUST_02008,2024-12-23,62.66
CUST_02272,2024-12-23,60.65
CUST_01195,2024-12-23,13.56
CUST_00896,2024-12-23,9.34
CUST_02980,2024-12-23,51.31
CUST_03071,2024-12-23,40.91
CUST_03542,2024-12-23,22.09
CUST_03281,2024-12-23,8.87
CUST_01859,2024-12-23,77.58
CUST_00546,2024-12-23,78.26
CUST_00591,2024-12-23,10.83
CUST_04984,2024-12-23,14.59
CUST_02501,2024-12-23,9.54
CUST_04036,2024-12-23,69.3
CUST_03940,2024-12-23,70.71
CUST_02812,2024-12-23,27.27
CUST_01945,2024-12-23,20.6
CUST_02854,2024-12-23,13.76
CUST_04391,2024-12-24,23.84
CUST_03891,2024-12-24,27.84
CUST_01704,2024-12-24,83.5
CUST_02402,2024-12-24,36.34
CUST_03327,2024-12-24,15.75
CUST_00659,2024-12-24,3.36
CUST_01636,2024-12-24,25.19
CUST_01150,2024-12-24,15.84
CUST_03058,2024-12-24,17.09
CUST_02234,2024-12-24,5.28
CUST_03006,2024-12-24,12.91
CUST_04823,2024-12-24,45.4
CUST_03937,2024-12-24,29.47
CUST_00089,2024-12-24,12.93
CUST_03813,2024-12-24,42.69
CUST_02616,2024-12-24,34.22
CUST_00462,2024-12-24,18.62
CUST_01466,2024-12-24,57.73
CUST_00230,2024-12-24,55.61
CUST_03239,2024-12-24,7.7
CUST_03150,2024-12-24,132.79
CUST_01195,2024-12-25,5.13
CUST_01771,2024-12-25,32.04
CUST_04668,2024-12-25,48.87
CUST_00480,2024-12-25,12.61
CUST_03289,2024-12-25,39.62
CUST_01776,2024-12-25,11.8
CUST_03808,2024-12-25,6.34
CUST_04189,2024-12-25,4.67
CUST_03312,2024-12-25,34.11
CUST_00577,2024-12-25,4.15
CUST_04731,2024-12-25,7.31
CUST_04987,2024-12-25,26.54
CUST_01908,2024-12-25,134.18
CUST_02799,2024-12-25,26.3
CUST_04244,2024-12-25,65.7
CUST_02826,2024-12-25,8.48
CUST_02570,2024-12-25,9.72
CUST_02124,2024-12-25,29.14
CUST_01840,2024-12-25,28.31
CUST_02054,2024-12-26,10.6
CUST_02717,2024-12-26,2.25
CUST_04747,2024-12-26,40.93
CUST_04493,2024-12-26,67.15
CUST_00149,2024-12-26,3.91
CUST_02272,2024-12-26,10.8
CUST_02680,2024-12-26,22.0
CUST_01444,2024-12-26,84.99
CUST_03935,2024-12-26,8.83
CUST_04807,2024-12-26,16.8
CUST_01377,2024-12-26,82.55
CUST_01017,2024-12-26,7.12
CUST_01430,2024-12-26,8.5
CUST_04333,2024-12-26,13.91
CUST_03288,2024-12-26,7.53
CUST_03936,2024-12-26,8.61
CUST_03279,2024-12-26,4.15
CUST_04291,2024-12-26,50.5
CUST_02413,2024-12-26,29.03
CUST_01397,2024-12-26,3.08
CUST_02863,2024-12-26,18.39
CUST_04513,2024-12-26,2.1
CUST_01467,2024-12-26,10.95
CUST_03320,2024-12-26,50.75
CUST_00369,2024-12-26,65.69
CUST_02350,2024-12-26,14.06
CUST_02028,2024-12-26,7.07
CUST_00206,2024-12-26,4.37
CUST_02728,2024-12-27,51.88
CUST_00571,2024-12-27,61.13
CUST_00858,2024-12-27,10.61
CUST_01195,2024-12-27,22.57
CUST_04307,2024-12-27,4.84
CUST_04308,2024-12-27,79.24
CUST_02942,2024-12-27,15.67
CUST_00102,2024-12-27,26.83
CUST_02553,2024-12-27,25.27
CUST_03289,2024-12-27,19.92
CUST_00954,2024-12-27,11.6
CUST_00595,2024-12-27,42.44
CUST_00562,2024-12-27,18.68
CUST_00480,2024-12-27,11.71
CUST_00773,2024-12-27,24.56
CUST_04141,2024-12-27,12.79
CUST_04518,2024-12-27,8.45
CUST_00183,2024-12-27,48.09
CUST_02174,2024-12-27,27.36
CUST_04300,2024-12-27,121.22
CUST_01889,2024-12-28,11.49
CUST_04593,2024-12-28,15.4
CUST_03675,2024-12-28,39.17
CUST_00982,2024-12-28,18.41
CUST_03077,2024-12-28,92.58
CUST_04651,2024-12-28,214.34
CUST_02583,2024-12-28,6.88
CUST_02270,2024-12-28,11.17
CUST_02422,2024-12-28,16.19
CUST_03168,2024-12-28,6.52
CUST_00185,2024-12-28,4.96
CUST_00807,2024-12-28,14.35
CUST_00333,2024-12-28,11.76
CUST_04111,2024-12-28,31.06
CUST_03075,2024-12-28,30.82
CUST_04104,2024-12-28,34.3
CUST_02703,2024-12-29,28.19
CUST_02672,2024-12-29,23.02
CUST_00640,2024-12-29,85.33
CUST_03536,2024-12-29,16.81
CUST_02822,2024-12-29,26.98
CUST_00771,2024-12-29,18.52
CUST_00658,2024-12-29,94.83
CUST_03155,2024-12-29,51.79
CUST_01030,2024-12-29,19.09
CUST_02114,2024-12-29,44.27
CUST_02799,2024-12-29,31.06
CUST_01583,2024-12-29,9.57
CUST_03118,2024-12-29,19.31
CUST_00991,2024-12-29,21.24
CUST_04487,2024-12-29,13.12
CUST_04923,2024-12-29,13.18
CUST_02275,2024-12-29,36.32
CUST_04811,2024-12-29,16.17
CUST_03919,2024-12-29,14.0
CUST_02783,2024-12-29,4.88
CUST_03877,2024-12-30,55.5
CUST_02047,2024-12-30,5.41
CUST_00191,2024-12-30,30.68
CUST_03062,2024-12-30,25.81
CUST_02784,2024-12-30,48.5
CUST_02904,2024-12-30,18.01
CUST_00752,2024-12-30,82.3
CUST_03610,2024-12-30,5.67
CUST_04807,2024-12-30,150.33
CUST_02703,2024-12-30,8.84
CUST_04593,2024-12-30,14.22
CUST_03131,2024-12-30,13.68
CUST_02914,2024-12-30,11.66
CUST_03917,2024-12-30,21.44
CUST_00093,2024-12-30,63.55
CUST_02578,2024-12-30,20.96
CUST_01581,2024-12-30,27.14
CUST_01589,2024-12-30,8.65
CUST_04386,2024-12-30,34.9
CUST_03783,2024-12-30,17.81
CUST_03947,2024-12-30,9.89
CUST_04867,2024-12-30,152.14
CUST_00353,2024-12-30,89.32
CUST_04741,2024-12-30,13.3
CUST_00444,2024-12-30,25.16
CUST_01097,2024-12-30,22.6
CUST_02794,2024-12-30,13.66
CUST_00272,2024-12-30,68.03
CUST_02413,2024-12-30,22.25
CUST_00576,2024-12-31,27.6
CUST_03054,2024-12-31,4.67
CUST_04023,2024-12-31,39.93
CUST_01811,2024-12-31,26.99
CUST_02601,2024-12-31,48.17
CUST_01172,2024-12-31,29.52
CUST_00264,2024-12-31,12.8
CUST_04572,2024-12-31,28.48
CUST_04456,2024-12-31,13.75
CUST_00886,2024-12-31,57.42
CUST_04994,2024-12-31,27.61
CUST_04927,2025-01-01,15.95
CUST_02413,2025-01-01,4.01
CUST_03245,2025-01-01,12.14
CUST_02108,2025-01-01,14.38
CUST_01513,2025-01-01,22.12
CUST_02568,2025-01-01,6.18
CUST_03001,2025-01-01,25.08
CUST_02748,2025-01-01,25.7
CUST_00973,2025-01-01,2.63
CUST_00808,2025-01-01,13.42
CUST_00816,2025-01-01,36.14
CUST_01065,2025-01-01,27.33
CUST_04877,2025-01-01,26.16
CUST_03182,2025-01-01,70.78
CUST_02758,2025-01-01,102.2
CUST_02138,2025-01-01,5.93
CUST_01097,2025-01-01,19.46
CUST_03538,2025-01-01,41.79
CUST_01605,2025-01-01,77.02
CUST_01608,2025-01-01,16.29
CUST_02265,2025-01-01,4.94
CUST_00309,2025-01-02,38.08
CUST_00333,2025-01-02,24.97
CUST_00982,2025-01-02,3.99
CUST_04356,2025-01-02,24.37
CUST_00159,2025-01-02,60.18
CUST_00333,2025-01-02,33.4
CUST_04560,2025-01-02,13.0
CUST_03783,2025-01-02,407.16
CUST_02568,2025-01-02,3.91
CUST_01732,2025-01-02,71.0
CUST_00066,2025-01-02,78.2
CUST_04367,2025-01-02,6.96
CUST_01495,2025-01-02,7.26
CUST_04281,2025-01-02,9.88
CUST_03506,2025-01-02,11.75
CUST_01218,2025-01-02,9.11
CUST_04244,2025-01-02,5.95
CUST_04490,2025-01-02,4.85
CUST_01025,2025-01-02,148.11
CUST_02819,2025-01-02,9.14
CUST_02540,2025-01-02,36.98
CUST_01849,2025-01-02,14.96
CUST_02863,2025-01-02,43.16
CUST_01721,2025-01-02,1.0
CUST_04593,2025-01-03,25.16
CUST_00877,2025-01-03,121.25
CUST_02000,2025-01-03,2.45
CUST_01860,2025-01-03,27.29
CUST_03227,2025-01-03,19.14
CUST_00629,2025-01-03,12.49
CUST_04408,2025-01-03,89.2
CUST_04164,2025-01-03,8.01
CUST_00468,2025-01-03,28.26
CUST_01537,2025-01-03,35.09
CUST_01905,2025-01-03,20.94
CUST_00936,2025-01-03,18.29
CUST_02550,2025-01-03,3.27
CUST_00075,2025-01-03,18.02
CUST_03985,2025-01-03,23.32
CUST_00333,2025-01-03,59.86
CUST_02517,2025-01-03,37.79
CUST_04409,2025-01-03,13.91
CUST_03691,2025-01-03,11.27
CUST_03692,2025-01-03,7.1
CUST_02077,2025-01-03,6.28
CUST_03926,2025-01-03,17.5
CUST_04831,2025-01-03,57.12
CUST_04689,2025-01-03,20.51
CUST_04533,2025-01-03,161.77
CUST_00162,2025-01-03,7.58
CUST_02351,2025-01-03,6.4
CUST_04983,2025-01-04,4.53
CUST_04386,2025-01-04,13.05
CUST_03728,2025-01-04,21.37
CUST_01260,2025-01-04,34.34
CUST_01807,2025-01-04,91.64
CUST_03351,2025-01-04,19.26
CUST_01253,2025-01-04,44.67
CUST_01771,2025-01-04,166.2
CUST_01512,2025-01-04,4.01
CUST_00716,2025-01-04,11.13
CUST_03202,2025-01-04,54.42
CUST_04885,2025-01-04,38.91
CUST_00680,2025-01-04,9.28
CUST_04994,2025-01-04,29.98
CUST_01388,2025-01-04,13.47
CUST_01945,2025-01-04,6.98
CUST_02773,2025-01-04,19.38
CUST_03686,2025-01-04,50.0
CUST_04758,2025-01-04,5.35
CUST_03783,2025-01-04,22.48
CUST_00333,2025-01-04,31.01
CUST_03119,2025-01-04,6.94
CUST_01594,2025-01-04,26.52
CUST_01611,2025-01-04,9.2
CUST_02210,2025-01-05,40.29
CUST_00422,2025-01-05,26.24
CUST_00435,2025-01-05,5.39
CUST_03731,2025-01-05,83.75
CUST_02284,2025-01-05,8.55
CUST_04300,2025-01-05,29.22
CUST_03668,2025-01-05,160.92
CUST_04281,2025-01-05,20.12
CUST_03218,2025-01-05,6.92
CUST_01472,2025-01-05,11.25
CUST_01656,2025-01-05,12.61
CUST_02398,2025-01-05,18.5
CUST_02620,2025-01-05,8.99
CUST_03974,2025-01-05,85.79
CUST_00291,2025-01-05,44.56
CUST_02595,2025-01-05,80.76
CUST_01452,2025-01-05,24.65
CUST_01377,2025-01-05,15.58
CUST_04860,2025-01-05,9.47
CUST_01347,2025-01-05,12.53
CUST_01220,2025-01-05,38.1
CUST_02584,2025-01-05,13.23
CUST_04244,2025-01-05,41.47
CUST_01553,2025-01-05,5.38
CUST_01594,2025-01-05,209.44
CUST_03276,2025-01-06,167.73
CUST_00761,2025-01-06,113.43
CUST_04593,2025-01-06,2.38
CUST_04109,2025-01-06,34.36
CUST_01715,2025-01-06,11.16
CUST_02239,2025-01-06,35.12
CUST_02413,2025-01-06,4.25
CUST_03832,2025-01-06,53.9
CUST_03355,2025-01-06,18.02
CUST_01137,2025-01-06,48.3
CUST_00178,2025-01-06,13.75
CUST_02413,2025-01-06,21.09
CUST_04897,2025-01-06,36.14
CUST_02364,2025-01-06,22.49
CUST_02349,2025-01-06,8.09
CUST_02364,2025-01-06,7.91
CUST_00676,2025-01-07,19.0
CUST_00393,2025-01-07,8.33
CUST_00951,2025-01-07,124.3
CUST_02869,2025-01-07,74.69
CUST_01805,2025-01-07,73.97
CUST_02643,2025-01-07,61.24
CUST_04786,2025-01-07,25.81
CUST_02236,2025-01-07,24.09
CUST_02843,2025-01-07,65.74
CUST_01039,2025-01-07,108.25
CUST_00480,2025-01-07,23.16
CUST_03921,2025-01-07,6.85
CUST_02430,2025-01-07,28.97
CUST_04608,2025-01-07,20.52
CUST_03006,2025-01-07,6.69
CUST_02672,2025-01-07,7.54
CUST_02199,2025-01-07,10.57
CUST_01849,2025-01-07,8.03
CUST_04745,2025-01-07,15.49
CUST_04483,2025-01-07,7.72
CUST_00954,2025-01-07,9.59
CUST_04300,2025-01-08,86.62
CUST_04607,2025-01-08,26.79
CUST_03783,2025-01-08,2.79
CUST_04823,2025-01-08,2.14
CUST_02720,2025-01-08,36.64
CUST_02006,2025-01-08,16.28
CUST_04244,2025-01-08,6.2
CUST_03014,2025-01-08,5.77
CUST_00450,2025-01-08,8.28
CUST_04540,2025-01-08,28.26
CUST_01407,2025-01-08,12.48
CUST_02685,2025-01-08,46.58
CUST_03988,2025-01-08,45.46
CUST_00377,2025-01-08,33.83
CUST_04308,2025-01-08,13.65
CUST_03471,2025-01-08,30.05
CUST_01036,2025-01-08,45.51
CUST_03592,2025-01-08,157.14
CUST_00954,2025-01-08,10.18
CUST_00819,2025-01-08,36.58
CUST_00291,2025-01-08,67.0
CUST_03596,2025-01-08,27.47
CUST_01909,2025-01-09,46.1
CUST_03064,2025-01-09,17.35
CUST_04724,2025-01-09,23.01
CUST_03550,2025-01-09,20.03
CUST_04915,2025-01-09,34.69
CUST_03520,2025-01-09,3.5
CUST_03298,2025-01-09,7.3
CUST_01786,2025-01-09,20.24
CUST_00161,2025-01-09,29.5
CUST_03144,2025-01-09,26.89
CUST_02502,2025-01-09,33.69
CUST_02398,2025-01-09,4.19
CUST_04281,2025-01-09,11.24
CUST_01190,2025-01-09,8.98
CUST_00845,2025-01-09,182.71
CUST_04798,2025-01-09,7.81
CUST_04136,2025-01-09,14.01
CUST_00387,2025-01-09,21.38
CUST_02047,2025-01-10,11.44
CUST_03908,2025-01-10,115.79
CUST_01120,2025-01-10,23.97
CUST_01033,2025-01-10,13.04
CUST_04250,2025-01-10,33.55
CUST_03727,2025-01-10,9.58
CUST_02980,2025-01-10,34.29
CUST_00728,2025-01-10,12.96
CUST_02284,2025-01-10,14.33
CUST_02980,2025-01-10,36.08
CUST_03771,2025-01-10,26.63
CUST_00245,2025-01-10,50.76
CUST_01772,2025-01-10,13.77
CUST_04093,2025-01-10,9.92
CUST_01882,2025-01-10,64.17
CUST_00333,2025-01-10,6.73
CUST_01687,2025-01-10,24.94
CUST_04126,2025-01-10,10.32
CUST_00149,2025-01-10,17.86
CUST_03012,2025-01-10,12.71
CUST_00442,2025-01-10,33.73
CUST_01018,2025-01-11,22.83
CUST_01095,2025-01-11,196.08
CUST_02284,2025-01-11,75.67
CUST_02705,2025-01-11,26.65
CUST_01577,2025-01-11,3.2
CUST_01094,2025-01-11,28.31
CUST_04898,2025-01-11,20.25
CUST_03808,2025-01-11,102.0
CUST_02246,2025-01-11,7.86
CUST_03783,2025-01-11,26.26
CUST_00705,2025-01-11,39.17
CUST_00423,2025-01-11,11.6
CUST_01048,2025-01-11,43.92
CUST_03384,2025-01-11,148.47
CUST_03783,2025-01-11,7.52
CUST_00121,2025-01-11,3.87
CUST_01663,2025-01-11,13.46
CUST_04332,2025-01-11,28.82
CUST_04153,2025-01-11,54.55
CUST_01755,2025-01-11,23.31
CUST_00191,2025-01-11,27.27
CUST_03471,2025-01-11,7.88
CUST_00643,2025-01-11,2.76
CUST_02938,2025-01-11,44.02
CUST_02625,2025-01-11,20.82
CUST_03466,2025-01-11,41.05
CUST_00369,2025-01-12,123.63
CUST_01049,2025-01-12,14.99
CUST_04244,2025-01-12,122.52
CUST_01609,2025-01-12,4.06
CUST_03656,2025-01-12,33.45
CUST_00710,2025-01-12,6.95
CUST_02496,2025-01-12,9.96
CUST_03127,2025-01-12,61.3
CUST_03814,2025-01-12,19.03
CUST_01576,2025-01-12,49.59
CUST_02238,2025-01-12,18.04
CUST_03368,2025-01-12,120.18
CUST_04572,2025-01-12,19.45
CUST_01039,2025-01-12,20.35
CUST_01959,2025-01-12,26.54
CUST_00943,2025-01-12,45.88
CUST_04965,2025-01-12,27.91
CUST_02482,2025-01-12,15.91
CUST_01158,2025-01-12,119.48
CUST_00090,2025-01-12,64.33
CUST_01603,2025-01-12,10.75
CUST_00143,2025-01-12,30.13
CUST_04855,2025-01-13,45.19
CUST_03668,2025-01-13,64.57
CUST_01260,2025-01-13,606.71
CUST_01103,2025-01-13,22.86
CUST_03478,2025-01-13,14.82
CUST_04171,2025-01-13,56.23
CUST_04189,2025-01-13,1.34
CUST_00272,2025-01-13,40.23
CUST_04009,2025-01-13,15.2
CUST_02019,2025-01-13,3.24
CUST_03099,2025-01-13,182.74
CUST_02938,2025-01-13,6.41
CUST_02587,2025-01-13,12.47
CUST_01254,2025-01-13,11.92
CUST_02672,2025-01-13,59.8
CUST_01849,2025-01-13,9.25
CUST_00143,2025-01-13,38.78
CUST_04049,2025-01-13,31.41
CUST_01375,2025-01-13,9.32
CUST_04471,2025-01-13,60.48
CUST_03112,2025-01-13,29.35
CUST_03968,2025-01-13,13.4
CUST_02579,2025-01-13,9.59
CUST_04136,2025-01-13,44.12
CUST_00385,2025-01-14,37.38
CUST_01799,2025-01-14,61.72
CUST_01784,2025-01-14,10.51
CUST_02590,2025-01-14,3.72
CUST_03328,2025-01-14,33.09
CUST_01667,2025-01-14,182.97
CUST_01279,2025-01-14,86.41
CUST_01666,2025-01-14,36.74
CUST_04698,2025-01-14,16.53
CUST_02394,2025-01-14,16.53
CUST_01522,2025-01-14,24.02
CUST_00519,2025-01-14,28.22
CUST_00592,2025-01-14,18.46
CUST_02173,2025-01-14,33.75
CUST_03808,2025-01-14,21.82
CUST_00150,2025-01-14,43.85
CUST_02140,2025-01-14,49.51
CUST_02239,2025-01-14,23.21
CUST_01170,2025-01-14,2.93
CUST_03813,2025-01-14,9.54
CUST_04940,2025-01-14,13.99
CUST_01722,2025-01-14,8.81
CUST_02124,2025-01-15,15.52
CUST_00757,2025-01-15,13.75
CUST_03626,2025-01-15,10.67
CUST_00531,2025-01-15,81.33
CUST_01698,2025-01-15,39.4
CUST_01772,2025-01-15,4.58
CUST_04262,2025-01-15,8.8
CUST_03866,2025-01-15,14.48
CUST_01849,2025-01-15,5.3
CUST_03391,2025-01-15,7.18
CUST_00747,2025-01-15,38.33
CUST_02544,2025-01-15,67.18
CUST_00662,2025-01-15,70.86
CUST_02301,2025-01-15,9.24
CUST_04623,2025-01-15,20.58
CUST_03562,2025-01-15,30.06
CUST_04919,2025-01-15,28.59
CUST_01031,2025-01-15,66.69
CUST_02944,2025-01-15,69.09
CUST_00082,2025-01-16,8.17
CUST_02766,2025-01-16,14.27
CUST_04747,2025-01-16,3.26
CUST_02368,2025-01-16,27.56
CUST_04232,2025-01-16,13.21
CUST_02529,2025-01-16,120.35
CUST_03526,2025-01-16,7.16
CUST_02125,2025-01-16,24.83
CUST_03471,2025-01-16,19.4
CUST_04244,2025-01-16,18.7
CUST_01430,2025-01-16,53.77
CUST_01244,2025-01-16,12.09
CUST_02314,2025-01-16,29.26
CUST_01786,2025-01-16,18.62
CUST_01786,2025-01-16,3.98
CUST_00574,2025-01-16,17.47
CUST_00417,2025-01-16,5.78
CUST_04885,2025-01-16,42.91
CUST_02979,2025-01-16,8.3
CUST_02201,2025-01-16,20.52
CUST_04994,2025-01-16,13.79
CUST_03032,2025-01-17,30.54
CUST_01155,2025-01-17,219.71
CUST_04248,2025-01-17,27.18
CUST_01109,2025-01-17,28.49
CUST_04764,2025-01-17,67.23
CUST_04073,2025-01-17,4.98
CUST_02635,2025-01-17,18.68
CUST_02827,2025-01-17,16.77
CUST_04823,2025-01-17,21.33
CUST_02413,2025-01-17,13.13
CUST_00033,2025-01-17,12.64
CUST_04304,2025-01-17,90.5
CUST_03245,2025-01-17,43.81
CUST_00668,2025-01-17,3.47
CUST_02272,2025-01-17,16.61
CUST_03600,2025-01-17,20.09
CUST_00255,2025-01-17,12.84
CUST_03163,2025-01-17,50.9
CUST_00968,2025-01-17,9.14
CUST_04462,2025-01-17,6.43
CUST_00767,2025-01-18,79.63
CUST_02990,2025-01-18,14.8
CUST_02498,2025-01-18,23.75
CUST_02548,2025-01-18,2.95
CUST_01248,2025-01-18,5.63
CUST_04252,2025-01-18,25.51
CUST_04719,2025-01-18,22.1
CUST_02672,2025-01-18,11.9
CUST_03370,2025-01-18,1.66
CUST_03019,2025-01-18,15.33
CUST_04244,2025-01-18,141.3
CUST_01100,2025-01-18,146.56
CUST_01071,2025-01-18,10.98
CUST_00281,2025-01-18,9.32
CUST_02703,2025-01-18,11.48
CUST_03435,2025-01-18,9.44
CUST_02980,2025-01-18,37.23
CUST_02764,2025-01-18,50.85
CUST_00916,2025-01-18,175.96
CUST_04830,2025-01-18,13.87
CUST_03668,2025-01-19,54.19
CUST_01155,2025-01-19,43.09
CUST_04164,2025-01-19,64.17
CUST_02686,2025-01-19,19.28
CUST_02423,2025-01-19,11.08
CUST_03760,2025-01-19,17.33
CUST_02686,2025-01-19,21.24
CUST_00231,2025-01-19,11.07
CUST_02193,2025-01-19,10.71
CUST_01195,2025-01-19,42.56
CUST_00162,2025-01-19,5.29
CUST_00091,2025-01-19,143.98
CUST_01079,2025-01-19,10.65
CUST_02238,2025-01-19,20.98
CUST_00521,2025-01-19,20.95
CUST_04300,2025-01-19,11.49
CUST_01245,2025-01-19,19.74
CUST_04407,2025-01-19,13.45
CUST_01069,2025-01-19,19.76
CUST_02786,2025-01-19,54.11
CUST_03098,2025-01-19,7.65
CUST_02539,2025-01-19,71.81
CUST_00690,2025-01-19,110.69
CUST_04244,2025-01-19,8.86
CUST_00355,2025-01-19,37.68
CUST_04483,2025-01-20,5.84
CUST_04729,2025-01-20,54.68
CUST_02100,2025-01-20,77.57
CUST_02672,2025-01-20,15.52
CUST_02539,2025-01-20,9.81
CUST_04321,2025-01-20,9.51
CUST_04189,2025-01-20,3.23
CUST_01894,2025-01-20,25.56
CUST_03257,2025-01-20,10.85
CUST_03283,2025-01-20,40.04
CUST_03724,2025-01-20,19.03
CUST_02703,2025-01-20,7.64
CUST_03472,2025-01-20,27.83
CUST_04281,2025-01-20,10.71
CUST_03438,2025-01-20,7.09
CUST_01094,2025-01-20,32.01
CUST_03476,2025-01-20,81.69
CUST_03988,2025-01-20,21.42
CUST_01507,2025-01-20,22.27
CUST_00592,2025-01-20,45.42
CUST_02818,2025-01-21,3.74
CUST_03490,2025-01-21,49.58
CUST_01644,2025-01-21,5.85
CUST_00918,2025-01-21,7.59
CUST_01698,2025-01-21,7.23
CUST_01264,2025-01-21,150.4
CUST_02901,2025-01-21,49.83
CUST_01598,2025-01-21,21.97
CUST_02785,2025-01-21,18.06
CUST_03960,2025-01-21,10.82
CUST_04185,2025-01-21,26.97
CUST_01017,2025-01-21,13.29
CUST_03502,2025-01-21,12.86
CUST_02707,2025-01-21,23.58
CUST_04999,2025-01-21,3.9
CUST_04662,2025-01-21,1.0
CUST_03721,2025-01-21,21.93
CUST_02913,2025-01-21,70.16
CUST_04580,2025-01-21,3.64
CUST_02584,2025-01-22,15.14
CUST_04141,2025-01-22,24.22
CUST_04300,2025-01-22,16.58
CUST_02543,2025-01-22,52.59
CUST_03279,2025-01-22,19.57
CUST_03453,2025-01-22,40.92
CUST_01095,2025-01-22,16.21
CUST_01714,2025-01-22,18.31
CUST_02728,2025-01-22,21.6
CUST_00355,2025-01-22,16.38
CUST_01532,2025-01-22,49.22
CUST_04281,2025-01-22,9.96
CUST_00810,2025-01-22,4.35
CUST_00667,2025-01-22,25.64
CUST_01709,2025-01-22,54.31
CUST_04689,2025-01-22,15.84
CUST_03264,2025-01-22,8.28
CUST_01894,2025-01-22,4.67
CUST_04146,2025-01-22,80.94
CUST_04208,2025-01-22,17.1
CUST_02413,2025-01-22,133.16
CUST_02840,2025-01-22,3.43
CUST_03724,2025-01-22,26.84
CUST_00704,2025-01-22,81.58
CUST_03919,2025-01-22,52.51
CUST_02047,2025-01-22,17.99
CUST_04063,2025-01-22,14.0
CUST_00198,2025-01-22,9.28
CUST_01699,2025-01-22,67.87
CUST_04959,2025-01-22,16.69
CUST_00436,2025-01-22,188.83
CUST_03616,2025-01-22,15.0
CUST_02539,2025-01-22,2.37
CUST_04831,2025-01-22,59.76
CUST_00194,2025-01-22,14.9
CUST_03424,2025-01-23,31.41
CUST_02323,2025-01-23,4.2
CUST_02413,2025-01-23,141.31
CUST_03545,2025-01-23,56.95
CUST_04510,2025-01-23,113.63
CUST_02413,2025-01-23,15.85
CUST_00643,2025-01-23,15.48
CUST_03745,2025-01-23,5.19
CUST_01734,2025-01-23,25.61
CUST_02867,2025-01-23,90.69
CUST_00982,2025-01-23,10.23
CUST_03420,2025-01-23,15.83
CUST_04300,2025-01-23,29.87
CUST_04300,2025-01-23,14.62
CUST_03243,2025-01-23,12.07
CUST_03783,2025-01-23,55.54
CUST_01315,2025-01-23,24.3
CUST_01396,2025-01-23,55.02
CUST_00598,2025-01-23,26.33
CUST_03325,2025-01-23,20.72
CUST_02222,2025-01-23,8.06
CUST_00345,2025-01-23,7.68
CUST_01163,2025-01-23,12.86
CUST_03006,2025-01-23,34.74
CUST_04181,2025-01-23,43.38
CUST_02719,2025-01-23,5.0
CUST_04896,2025-01-24,33.82
CUST_04767,2025-01-24,3.51
CUST_04807,2025-01-24,5.4
CUST_01997,2025-01-24,10.54
CUST_02013,2025-01-24,11.08
CUST_03245,2025-01-24,83.91
CUST_04765,2025-01-24,8.05
CUST_02947,2025-01-24,5.18
CUST_02761,2025-01-24,42.78
CUST_02157,2025-01-24,34.54
CUST_01789,2025-01-24,38.1
CUST_04260,2025-01-24,36.42
CUST_04023,2025-01-24,19.62
CUST_04189,2025-01-24,60.28
CUST_03001,2025-01-24,13.01
CUST_01053,2025-01-24,82.05
CUST_01467,2025-01-24,59.68
CUST_02145,2025-01-24,38.51
CUST_04820,2025-01-24,12.92
CUST_01482,2025-01-24,8.27
CUST_02799,2025-01-24,5.65
CUST_02625,2025-01-24,4.66
CUST_04178,2025-01-25,8.77
CUST_04466,2025-01-25,4.19
CUST_04971,2025-01-25,20.08
CUST_02156,2025-01-25,30.09
CUST_04603,2025-01-25,131.79
CUST_02866,2025-01-25,14.37
CUST_02966,2025-01-25,4.86
CUST_03867,2025-01-25,13.46
CUST_03145,2025-01-25,16.85
CUST_02868,2025-01-25,20.76
CUST_01532,2025-01-25,5.69
CUST_03966,2025-01-25,8.32
CUST_00645,2025-01-25,42.41
CUST_00191,2025-01-25,257.0
CUST_03869,2025-01-25,21.46
CUST_00934,2025-01-25,34.12
CUST_03260,2025-01-25,18.92
CUST_03988,2025-01-25,76.85
CUST_00012,2025-01-25,15.73
CUST_00643,2025-01-25,4.96
CUST_03042,2025-01-25,3.18
CUST_00102,2025-01-26,71.5
CUST_02076,2025-01-26,13.56
CUST_00156,2025-01-26,29.32
CUST_03224,2025-01-26,5.01
CUST_00767,2025-01-26,19.75
CUST_04595,2025-01-26,1.44
CUST_04760,2025-01-26,32.67
CUST_01550,2025-01-26,27.49
CUST_01065,2025-01-26,31.12
CUST_02900,2025-01-26,6.45
CUST_00192,2025-01-26,11.48
CUST_02299,2025-01-26,31.63
CUST_00205,2025-01-26,28.02
CUST_02678,2025-01-26,59.54
CUST_00387,2025-01-26,34.83
CUST_02479,2025-01-26,26.31
CUST_00894,2025-01-26,8.99
CUST_03668,2025-01-26,17.18
CUST_00530,2025-01-26,11.93
CUST_02699,2025-01-26,34.48
CUST_02686,2025-01-26,13.84
CUST_04718,2025-01-26,31.44
CUST_04540,2025-01-27,28.27
CUST_02917,2025-01-27,7.74
CUST_02398,2025-01-27,2.52
CUST_02681,2025-01-27,12.9
CUST_00920,2025-01-27,32.88
CUST_04383,2025-01-27,5.31
CUST_01046,2025-01-27,62.56
CUST_04109,2025-01-27,15.77
CUST_01315,2025-01-27,8.71
CUST_03476,2025-01-27,10.93
CUST_03845,2025-01-27,12.97
CUST_03485,2025-01-27,114.88
CUST_02349,2025-01-27,4.02
CUST_04519,2025-01-27,8.57
CUST_03653,2025-01-27,8.84
CUST_03641,2025-01-27,44.31
CUST_02590,2025-01-27,22.14
CUST_02777,2025-01-27,58.68
CUST_02355,2025-01-27,19.03
CUST_00887,2025-01-27,37.96
CUST_01969,2025-01-27,20.3
CUST_04576,2025-01-27,2.13
CUST_02831,2025-01-28,4.45
CUST_00655,2025-01-28,18.41
CUST_04519,2025-01-28,13.91
CUST_03477,2025-01-28,5.96
CUST_03227,2025-01-28,9.86
CUST_03102,2025-01-28,11.23
CUST_01293,2025-01-28,15.36
CUST_04607,2025-01-28,19.91
CUST_04096,2025-01-28,4.14
CUST_00202,2025-01-28,6.82
CUST_00612,2025-01-28,12.07
CUST_04281,2025-01-28,37.84
CUST_04281,2025-01-28,141.63
CUST_02980,2025-01-28,12.41
CUST_04283,2025-01-28,23.08
CUST_04901,2025-01-28,4.6
CUST_01430,2025-01-28,75.61
CUST_01594,2025-01-28,69.84
CUST_02672,2025-01-28,29.76
CUST_04455,2025-01-28,16.88
CUST_02672,2025-01-28,24.83
CUST_03856,2025-01-28,3.86
CUST_02430,2025-01-28,77.41
CUST_04521,2025-01-28,716.44
CUST_04977,2025-01-29,30.46
CUST_04135,2025-01-29,10.76
CUST_03327,2025-01-29,10.41
CUST_03327,2025-01-29,22.54
CUST_04804,2025-01-29,27.16
CUST_03384,2025-01-29,41.31
CUST_04169,2025-01-29,8.03
CUST_03042,2025-01-29,11.76
CUST_03506,2025-01-29,19.11
CUST_04603,2025-01-29,46.96
CUST_03727,2025-01-29,8.91
CUST_03602,2025-01-29,20.7
CUST_00001,2025-01-29,31.38
CUST_01534,2025-01-29,9.71
CUST_01020,2025-01-29,25.5
CUST_00398,2025-01-29,18.18
CUST_00076,2025-01-29,52.43
CUST_00152,2025-01-29,65.77
CUST_00178,2025-01-29,2.35
CUST_01884,2025-01-29,17.33
CUST_01300,2025-01-29,35.16
CUST_00524,2025-01-29,9.49
CUST_00012,2025-01-29,4.64
CUST_02232,2025-01-29,4.79
CUST_00725,2025-01-30,31.67
CUST_01326,2025-01-30,4.01
CUST_03245,2025-01-30,30.01
CUST_00142,2025-01-30,9.82
CUST_01493,2025-01-30,5.36
CUST_02699,2025-01-30,4.24
CUST_04964,2025-01-30,17.05
CUST_04732,2025-01-30,11.96
CUST_00058,2025-01-30,63.56
CUST_02093,2025-01-30,17.97
CUST_00572,2025-01-30,76.13
CUST_04474,2025-01-30,58.51
CUST_04098,2025-01-30,32.6
CUST_01179,2025-01-30,33.43
CUST_02413,2025-01-30,12.47
CUST_04347,2025-01-30,26.15
CUST_04300,2025-01-30,32.75
CUST_04580,2025-01-31,6.58
CUST_00643,2025-01-31,6.17
CUST_01419,2025-01-31,10.23
CUST_02202,2025-01-31,36.18
CUST_00522,2025-01-31,14.17
CUST_01195,2025-01-31,17.09
CUST_02199,2025-01-31,6.32
CUST_03260,2025-01-31,47.5
CUST_02869,2025-01-31,13.14
CUST_00080,2025-01-31,299.13
CUST_02667,2025-01-31,50.98
CUST_00096,2025-01-31,7.61
CUST_03063,2025-01-31,35.82
CUST_00734,2025-01-31,32.51
CUST_03005,2025-01-31,9.97
CUST_04372,2025-01-31,106.67
CUST_00930,2025-01-31,7.69
CUST_03423,2025-01-31,7.4
CUST_00333,2025-01-31,10.36
CUST_04391,2025-01-31,15.05
CUST_03705,2025-01-31,43.6
CUST_04888,2025-01-31,16.37
CUST_04266,2025-02-01,50.49
CUST_01923,2025-02-01,23.05
CUST_00183,2025-02-01,15.96
CUST_03988,2025-02-01,100.22
CUST_04742,2025-02-01,51.17
CUST_04971,2025-02-01,286.21
CUST_04001,2025-02-01,30.48
CUST_02124,2025-02-01,60.38
CUST_02686,2025-02-01,4.68
CUST_03988,2025-02-01,5.05
CUST_02216,2025-02-01,25.61
CUST_02289,2025-02-01,10.1
CUST_03485,2025-02-01,37.51
CUST_04521,2025-02-01,309.39
CUST_01377,2025-02-01,10.49
CUST_03318,2025-02-01,20.08
CUST_01849,2025-02-01,2.12
CUST_00641,2025-02-01,10.96
CUST_00012,2025-02-02,62.36
CUST_00019,2025-02-02,10.56
CUST_03330,2025-02-02,6.78
CUST_01592,2025-02-02,11.92
CUST_02550,2025-02-02,5.72
CUST_04741,2025-02-02,98.25
CUST_00752,2025-02-02,11.78
CUST_04012,2025-02-02,5.43
CUST_00060,2025-02-02,10.4
CUST_03098,2025-02-02,22.97
CUST_04488,2025-02-02,15.84
CUST_00841,2025-02-02,24.63
CUST_00879,2025-02-02,379.25
CUST_03320,2025-02-02,15.14
CUST_04823,2025-02-02,25.12
CUST_03867,2025-02-02,20.31
CUST_03429,2025-02-02,35.33
CUST_00477,2025-02-02,28.36
CUST_04606,2025-02-02,13.22
CUST_03753,2025-02-02,21.66
CUST_00570,2025-02-02,11.87
CUST_00072,2025-02-02,39.93
CUST_01847,2025-02-02,28.45
CUST_01881,2025-02-02,18.52
CUST_00702,2025-02-02,6.41
CUST_01989,2025-02-02,3.39
CUST_01545,2025-02-02,4.45
CUST_01114,2025-02-02,30.48
CUST_00932,2025-02-02,2.33
CUST_03456,2025-02-03,144.17
CUST_00295,2025-02-03,39.15
CUST_01479,2025-02-03,39.61
CUST_00877,2025-02-03,4.2
CUST_03063,2025-02-03,16.48
CUST_04835,2025-02-03,14.67
CUST_04114,2025-02-03,7.46
CUST_04088,2025-02-03,50.64
CUST_04281,2025-02-03,44.38
CUST_03560,2025-02-03,7.95
CUST_01311,2025-02-03,32.72
CUST_02722,2025-02-03,41.55
CUST_03368,2025-02-03,27.58
CUST_02711,2025-02-03,15.24
CUST_04300,2025-02-03,34.94
CUST_03368,2025-02-03,2.71
CUST_00504,2025-02-03,20.82
CUST_02707,2025-02-03,29.05
CUST_01545,2025-02-03,5.75
CUST_04023,2025-02-03,26.0
CUST_04067,2025-02-03,6.62
CUST_04905,2025-02-04,20.99
CUST_02863,2025-02-04,18.26
CUST_03783,2025-02-04,41.51
CUST_00385,2025-02-04,39.08
CUST_02707,2025-02-04,54.39
CUST_00592,2025-02-04,13.43
CUST_03593,2025-02-04,32.42
CUST_01450,2025-02-04,10.34
CUST_04555,2025-02-04,5.51
CUST_02279,2025-02-04,9.83
CUST_02301,2025-02-04,81.82
CUST_04244,2025-02-04,12.9
CUST_03332,2025-02-04,9.45
CUST_04300,2025-02-04,8.29
CUST_04300,2025-02-04,1.94
CUST_02767,2025-02-04,9.92
CUST_03800,2025-02-04,21.02
CUST_04067,2025-02-04,3.42
CUST_02539,2025-02-05,17.63
CUST_00029,2025-02-05,52.56
CUST_04250,2025-02-05,9.1
CUST_03783,2025-02-05,16.58
CUST_01859,2025-02-05,57.91
CUST_04936,2025-02-05,15.31
CUST_04835,2025-02-05,24.32
CUST_04901,2025-02-05,20.69
CUST_04252,2025-02-05,18.14
CUST_04877,2025-02-05,10.97
CUST_02833,2025-02-05,29.9
CUST_00526,2025-02-05,19.46
CUST_00635,2025-02-05,3.44
CUST_03442,2025-02-05,32.79
CUST_02175,2025-02-05,14.26
CUST_04237,2025-02-05,72.09
CUST_03205,2025-02-06,25.92
CUST_04942,2025-02-06,26.67
CUST_03783,2025-02-06,8.27
CUST_00877,2025-02-06,4.25
CUST_04999,2025-02-06,84.49
CUST_02403,2025-02-06,33.67
CUST_04885,2025-02-06,20.0
CUST_03391,2025-02-06,223.06
CUST_02717,2025-02-06,76.42
CUST_00044,2025-02-06,13.4
CUST_03506,2025-02-06,22.47
CUST_00161,2025-02-06,19.71
CUST_03945,2025-02-06,64.91
CUST_01273,2025-02-06,31.52
CUST_02685,2025-02-06,17.28
CUST_01997,2025-02-06,68.3
CUST_00580,2025-02-06,6.06
CUST_04281,2025-02-06,40.48
CUST_02672,2025-02-06,97.15
CUST_01079,2025-02-06,4.0
CUST_04707,2025-02-06,4.22
CUST_03280,2025-02-06,5.8
CUST_00904,2025-02-06,33.53
CUST_00409,2025-02-06,116.45
CUST_01592,2025-02-06,80.84
CUST_04798,2025-02-06,32.28
CUST_04876,2025-02-06,285.58
CUST_01527,2025-02-07,13.47
CUST_03219,2025-02-07,27.0
CUST_01563,2025-02-07,6.78
CUST_00854,2025-02-07,82.78
CUST_04056,2025-02-07,14.43
CUST_00148,2025-02-07,7.92
CUST_04300,2025-02-07,26.12
CUST_04095,2025-02-07,18.52
CUST_01208,2025-02-07,17.09
CUST_02006,2025-02-07,39.32
CUST_02901,2025-02-07,48.39
CUST_03425,2025-02-07,11.87
CUST_01209,2025-02-07,1.11
CUST_04088,2025-02-07,21.4
CUST_04300,2025-02-07,130.17
CUST_03245,2025-02-07,72.61
CUST_03311,2025-02-07,58.51
CUST_00809,2025-02-07,49.56
CUST_02770,2025-02-08,30.94
CUST_04073,2025-02-08,35.41
CUST_04271,2025-02-08,197.91
CUST_02293,2025-02-08,20.86
CUST_00191,2025-02-08,35.18
CUST_00583,2025-02-08,177.4
CUST_00520,2025-02-08,52.59
CUST_02840,2025-02-08,51.47
CUST_03173,2025-02-08,8.55
CUST_00197,2025-02-08,3.26
CUST_04027,2025-02-08,46.43
CUST_04582,2025-02-08,10.43
CUST_04958,2025-02-08,6.95
CUST_04961,2025-02-08,41.52
CUST_03188,2025-02-09,61.71
CUST_03109,2025-02-09,100.95
CUST_02760,2025-02-09,188.45
CUST_02340,2025-02-09,3.67
CUST_03570,2025-02-09,107.13
CUST_04940,2025-02-09,9.15
CUST_03783,2025-02-09,23.25
CUST_02014,2025-02-09,21.08
CUST_00438,2025-02-09,19.95
CUST_01532,2025-02-09,25.99
CUST_04281,2025-02-09,39.5
CUST_04244,2025-02-09,67.41
CUST_00504,2025-02-09,9.78
CUST_01544,2025-02-09,22.06
CUST_03285,2025-02-09,10.78
CUST_03894,2025-02-09,11.24
CUST_03996,2025-02-09,42.62
CUST_00159,2025-02-09,18.12
CUST_03666,2025-02-09,14.12
CUST_02638,2025-02-09,31.09
CUST_04756,2025-02-09,6.3
CUST_00634,2025-02-09,49.47
CUST_02846,2025-02-09,12.66
CUST_01623,2025-02-09,13.99
CUST_02364,2025-02-09,7.65
CUST_00836,2025-02-09,68.03
CUST_00065,2025-02-09,12.45
CUST_02531,2025-02-09,61.15
CUST_04795,2025-02-09,16.81
CUST_02703,2025-02-09,23.54
CUST_03550,2025-02-09,13.66
CUST_01391,2025-02-09,31.75
CUST_00546,2025-02-10,5.68
CUST_01683,2025-02-10,54.95
CUST_02812,2025-02-10,36.98
CUST_03603,2025-02-10,44.1
CUST_02143,2025-02-10,13.87
CUST_02355,2025-02-10,12.51
CUST_00251,2025-02-10,49.71
CUST_01394,2025-02-10,16.31
CUST_02945,2025-02-10,7.13
CUST_03730,2025-02-10,20.36
CUST_04938,2025-02-10,156.54
CUST_01836,2025-02-10,15.34
CUST_01074,2025-02-10,14.25
CUST_02301,2025-02-10,5.51
CUST_00264,2025-02-10,25.96
CUST_00833,2025-02-10,39.46
CUST_02766,2025-02-10,9.42
CUST_04519,2025-02-10,18.78
CUST_03364,2025-02-10,48.16
CUST_04877,2025-02-10,24.67
CUST_01704,2025-02-10,26.88
CUST_00562,2025-02-11,8.72
CUST_00084,2025-02-11,18.64
CUST_01706,2025-02-11,29.99
CUST_03770,2025-02-11,31.82
CUST_01786,2025-02-11,8.91
CUST_01407,2025-02-11,16.49
CUST_03885,2025-02-11,49.79
CUST_04300,2025-02-11,12.14
CUST_01721,2025-02-11,12.35
CUST_03109,2025-02-11,35.75
CUST_02392,2025-02-11,25.17
CUST_03720,2025-02-11,4.04
CUST_04801,2025-02-11,13.14
CUST_00268,2025-02-11,6.84
CUST_02081,2025-02-11,5.41
CUST_04849,2025-02-11,21.51
CUST_02413,2025-02-11,135.94
CUST_03531,2025-02-11,27.24
CUST_02529,2025-02-11,5.29
CUST_03783,2025-02-11,10.58
CUST_03783,2025-02-12,44.16
CUST_04021,2025-02-12,34.79
CUST_02788,2025-02-12,10.0
CUST_04281,2025-02-12,8.06
CUST_04352,2025-02-12,15.58
CUST_04700,2025-02-12,22.3
CUST_04703,2025-02-12,8.34
CUST_01602,2025-02-12,50.6
CUST_01111,2025-02-12,32.04
CUST_02769,2025-02-12,148.96
CUST_03895,2025-02-12,12.37
CUST_02757,2025-02-12,76.16
CUST_01952,2025-02-12,238.67
CUST_01772,2025-02-12,7.81
CUST_01286,2025-02-12,37.36
CUST_01429,2025-02-12,37.65
CUST_02629,2025-02-12,13.96
CUST_04593,2025-02-12,32.54
CUST_01819,2025-02-12,76.92
CUST_00687,2025-02-12,2.11
CUST_04870,2025-02-12,16.11
CUST_02667,2025-02-12,61.1
CUST_02301,2025-02-12,28.65
CUST_01282,2025-02-12,56.85
CUST_04027,2025-02-12,16.75
CUST_03520,2025-02-12,8.09
CUST_04519,2025-02-12,19.21
CUST_02963,2025-02-13,6.58
CUST_01466,2025-02-13,2.83
CUST_02539,2025-02-13,11.11
CUST_01444,2025-02-13,14.03
CUST_03223,2025-02-13,6.29
CUST_00630,2025-02-13,33.71
CUST_00368,2025-02-13,22.76
CUST_04321,2025-02-13,10.35
CUST_02413,2025-02-13,33.33
CUST_01374,2025-02-13,26.71
CUST_03260,2025-02-13,15.53
CUST_04519,2025-02-13,6.87
CUST_01656,2025-02-13,36.51
CUST_03132,2025-02-13,26.54
CUST_04281,2025-02-13,40.16
CUST_03160,2025-02-13,68.69
CUST_01051,2025-02-13,28.2
CUST_02472,2025-02-13,20.49
CUST_04391,2025-02-13,18.66
CUST_01260,2025-02-13,14.75
CUST_03826,2025-02-13,5.45
CUST_04238,2025-02-13,18.6
CUST_03826,2025-02-13,54.48
CUST_00186,2025-02-14,30.38
CUST_00046,2025-02-14,2.79
CUST_01264,2025-02-14,11.9
CUST_01375,2025-02-14,6.48
CUST_03808,2025-02-14,14.15
CUST_01347,2025-02-14,13.41
CUST_01260,2025-02-14,22.01
CUST_01277,2025-02-14,11.43
CUST_01281,2025-02-14,7.76
CUST_00495,2025-02-14,15.87
CUST_03855,2025-02-14,11.53
CUST_03520,2025-02-14,195.54
CUST_04994,2025-02-14,4.76
CUST_02912,2025-02-14,74.77
CUST_01997,2025-02-14,8.49
CUST_03725,2025-02-14,11.76
CUST_04634,2025-02-14,48.42
CUST_03109,2025-02-14,22.28
CUST_02233,2025-02-14,7.77
CUST_04111,2025-02-15,25.92
CUST_00982,2025-02-15,5.91
CUST_03705,2025-02-15,12.78
CUST_00423,2025-02-15,3.62
CUST_03493,2025-02-15,3.94
CUST_01455,2025-02-15,6.98
CUST_03977,2025-02-15,63.46
CUST_03730,2025-02-15,6.12
CUST_00046,2025-02-15,10.29
CUST_00767,2025-02-15,15.59
CUST_03404,2025-02-15,27.06
CUST_01024,2025-02-15,7.09
CUST_02579,2025-02-15,30.51
CUST_04383,2025-02-15,65.89
CUST_04440,2025-02-15,5.07
CUST_03987,2025-02-15,17.08
CUST_01264,2025-02-15,7.1
CUST_00030,2025-02-15,4.56
CUST_04286,2025-02-15,13.07
CUST_01513,2025-02-15,12.1
CUST_04300,2025-02-15,186.91
CUST_03724,2025-02-15,17.99
CUST_04321,2025-02-15,37.23
CUST_02072,2025-02-15,7.84
CUST_04907,2025-02-15,241.49
CUST_01556,2025-02-15,35.72
CUST_02455,2025-02-16,206.5
CUST_03964,2025-02-16,835.34
CUST_00281,2025-02-16,15.35
CUST_02216,2025-02-16,20.28
CUST_04408,2025-02-16,137.43
CUST_02364,2025-02-16,30.65
CUST_04519,2025-02-16,21.5
CUST_01603,2025-02-16,18.63
CUST_03536,2025-02-16,22.15
CUST_00056,2025-02-16,14.45
CUST_03908,2025-02-16,3.04
CUST_00336,2025-02-16,206.56
CUST_03545,2025-02-16,42.68
CUST_01461,2025-02-16,4.9
CUST_04189,2025-02-16,19.92
CUST_03327,2025-02-16,48.79
CUST_04281,2025-02-16,3.31
CUST_04281,2025-02-16,29.18
CUST_03042,2025-02-16,4.18
CUST_00155,2025-02-16,140.33
CUST_03864,2025-02-16,13.13
CUST_02873,2025-02-16,16.41
CUST_02849,2025-02-16,17.65
CUST_03413,2025-02-16,21.06
CUST_01819,2025-02-16,24.0
CUST_00519,2025-02-17,11.41
CUST_02620,2025-02-17,74.79
CUST_02186,2025-02-17,353.23
CUST_04920,2025-02-17,11.61
CUST_01547,2025-02-17,13.63
CUST_02757,2025-02-17,1.0
CUST_04532,2025-02-17,78.96
CUST_04111,2025-02-17,24.61
CUST_02493,2025-02-17,36.45
CUST_01435,2025-02-17,36.12
CUST_02182,2025-02-17,18.7
CUST_02150,2025-02-17,8.93
CUST_02539,2025-02-17,23.27
CUST_02413,2025-02-17,35.28
CUST_01730,2025-02-17,5.31
CUST_00158,2025-02-17,12.47
CUST_03311,2025-02-17,61.11
CUST_03069,2025-02-17,12.89
CUST_00161,2025-02-17,164.09
CUST_03034,2025-02-17,10.34
CUST_01480,2025-02-17,7.39
CUST_00983,2025-02-17,16.19
CUST_03925,2025-02-17,2.7
CUST_02703,2025-02-18,35.7
CUST_02585,2025-02-18,34.43
CUST_01751,2025-02-18,67.36
CUST_03466,2025-02-18,8.96
CUST_01407,2025-02-18,8.75
CUST_01158,2025-02-18,18.81
CUST_01587,2025-02-18,8.03
CUST_04225,2025-02-18,30.85
CUST_00987,2025-02-18,3.53
CUST_01679,2025-02-18,36.6
CUST_02024,2025-02-18,31.42
CUST_03283,2025-02-18,6.24
CUST_01916,2025-02-18,11.65
CUST_01155,2025-02-18,21.51
CUST_04593,2025-02-18,112.45
CUST_02337,2025-02-18,8.07
CUST_04244,2025-02-18,4.82
CUST_02966,2025-02-18,62.98
CUST_03971,2025-02-18,35.48
CUST_03489,2025-02-19,3.86
CUST_01412,2025-02-19,33.31
CUST_03103,2025-02-19,18.89
CUST_02351,2025-02-19,361.84
CUST_02413,2025-02-19,12.04
CUST_00702,2025-02-19,15.21
CUST_02061,2025-02-19,5.41
CUST_04645,2025-02-19,10.96
CUST_01295,2025-02-19,3.53
CUST_03983,2025-02-19,32.19
CUST_03368,2025-02-19,8.82
CUST_00034,2025-02-19,16.77
CUST_01765,2025-02-19,31.05
CUST_01377,2025-02-19,27.67
CUST_01838,2025-02-19,32.42
CUST_03730,2025-02-19,3.85
CUST_00489,2025-02-19,26.5
CUST_04946,2025-02-19,9.27
CUST_03720,2025-02-19,10.39
CUST_02728,2025-02-19,1.0
CUST_02704,2025-02-19,47.91
CUST_04246,2025-02-19,4.0
CUST_01024,2025-02-19,38.89
CUST_01532,2025-02-19,46.77
CUST_02325,2025-02-19,7.73
CUST_00044,2025-02-19,5.4
CUST_04300,2025-02-20,25.66
CUST_00059,2025-02-20,23.67
CUST_04300,2025-02-20,5.3
CUST_02047,2025-02-20,26.05
CUST_03668,2025-02-20,3.9
CUST_03001,2025-02-20,8.55
CUST_03384,2025-02-20,3.68
CUST_00233,2025-02-20,40.5
CUST_01865,2025-02-20,104.28
CUST_03664,2025-02-20,35.14
CUST_03792,2025-02-20,1.71
CUST_01523,2025-02-20,9.35
CUST_04057,2025-02-20,4.23
CUST_04085,2025-02-20,8.04
CUST_02898,2025-02-20,20.39
CUST_03783,2025-02-20,35.02
CUST_03102,2025-02-20,3.23
CUST_04455,2025-02-20,3.13
CUST_01260,2025-02-20,138.62
CUST_02413,2025-02-20,35.76
CUST_04321,2025-02-20,6.84
CUST_04760,2025-02-20,8.01
CUST_01290,2025-02-20,21.57
CUST_04519,2025-02-20,8.8
CUST_03291,2025-02-20,69.64
CUST_04750,2025-02-21,8.06
CUST_02921,2025-02-21,7.91
CUST_00807,2025-02-21,55.05
CUST_02938,2025-02-21,28.71
CUST_04281,2025-02-21,41.83
CUST_00411,2025-02-21,12.46
CUST_00740,2025-02-21,30.5
CUST_03885,2025-02-21,16.34
CUST_04519,2025-02-21,66.46
CUST_01280,2025-02-21,8.94
CUST_02413,2025-02-21,109.15
CUST_00149,2025-02-21,26.08
CUST_01627,2025-02-21,70.19
CUST_02918,2025-02-21,25.8
CUST_02430,2025-02-21,18.91
CUST_04008,2025-02-21,71.89
CUST_00475,2025-02-21,20.96
CUST_03001,2025-02-21,6.07
CUST_04835,2025-02-21,9.28
CUST_03102,2025-02-21,32.93
CUST_04089,2025-02-22,13.17
CUST_02016,2025-02-22,145.69
CUST_00590,2025-02-22,21.04
CUST_03988,2025-02-22,186.11
CUST_03867,2025-02-22,177.17
CUST_00137,2025-02-22,9.24
CUST_03118,2025-02-22,45.41
CUST_03019,2025-02-22,13.23
CUST_03417,2025-02-22,32.07
CUST_01840,2025-02-22,15.9
CUST_01894,2025-02-22,13.99
CUST_01195,2025-02-22,12.5
CUST_00872,2025-02-22,19.08
CUST_00169,2025-02-22,18.11
CUST_03543,2025-02-22,14.08
CUST_04990,2025-02-22,11.19
CUST_04747,2025-02-22,16.28
CUST_02449,2025-02-22,33.94
CUST_01720,2025-02-22,19.66
CUST_00554,2025-02-22,24.66
CUST_03141,2025-02-23,28.67
CUST_04958,2025-02-23,6.79
CUST_02010,2025-02-23,76.49
CUST_02580,2025-02-23,13.88
CUST_03324,2025-02-23,9.95
CUST_02871,2025-02-23,7.72
CUST_02696,2025-02-23,40.43
CUST_03136,2025-02-23,10.36
CUST_04296,2025-02-23,119.92
CUST_03205,2025-02-23,54.97
CUST_00670,2025-02-23,15.14
CUST_02708,2025-02-23,15.23
CUST_01319,2025-02-23,67.24
CUST_02539,2025-02-23,14.17
CUST_04321,2025-02-23,9.94
CUST_02672,2025-02-23,74.4
CUST_02621,2025-02-23,30.91
CUST_00297,2025-02-23,88.63
CUST_00118,2025-02-24,41.46
CUST_00156,2025-02-24,7.5
CUST_04271,2025-02-24,25.62
CUST_02529,2025-02-24,22.37
CUST_00466,2025-02-24,83.27
CUST_02203,2025-02-24,2.52
CUST_02413,2025-02-24,17.38
CUST_04300,2025-02-24,17.11
CUST_00063,2025-02-24,5.44
CUST_04519,2025-02-24,43.14
CUST_04663,2025-02-24,20.7
CUST_01484,2025-02-24,8.99
CUST_01033,2025-02-24,3.97
CUST_04285,2025-02-24,68.96
CUST_00195,2025-02-24,22.21
CUST_04519,2025-02-24,28.33
CUST_00672,2025-02-24,34.01
CUST_00349,2025-02-24,67.98
CUST_03060,2025-02-24,42.82
CUST_04835,2025-02-24,4.52
CUST_02579,2025-02-24,4.93
CUST_01280,2025-02-24,15.8
CUST_03760,2025-02-24,5.75
CUST_02880,2025-02-24,1.95
CUST_04800,2025-02-24,24.43
CUST_00579,2025-02-24,120.17
CUST_00786,2025-02-25,5.62
CUST_01070,2025-02-25,16.43
CUST_03126,2025-02-25,26.37
CUST_03875,2025-02-25,18.29
CUST_02103,2025-02-25,3.73
CUST_04321,2025-02-25,16.01
CUST_04300,2025-02-25,12.25
CUST_04698,2025-02-25,12.37
CUST_01372,2025-02-25,30.84
CUST_03384,2025-02-25,20.91
CUST_01113,2025-02-25,22.65
CUST_02832,2025-02-25,29.21
CUST_04331,2025-02-25,29.98
CUST_02819,2025-02-25,36.38
CUST_03456,2025-02-25,9.56
CUST_00553,2025-02-25,7.32
CUST_03668,2025-02-25,11.82
CUST_04612,2025-02-25,12.0
CUST_02024,2025-02-25,6.66
CUST_02345,2025-02-25,52.49
CUST_02418,2025-02-25,9.17
CUST_03643,2025-02-25,23.12
CUST_02238,2025-02-26,33.77
CUST_00345,2025-02-26,14.43
CUST_04023,2025-02-26,1.67
CUST_01997,2025-02-26,11.8
CUST_02590,2025-02-26,10.46
CUST_03833,2025-02-26,51.18
CUST_03063,2025-02-26,18.27
CUST_03320,2025-02-26,8.55
CUST_03895,2025-02-26,4.4
CUST_03004,2025-02-26,12.24
CUST_02239,2025-02-26,28.92
CUST_02261,2025-02-26,6.75
CUST_02757,2025-02-26,55.79
CUST_04244,2025-02-26,9.98
CUST_04463,2025-02-26,69.78
CUST_01430,2025-02-26,23.55
CUST_03385,2025-02-26,12.25
CUST_01087,2025-02-26,20.59
CUST_02694,2025-02-27,19.07
CUST_02699,2025-02-27,11.76
CUST_01319,2025-02-27,12.7
CUST_04244,2025-02-27,32.95
CUST_04644,2025-02-27,18.91
CUST_00503,2025-02-27,17.27
CUST_03604,2025-02-27,4.13
CUST_00498,2025-02-27,64.13
CUST_02234,2025-02-27,25.28
CUST_03015,2025-02-27,44.14
CUST_02532,2025-02-27,34.07
CUST_00728,2025-02-27,41.29
CUST_03778,2025-02-27,19.73
CUST_00951,2025-02-27,9.64
CUST_03782,2025-02-27,38.26
CUST_01844,2025-02-27,7.72
CUST_02444,2025-02-27,14.13
CUST_00333,2025-02-27,23.25
CUST_02486,2025-02-27,6.58
CUST_03359,2025-02-27,91.38
CUST_00698,2025-02-27,13.38
CUST_00850,2025-02-27,18.42
CUST_01347,2025-02-27,5.27
CUST_03545,2025-02-27,9.25
CUST_04540,2025-02-28,13.4
CUST_04902,2025-02-28,75.79
CUST_00066,2025-02-28,17.97
CUST_02279,2025-02-28,57.47
CUST_01915,2025-02-28,40.52
CUST_01157,2025-02-28,17.07
CUST_01614,2025-02-28,60.14
CUST_00239,2025-02-28,24.98
CUST_01039,2025-02-28,6.77
CUST_02945,2025-02-28,15.71
CUST_03353,2025-02-28,2.6
CUST_01909,2025-02-28,34.55
CUST_03086,2025-02-28,3.16
CUST_02125,2025-02-28,19.73
CUST_02539,2025-02-28,35.75
CUST_04339,2025-02-28,41.78
CUST_01656,2025-02-28,48.2
CUST_04488,2025-03-01,44.76
CUST_03011,2025-03-01,18.95
CUST_03203,2025-03-01,23.8
CUST_01953,2025-03-01,18.18
CUST_03260,2025-03-01,80.77
CUST_03311,2025-03-01,3.57
CUST_01221,2025-03-01,21.88
CUST_04284,2025-03-01,21.5
CUST_02927,2025-03-01,7.9
CUST_03467,2025-03-01,47.4
CUST_04300,2025-03-01,49.48
CUST_00044,2025-03-01,3.69
CUST_00436,2025-03-01,30.57
CUST_04357,2025-03-01,56.57
CUST_03612,2025-03-01,16.22
CUST_02703,2025-03-01,7.38
CUST_03869,2025-03-02,3.31
CUST_02053,2025-03-02,40.71
CUST_02158,2025-03-02,12.1
CUST_01874,2025-03-02,32.5
CUST_02235,2025-03-02,3.75
CUST_04555,2025-03-02,11.31
CUST_01562,2025-03-02,16.63
CUST_02709,2025-03-02,57.16
CUST_04281,2025-03-02,45.3
CUST_00238,2025-03-02,2.15
CUST_04731,2025-03-02,36.43
CUST_00411,2025-03-02,2.82
CUST_03965,2025-03-02,124.32
CUST_03288,2025-03-02,36.09
CUST_01195,2025-03-02,5.16
CUST_03327,2025-03-02,4.4
CUST_01955,2025-03-02,26.61
CUST_01078,2025-03-02,15.07
CUST_04910,2025-03-02,30.76
CUST_00053,2025-03-02,3.47
CUST_01656,2025-03-02,16.56
CUST_02238,2025-03-02,15.42
CUST_04508,2025-03-02,30.55
CUST_03520,2025-03-03,26.45
CUST_04404,2025-03-03,134.19
CUST_04262,2025-03-03,63.53
CUST_01184,2025-03-03,17.78
CUST_03163,2025-03-03,39.77
CUST_02656,2025-03-03,62.72
CUST_01506,2025-03-03,6.51
CUST_03793,2025-03-03,19.04
CUST_04747,2025-03-03,9.89
CUST_03988,2025-03-03,1.91
CUST_04910,2025-03-03,31.86
CUST_04408,2025-03-03,15.58
CUST_02531,2025-03-03,22.67
CUST_02932,2025-03-03,1.86
CUST_03731,2025-03-03,11.13
CUST_03816,2025-03-03,39.2
CUST_02785,2025-03-03,9.78
CUST_04090,2025-03-03,3.89
CUST_01017,2025-03-03,68.52
CUST_04281,2025-03-03,38.53
CUST_02287,2025-03-04,26.2
CUST_01450,2025-03-04,11.92
CUST_04428,2025-03-04,50.03
CUST_04510,2025-03-04,14.3
CUST_04915,2025-03-04,5.8
CUST_04999,2025-03-04,21.33
CUST_02487,2025-03-04,69.34
CUST_02100,2025-03-04,138.65
CUST_02413,2025-03-04,14.3
CUST_04111,2025-03-04,44.56
CUST_00363,2025-03-04,8.84
CUST_03624,2025-03-04,26.95
CUST_00579,2025-03-04,4.11
CUST_03730,2025-03-04,7.79
CUST_01260,2025-03-04,26.74
CUST_00206,2025-03-04,121.95
CUST_02707,2025-03-04,23.12
CUST_04940,2025-03-04,32.31
CUST_02272,2025-03-04,7.77
CUST_03845,2025-03-04,33.3
CUST_02124,2025-03-04,11.29
CUST_00234,2025-03-04,69.39
CUST_01304,2025-03-04,16.18
CUST_04766,2025-03-04,13.33
CUST_03260,2025-03-04,3.17
CUST_04201,2025-03-04,45.59
CUST_03658,2025-03-04,67.47
CUST_04427,2025-03-05,14.15
CUST_00206,2025-03-05,18.07
CUST_01611,2025-03-05,31.71
CUST_00625,2025-03-05,31.41
CUST_00994,2025-03-05,23.3
CUST_01909,2025-03-05,27.05
CUST_04400,2025-03-05,5.24
CUST_02638,2025-03-05,57.72
CUST_04369,2025-03-05,18.93
CUST_04431,2025-03-05,19.01
CUST_03320,2025-03-05,21.17
CUST_04296,2025-03-05,6.37
CUST_00016,2025-03-05,20.1
CUST_02531,2025-03-05,25.3
CUST_04519,2025-03-05,12.48
CUST_04281,2025-03-05,5.78
CUST_01348,2025-03-05,11.88
CUST_00014,2025-03-05,17.48
CUST_00541,2025-03-05,141.25
CUST_00807,2025-03-05,20.74
CUST_03783,2025-03-05,378.41
CUST_04189,2025-03-06,46.32
CUST_00736,2025-03-06,11.19
CUST_02945,2025-03-06,29.45
CUST_00609,2025-03-06,22.76
CUST_03266,2025-03-06,8.23
CUST_02006,2025-03-06,18.25
CUST_04924,2025-03-06,132.26
CUST_04281,2025-03-06,10.57
CUST_03634,2025-03-06,4.89
CUST_02058,2025-03-06,4.26
CUST_03171,2025-03-06,93.79
CUST_01016,2025-03-06,10.15
CUST_01951,2025-03-06,31.46
CUST_04689,2025-03-06,34.32
CUST_02748,2025-03-06,3.98
CUST_04758,2025-03-06,51.38
CUST_00442,2025-03-06,11.89
CUST_04126,2025-03-07,8.41
CUST_02134,2025-03-07,103.01
CUST_00191,2025-03-07,7.9
CUST_02888,2025-03-07,9.67
CUST_04958,2025-03-07,10.0
CUST_01403,2025-03-07,57.19
CUST_02398,2025-03-07,11.36
CUST_03826,2025-03-07,11.79
CUST_00012,2025-03-07,33.45
CUST_00839,2025-03-07,34.77
CUST_00442,2025-03-07,8.04
CUST_03625,2025-03-07,32.64
CUST_04919,2025-03-07,3.22
CUST_01493,2025-03-07,14.18
CUST_01564,2025-03-07,51.93
CUST_00767,2025-03-07,159.64
CUST_02368,2025-03-07,74.67
CUST_04987,2025-03-08,10.12
CUST_00888,2025-03-08,75.79
CUST_04422,2025-03-08,30.52
CUST_04252,2025-03-08,20.41
CUST_01017,2025-03-08,2.39
CUST_04788,2025-03-08,5.46
CUST_03156,2025-03-08,39.23
CUST_02699,2025-03-08,13.97
CUST_03658,2025-03-08,57.27
CUST_04526,2025-03-08,51.92
CUST_04232,2025-03-08,15.42
CUST_04915,2025-03-08,18.15
CUST_01275,2025-03-08,8.83
CUST_04276,2025-03-08,26.32
CUST_04519,2025-03-08,23.45
CUST_04822,2025-03-08,51.12
CUST_03813,2025-03-08,15.98
CUST_00680,2025-03-08,5.01
CUST_03367,2025-03-08,12.33
CUST_03471,2025-03-08,16.75
CUST_04136,2025-03-08,12.94
CUST_04467,2025-03-09,24.79
CUST_00332,2025-03-09,27.18
CUST_03783,2025-03-09,12.87
CUST_01636,2025-03-09,65.01
CUST_04281,2025-03-09,65.09
CUST_04128,2025-03-09,16.84
CUST_04244,2025-03-09,7.25
CUST_04899,2025-03-09,13.83
CUST_00352,2025-03-09,2.73
CUST_04607,2025-03-09,12.28
CUST_02966,2025-03-09,63.08
CUST_02975,2025-03-09,90.02
CUST_01394,2025-03-09,43.21
CUST_00973,2025-03-09,27.51
CUST_04999,2025-03-09,8.99
CUST_03384,2025-03-09,30.03
CUST_04413,2025-03-09,5.47
CUST_03727,2025-03-10,1.77
CUST_00456,2025-03-10,9.96
CUST_03760,2025-03-10,8.89
CUST_02499,2025-03-10,2.26
CUST_02696,2025-03-10,26.84
CUST_00484,2025-03-10,7.31
CUST_00343,2025-03-10,25.67
CUST_02368,2025-03-10,13.94
CUST_01260,2025-03-10,6.77
CUST_00705,2025-03-10,12.68
CUST_00800,2025-03-10,68.92
CUST_00803,2025-03-10,20.45
CUST_02966,2025-03-10,32.52
CUST_02401,2025-03-10,51.58
CUST_02867,2025-03-10,5.43
CUST_01951,2025-03-10,10.28
CUST_04308,2025-03-10,23.93
CUST_02435,2025-03-10,8.26
CUST_04191,2025-03-10,7.72
CUST_01393,2025-03-11,4.1
CUST_03102,2025-03-11,5.4
CUST_04023,2025-03-11,99.41
CUST_04299,2025-03-11,26.9
CUST_01272,2025-03-11,14.55
CUST_02980,2025-03-11,42.9
CUST_04244,2025-03-11,33.85
CUST_00168,2025-03-11,20.0
CUST_04833,2025-03-11,2.95
CUST_00579,2025-03-11,4.2
CUST_00112,2025-03-11,19.83
CUST_04754,2025-03-11,20.93
CUST_00405,2025-03-11,21.87
CUST_00767,2025-03-11,2.45
CUST_04155,2025-03-11,104.41
CUST_04300,2025-03-11,4.46
CUST_03063,2025-03-11,26.01
CUST_01421,2025-03-11,59.57
CUST_04300,2025-03-11,18.62
CUST_01661,2025-03-11,17.57
CUST_00643,2025-03-11,66.26
CUST_02806,2025-03-11,66.96
CUST_04309,2025-03-11,17.06
CUST_04248,2025-03-11,31.48
CUST_04331,2025-03-11,35.71
CUST_03179,2025-03-11,21.54
CUST_03320,2025-03-12,4.15
CUST_01018,2025-03-12,18.01
CUST_02897,2025-03-12,4.38
CUST_04201,2025-03-12,30.21
CUST_02539,2025-03-12,30.67
CUST_01963,2025-03-12,61.26
CUST_03370,2025-03-12,46.03
CUST_03598,2025-03-12,7.83
CUST_04851,2025-03-12,18.56
CUST_00060,2025-03-12,163.83
CUST_00405,2025-03-12,4.11
CUST_04761,2025-03-12,2.72
CUST_02806,2025-03-12,8.92
CUST_03086,2025-03-12,11.59
CUST_00862,2025-03-12,26.53
CUST_00238,2025-03-13,96.05
CUST_03496,2025-03-13,21.52
CUST_00636,2025-03-13,207.84
CUST_00704,2025-03-13,35.38
CUST_00963,2025-03-13,10.03
CUST_01542,2025-03-13,10.22
CUST_01278,2025-03-13,6.56
CUST_02980,2025-03-13,119.27
CUST_02402,2025-03-13,40.06
CUST_04506,2025-03-13,34.13
CUST_04073,2025-03-13,7.5
CUST_00046,2025-03-13,1.68
CUST_00185,2025-03-13,15.73
CUST_04936,2025-03-13,29.12
CUST_02208,2025-03-13,52.04
CUST_04419,2025-03-13,28.54
CUST_01995,2025-03-13,10.42
CUST_02095,2025-03-13,39.95
CUST_02627,2025-03-13,100.13
CUST_01849,2025-03-13,17.88
CUST_01455,2025-03-13,24.24
CUST_01186,2025-03-14,14.46
CUST_02672,2025-03-14,12.26
CUST_02435,2025-03-14,11.93
CUST_01147,2025-03-14,28.11
CUST_00600,2025-03-14,10.19
CUST_02338,2025-03-14,18.23
CUST_02628,2025-03-14,23.66
CUST_01281,2025-03-14,41.87
CUST_01311,2025-03-14,13.88
CUST_04555,2025-03-14,9.63
CUST_01575,2025-03-14,6.84
CUST_02204,2025-03-14,9.61
CUST_04726,2025-03-14,81.25
CUST_04765,2025-03-14,2.59
CUST_04519,2025-03-14,14.29
CUST_04593,2025-03-14,24.47
CUST_04519,2025-03-14,40.72
CUST_02413,2025-03-14,15.69
CUST_02238,2025-03-14,33.66
CUST_02966,2025-03-14,12.87
CUST_04774,2025-03-14,11.12
CUST_03398,2025-03-15,65.12
CUST_04164,2025-03-15,29.13
CUST_01639,2025-03-15,39.01
CUST_01135,2025-03-15,20.51
CUST_04260,2025-03-15,25.2
CUST_03401,2025-03-15,7.07
CUST_00714,2025-03-15,22.8
CUST_02888,2025-03-15,18.97
CUST_04321,2025-03-15,4.44
CUST_04994,2025-03-15,16.09
CUST_04127,2025-03-15,21.2
CUST_04009,2025-03-15,30.32
CUST_00222,2025-03-15,8.92
CUST_02413,2025-03-15,101.51
CUST_04633,2025-03-15,32.35
CUST_02806,2025-03-15,36.78
CUST_01284,2025-03-15,2.01
CUST_03203,2025-03-15,16.83
CUST_00475,2025-03-15,45.42
CUST_01067,2025-03-15,15.75
CUST_01819,2025-03-15,10.92
CUST_01233,2025-03-15,21.76
CUST_02966,2025-03-16,9.1
CUST_04309,2025-03-16,23.48
CUST_01772,2025-03-16,2.7
CUST_00436,2025-03-16,11.06
CUST_03691,2025-03-16,55.21
CUST_03250,2025-03-16,135.9
CUST_01857,2025-03-16,3.95
CUST_04986,2025-03-16,26.95
CUST_04666,2025-03-16,4.26
CUST_04551,2025-03-16,15.11
CUST_04306,2025-03-16,5.03
CUST_04369,2025-03-16,40.85
CUST_03657,2025-03-16,31.93
CUST_03147,2025-03-16,5.49
CUST_00858,2025-03-16,14.42
CUST_04128,2025-03-16,52.85
CUST_00161,2025-03-16,15.41
CUST_02539,2025-03-16,27.82
CUST_01894,2025-03-17,23.21
CUST_04370,2025-03-17,32.22
CUST_01675,2025-03-17,19.74
CUST_02413,2025-03-17,47.25
CUST_04405,2025-03-17,34.01
CUST_00733,2025-03-17,115.27
CUST_03320,2025-03-17,9.58
CUST_04170,2025-03-17,41.7
CUST_00071,2025-03-17,21.77
CUST_01701,2025-03-17,18.45
CUST_01513,2025-03-17,6.99
CUST_02413,2025-03-17,85.43
CUST_03008,2025-03-17,9.29
CUST_01496,2025-03-17,30.93
CUST_02652,2025-03-17,27.68
CUST_00991,2025-03-17,41.83
CUST_00124,2025-03-17,5.06
CUST_01656,2025-03-17,13.31
CUST_03954,2025-03-17,27.62
CUST_02788,2025-03-17,10.16
CUST_04959,2025-03-17,116.72
CUST_01631,2025-03-17,47.01
CUST_02539,2025-03-17,24.31
CUST_01532,2025-03-18,20.03
CUST_04391,2025-03-18,34.46
CUST_02257,2025-03-18,69.89
CUST_00702,2025-03-18,32.23
CUST_02491,2025-03-18,15.22
CUST_03466,2025-03-18,19.35
CUST_00743,2025-03-18,36.34
CUST_02329,2025-03-18,48.82
CUST_01305,2025-03-18,13.03
CUST_01963,2025-03-18,28.81
CUST_01656,2025-03-18,5.35
CUST_00205,2025-03-18,11.3
CUST_02672,2025-03-18,145.21
CUST_02539,2025-03-18,20.07
CUST_04515,2025-03-18,5.52
CUST_02726,2025-03-18,8.54
CUST_03783,2025-03-18,14.83
CUST_01470,2025-03-18,5.18
CUST_00751,2025-03-18,54.38
CUST_02393,2025-03-19,31.98
CUST_03113,2025-03-19,11.92
CUST_03883,2025-03-19,11.29
CUST_03104,2025-03-19,40.67
CUST_02528,2025-03-19,34.91
CUST_00571,2025-03-19,56.32
CUST_02413,2025-03-19,27.48
CUST_02529,2025-03-19,24.49
CUST_00784,2025-03-19,55.16
CUST_00852,2025-03-19,9.29
CUST_04383,2025-03-19,49.0
CUST_00096,2025-03-19,36.22
CUST_04408,2025-03-19,33.47
CUST_03783,2025-03-19,17.21
CUST_02639,2025-03-19,46.33
CUST_00862,2025-03-19,183.32
CUST_04429,2025-03-19,48.99
CUST_00369,2025-03-19,81.17
CUST_00491,2025-03-19,24.09
CUST_02419,2025-03-20,96.4
CUST_00494,2025-03-20,28.9
CUST_01672,2025-03-20,43.9
CUST_00582,2025-03-20,72.21
CUST_01488,2025-03-20,9.16
CUST_04218,2025-03-20,50.37
CUST_04919,2025-03-20,31.75
CUST_00888,2025-03-20,7.71
CUST_00874,2025-03-20,37.16
CUST_03054,2025-03-20,31.26
CUST_00387,2025-03-20,12.69
CUST_04984,2025-03-20,7.0
CUST_00596,2025-03-20,78.86
CUST_00445,2025-03-20,22.63
CUST_03099,2025-03-20,73.87
CUST_01051,2025-03-20,77.52
CUST_02874,2025-03-20,47.75
CUST_02490,2025-03-20,47.0
CUST_03506,2025-03-20,14.5
CUST_02054,2025-03-21,11.96
CUST_01005,2025-03-21,2.96
CUST_00909,2025-03-21,13.38
CUST_00760,2025-03-21,10.65
CUST_03387,2025-03-21,9.0
CUST_00560,2025-03-21,9.06
CUST_03914,2025-03-21,6.26
CUST_03031,2025-03-21,30.81
CUST_01960,2025-03-21,18.17
CUST_03006,2025-03-21,68.16
CUST_02783,2025-03-21,32.52
CUST_04189,2025-03-21,11.22
CUST_01422,2025-03-21,37.69
CUST_04831,2025-03-21,8.47
CUST_03245,2025-03-21,19.38
CUST_04625,2025-03-21,82.5
CUST_01260,2025-03-21,28.27
CUST_01974,2025-03-21,51.7
CUST_01203,2025-03-22,202.37
CUST_04300,2025-03-22,2.83
CUST_01164,2025-03-22,73.44
CUST_04189,2025-03-22,18.2
CUST_03456,2025-03-22,24.57
CUST_03320,2025-03-22,9.34
CUST_04281,2025-03-22,29.06
CUST_00364,2025-03-22,25.17
CUST_00591,2025-03-22,46.94
CUST_00591,2025-03-22,40.39
CUST_04630,2025-03-22,49.4
CUST_03152,2025-03-22,30.39
CUST_02701,2025-03-22,5.56
CUST_01555,2025-03-22,2.81
CUST_01949,2025-03-22,15.8
CUST_01668,2025-03-22,14.99
CUST_00060,2025-03-22,7.17
CUST_00018,2025-03-22,15.44
CUST_01723,2025-03-22,14.64
CUST_01434,2025-03-22,14.09
CUST_03017,2025-03-22,51.26
CUST_01997,2025-03-22,84.24
CUST_00446,2025-03-23,14.43
CUST_01639,2025-03-23,11.41
CUST_03943,2025-03-23,128.67
CUST_04593,2025-03-23,17.77
CUST_01656,2025-03-23,33.98
CUST_02595,2025-03-23,9.79
CUST_02099,2025-03-23,56.82
CUST_00030,2025-03-23,6.33
CUST_02092,2025-03-23,53.28
CUST_03251,2025-03-23,47.18
CUST_03694,2025-03-23,5.06
CUST_00003,2025-03-23,19.81
CUST_03693,2025-03-23,87.24
CUST_00301,2025-03-23,16.77
CUST_02980,2025-03-23,3.07
CUST_04300,2025-03-23,6.95
CUST_04474,2025-03-23,33.83
CUST_01483,2025-03-23,32.04
CUST_00269,2025-03-23,27.19
CUST_00279,2025-03-23,7.87
CUST_00292,2025-03-23,46.19
CUST_01323,2025-03-23,27.07
CUST_00015,2025-03-24,3.91
CUST_02212,2025-03-24,15.94
CUST_01532,2025-03-24,4.01
CUST_02355,2025-03-24,14.75
CUST_04281,2025-03-24,27.54
CUST_04908,2025-03-24,108.51
CUST_04555,2025-03-24,8.8
CUST_04719,2025-03-24,24.78
CUST_03048,2025-03-24,26.38
CUST_04735,2025-03-24,19.89
CUST_03783,2025-03-24,17.98
CUST_00355,2025-03-24,41.1
CUST_00812,2025-03-24,3.77
CUST_01954,2025-03-24,25.31
CUST_00056,2025-03-24,31.08
CUST_00387,2025-03-25,48.57
CUST_00643,2025-03-25,6.84
CUST_04994,2025-03-25,12.72
CUST_00267,2025-03-25,35.35
CUST_01863,2025-03-25,8.74
CUST_04835,2025-03-25,28.7
CUST_00895,2025-03-25,8.31
CUST_02043,2025-03-25,19.75
CUST_01532,2025-03-25,29.55
CUST_03600,2025-03-25,20.11
CUST_04023,2025-03-25,43.62
CUST_04273,2025-03-25,50.58
CUST_02435,2025-03-25,19.96
CUST_04525,2025-03-25,10.09
CUST_01455,2025-03-25,3.66
CUST_02623,2025-03-25,20.45
CUST_03987,2025-03-25,8.03
CUST_02806,2025-03-25,8.36
CUST_00134,2025-03-25,48.39
CUST_02634,2025-03-26,13.69
CUST_01260,2025-03-26,40.64
CUST_00407,2025-03-26,15.13
CUST_02937,2025-03-26,11.44
CUST_02063,2025-03-26,20.67
CUST_02152,2025-03-26,7.21
CUST_01656,2025-03-26,75.1
CUST_04300,2025-03-26,37.82
CUST_00529,2025-03-26,116.67
CUST_04361,2025-03-26,36.96
CUST_00655,2025-03-26,53.41
CUST_02575,2025-03-26,27.02
CUST_00809,2025-03-26,7.87
CUST_01175,2025-03-27,33.94
CUST_02413,2025-03-27,20.89
CUST_03921,2025-03-27,4.73
CUST_03925,2025-03-27,37.2
CUST_03320,2025-03-27,18.27
CUST_04899,2025-03-27,71.84
CUST_02129,2025-03-27,46.96
CUST_00598,2025-03-27,24.51
CUST_02444,2025-03-27,36.7
CUST_03859,2025-03-27,14.07
CUST_04765,2025-03-27,7.09
CUST_03894,2025-03-27,27.32
CUST_02041,2025-03-27,15.62
CUST_01845,2025-03-27,6.1
CUST_00009,2025-03-27,47.48
CUST_00012,2025-03-27,44.39
CUST_04811,2025-03-27,6.85
CUST_02301,2025-03-27,10.87
CUST_03748,2025-03-27,8.81
CUST_00187,2025-03-27,17.35
CUST_03986,2025-03-27,38.95
CUST_04244,2025-03-27,23.82
CUST_02122,2025-03-27,53.52
CUST_01730,2025-03-27,15.33
CUST_02686,2025-03-27,18.64
CUST_03248,2025-03-27,24.81
CUST_02574,2025-03-28,25.96
CUST_02053,2025-03-28,6.97
CUST_02922,2025-03-28,7.98
CUST_00473,2025-03-28,6.04
CUST_00850,2025-03-28,19.02
CUST_04155,2025-03-28,4.71
CUST_00988,2025-03-28,10.24
CUST_00298,2025-03-28,7.01
CUST_04206,2025-03-28,24.62
CUST_04189,2025-03-28,100.8
CUST_01905,2025-03-28,28.94
CUST_04300,2025-03-28,16.42
CUST_03988,2025-03-28,5.65
CUST_04747,2025-03-28,14.0
CUST_01716,2025-03-28,31.77
CUST_02155,2025-03-28,69.3
CUST_01687,2025-03-28,119.55
CUST_00582,2025-03-28,34.94
CUST_04713,2025-03-29,33.06
CUST_04232,2025-03-29,4.13
CUST_03053,2025-03-29,24.91
CUST_04207,2025-03-29,25.99
CUST_01260,2025-03-29,14.27
CUST_00491,2025-03-29,75.15
CUST_00436,2025-03-29,7.58
CUST_04412,2025-03-29,33.69
CUST_04078,2025-03-29,20.5
CUST_01094,2025-03-29,9.35
CUST_04364,2025-03-29,48.78
CUST_03178,2025-03-30,5.88
CUST_04428,2025-03-30,74.49
CUST_01774,2025-03-30,6.08
CUST_00892,2025-03-30,20.85
CUST_01986,2025-03-30,28.98
CUST_00241,2025-03-30,23.39
CUST_03972,2025-03-30,103.62
CUST_02325,2025-03-30,2.1
CUST_04602,2025-03-30,19.37
CUST_04069,2025-03-30,15.88
CUST_01246,2025-03-30,85.99
CUST_04139,2025-03-30,27.78
CUST_03177,2025-03-30,5.34
CUST_02345,2025-03-30,11.79
CUST_00369,2025-03-30,47.47
CUST_01016,2025-03-31,25.25
CUST_04835,2025-03-31,191.11
CUST_00916,2025-03-31,47.64
CUST_00519,2025-03-31,12.19
CUST_00934,2025-03-31,6.9
CUST_04745,2025-03-31,16.66
CUST_00322,2025-03-31,25.93
CUST_03282,2025-03-31,22.38
CUST_03102,2025-03-31,25.36
CUST_03363,2025-03-31,44.55
CUST_00732,2025-03-31,14.39
CUST_04300,2025-03-31,56.56
CUST_04011,2025-03-31,29.41
CUST_04300,2025-03-31,17.33
CUST_02336,2025-03-31,17.51
CUST_04515,2025-03-31,8.8
CUST_03878,2025-03-31,120.97
CUST_01081,2025-03-31,21.42
CUST_03388,2025-03-31,18.2
CUST_01295,2025-03-31,11.33
CUST_00056,2025-04-01,25.5
CUST_01390,2025-04-01,1.94
CUST_00435,2025-04-01,17.35
CUST_04014,2025-04-01,10.26
CUST_02884,2025-04-01,12.08
CUST_00378,2025-04-01,20.18
CUST_03102,2025-04-01,51.31
CUST_01942,2025-04-01,8.26
CUST_01735,2025-04-01,13.4
CUST_03054,2025-04-01,14.28
CUST_01181,2025-04-01,6.69
CUST_03311,2025-04-01,77.54
CUST_02024,2025-04-01,22.65
CUST_03536,2025-04-01,34.63
CUST_03798,2025-04-01,63.41
CUST_01951,2025-04-01,22.97
CUST_04592,2025-04-01,13.53
CUST_00007,2025-04-01,13.0
CUST_01165,2025-04-02,19.67
CUST_01819,2025-04-02,2.16
CUST_02819,2025-04-02,9.03
CUST_00348,2025-04-02,38.65
CUST_04117,2025-04-02,41.41
CUST_02686,2025-04-02,55.64
CUST_04260,2025-04-02,2.61
CUST_02694,2025-04-02,14.84
CUST_01910,2025-04-02,20.45
CUST_01542,2025-04-02,17.6
CUST_04593,2025-04-02,21.62
CUST_04375,2025-04-02,5.53
CUST_03866,2025-04-02,21.73
CUST_02937,2025-04-02,6.8
CUST_03711,2025-04-02,37.67
CUST_01783,2025-04-02,18.03
CUST_03686,2025-04-02,192.99
CUST_01534,2025-04-02,23.25
CUST_01205,2025-04-03,9.61
CUST_04913,2025-04-03,89.82
CUST_00333,2025-04-03,10.07
CUST_04499,2025-04-03,59.42
CUST_04230,2025-04-03,50.84
CUST_02413,2025-04-03,30.69
CUST_01281,2025-04-03,26.51
CUST_01460,2025-04-03,48.48
CUST_04401,2025-04-03,5.98
CUST_01364,2025-04-03,66.85
CUST_02193,2025-04-03,10.58
CUST_01833,2025-04-03,29.48
CUST_02782,2025-04-03,9.23
CUST_02826,2025-04-03,88.54
CUST_02012,2025-04-03,8.52
CUST_00664,2025-04-03,37.4
CUST_04860,2025-04-03,12.83
CUST_00206,2025-04-03,6.06
CUST_03377,2025-04-04,13.0
CUST_01701,2025-04-04,11.46
CUST_04935,2025-04-04,18.7
CUST_03543,2025-04-04,24.39
CUST_04807,2025-04-04,9.24
CUST_02301,2025-04-04,26.4
CUST_02137,2025-04-04,36.47
CUST_02387,2025-04-04,14.69
CUST_02672,2025-04-04,51.9
CUST_03182,2025-04-04,111.37
CUST_03593,2025-04-04,16.94
CUST_03327,2025-04-04,23.76
CUST_02686,2025-04-04,123.18
CUST_01138,2025-04-05,20.48
CUST_01682,2025-04-05,70.61
CUST_00767,2025-04-05,14.24
CUST_03102,2025-04-05,81.41
CUST_00613,2025-04-05,40.27
CUST_04111,2025-04-05,19.0
CUST_02252,2025-04-05,12.71
CUST_02873,2025-04-05,15.99
CUST_04578,2025-04-05,22.28
CUST_03783,2025-04-05,56.1
CUST_00562,2025-04-05,18.87
CUST_00063,2025-04-05,27.41
CUST_01241,2025-04-05,120.91
CUST_01552,2025-04-05,23.98
CUST_01768,2025-04-05,98.89
CUST_02154,2025-04-05,3.92
CUST_04042,2025-04-05,158.33
CUST_00954,2025-04-05,33.23
CUST_03793,2025-04-05,4.09
CUST_04164,2025-04-05,43.46
CUST_00439,2025-04-05,30.89
CUST_02144,2025-04-06,27.25
CUST_01815,2025-04-06,33.33
CUST_03444,2025-04-06,57.79
CUST_03485,2025-04-06,30.64
CUST_02345,2025-04-06,74.81
CUST_03835,2025-04-06,55.19
CUST_00598,2025-04-06,52.82
CUST_01410,2025-04-06,43.61
CUST_02197,2025-04-06,6.25
CUST_02707,2025-04-06,39.63
CUST_00233,2025-04-06,27.67
CUST_04281,2025-04-06,11.82
CUST_02156,2025-04-06,128.19
CUST_00082,2025-04-06,3.07
CUST_04519,2025-04-06,4.1
CUST_01721,2025-04-06,5.03
CUST_04994,2025-04-06,18.91
CUST_03362,2025-04-06,10.79
CUST_03218,2025-04-06,9.89
CUST_04731,2025-04-06,33.29
CUST_03063,2025-04-06,29.66
CUST_00048,2025-04-06,13.9
CUST_04088,2025-04-06,13.68
CUST_00865,2025-04-07,3.03
CUST_00870,2025-04-07,78.05
CUST_02980,2025-04-07,66.02
CUST_02291,2025-04-07,1.28
CUST_01455,2025-04-07,7.88
CUST_01632,2025-04-07,3.24
CUST_04189,2025-04-07,94.89
CUST_00767,2025-04-07,26.2
CUST_02794,2025-04-07,170.4
CUST_02945,2025-04-07,38.56
CUST_00941,2025-04-07,14.16
CUST_00384,2025-04-07,23.87
CUST_04321,2025-04-07,54.65
CUST_02609,2025-04-07,10.67
CUST_03384,2025-04-07,49.96
CUST_04152,2025-04-07,66.12
CUST_00664,2025-04-07,8.3
CUST_03831,2025-04-07,13.57
CUST_00185,2025-04-07,35.02
CUST_04059,2025-04-07,86.85
CUST_00345,2025-04-07,48.92
CUST_00914,2025-04-07,28.61
CUST_01092,2025-04-08,49.48
CUST_00781,2025-04-08,6.16
CUST_01750,2025-04-08,61.88
CUST_01736,2025-04-08,46.95
CUST_00730,2025-04-08,64.4
CUST_03034,2025-04-08,9.88
CUST_00619,2025-04-08,11.44
CUST_02302,2025-04-08,3.56
CUST_03482,2025-04-08,7.17
CUST_04772,2025-04-08,10.28
CUST_03186,2025-04-08,30.7
CUST_00612,2025-04-08,29.26
CUST_02757,2025-04-09,63.28
CUST_03857,2025-04-09,22.1
CUST_00909,2025-04-09,16.67
CUST_01617,2025-04-09,16.86
CUST_03320,2025-04-09,4.1
CUST_00046,2025-04-09,6.47
CUST_01430,2025-04-09,12.9
CUST_03091,2025-04-09,25.78
CUST_02579,2025-04-09,21.14
CUST_02287,2025-04-09,141.29
CUST_01430,2025-04-09,8.66
CUST_02980,2025-04-09,17.66
CUST_00333,2025-04-09,4.59
CUST_04765,2025-04-09,81.71
CUST_01118,2025-04-09,45.66
CUST_03781,2025-04-10,117.91
CUST_03987,2025-04-10,28.36
CUST_01260,2025-04-10,44.49
CUST_00969,2025-04-10,17.05
CUST_00190,2025-04-10,61.55
CUST_02279,2025-04-10,9.37
CUST_03153,2025-04-10,63.81
CUST_04383,2025-04-10,4.5
CUST_01534,2025-04-10,35.24
CUST_02487,2025-04-10,3.78
CUST_00750,2025-04-10,15.54
CUST_00752,2025-04-10,119.57
CUST_00185,2025-04-10,15.07
CUST_02974,2025-04-10,22.2
CUST_04462,2025-04-10,4.86
CUST_03800,2025-04-10,10.87
CUST_03535,2025-04-10,13.36
CUST_04519,2025-04-10,41.23
CUST_00062,2025-04-10,6.97
CUST_04759,2025-04-10,14.28
CUST_00933,2025-04-10,12.11
CUST_03375,2025-04-10,31.54
CUST_00545,2025-04-10,10.93
CUST_04394,2025-04-11,11.75
CUST_01253,2025-04-11,28.9
CUST_01281,2025-04-11,13.28
CUST_01245,2025-04-11,15.77
CUST_01260,2025-04-11,40.7
CUST_01825,2025-04-11,16.53
CUST_01463,2025-04-11,7.83
CUST_02413,2025-04-11,58.57
CUST_03588,2025-04-11,4.1
CUST_03205,2025-04-11,31.99
CUST_00233,2025-04-11,18.6
CUST_00206,2025-04-11,53.88
CUST_03988,2025-04-11,5.28
CUST_00730,2025-04-11,13.62
CUST_01649,2025-04-11,23.4
CUST_04369,2025-04-11,5.53
CUST_02365,2025-04-11,55.58
CUST_04300,2025-04-11,26.53
CUST_03902,2025-04-11,6.57
CUST_03545,2025-04-11,15.03
CUST_01527,2025-04-12,20.1
CUST_04294,2025-04-12,58.29
CUST_01195,2025-04-12,107.91
CUST_02539,2025-04-12,4.97
CUST_00562,2025-04-12,56.89
CUST_03783,2025-04-12,15.24
CUST_00584,2025-04-12,26.26
CUST_04260,2025-04-12,38.2
CUST_01656,2025-04-12,261.17
CUST_04418,2025-04-12,3.52
CUST_00612,2025-04-12,16.46
CUST_03801,2025-04-12,45.1
CUST_01683,2025-04-12,40.08
CUST_01735,2025-04-12,30.66
CUST_04366,2025-04-12,51.65
CUST_02594,2025-04-12,28.29
CUST_03988,2025-04-12,77.37
CUST_04601,2025-04-12,8.96
CUST_00275,2025-04-12,13.46
CUST_04109,2025-04-13,47.03
CUST_01260,2025-04-13,12.7
CUST_04323,2025-04-13,15.4
CUST_00596,2025-04-13,15.48
CUST_02686,2025-04-13,15.83
CUST_02413,2025-04-13,15.69
CUST_04994,2025-04-13,60.53
CUST_03355,2025-04-13,34.66
CUST_03649,2025-04-13,115.87
CUST_00185,2025-04-13,16.33
CUST_00916,2025-04-13,6.65
CUST_03105,2025-04-13,4.26
CUST_00951,2025-04-13,21.29
CUST_00439,2025-04-13,10.23
CUST_03218,2025-04-13,85.0
CUST_00555,2025-04-13,17.52
CUST_02413,2025-04-13,78.94
CUST_02539,2025-04-13,29.64
CUST_02913,2025-04-13,4.62
CUST_04414,2025-04-14,15.75
CUST_04292,2025-04-14,9.31
CUST_04284,2025-04-14,20.29
CUST_02413,2025-04-14,28.96
CUST_04742,2025-04-14,28.09
CUST_03391,2025-04-14,17.26
CUST_03384,2025-04-14,13.0
CUST_03039,2025-04-14,7.6
CUST_04831,2025-04-14,16.63
CUST_04182,2025-04-14,31.14
CUST_01055,2025-04-14,33.79
CUST_04092,2025-04-14,12.56
CUST_03252,2025-04-14,39.35
CUST_04877,2025-04-14,14.3
CUST_02328,2025-04-14,44.3
CUST_04619,2025-04-14,47.94
CUST_00592,2025-04-14,24.86
CUST_01839,2025-04-14,238.07
CUST_00376,2025-04-14,18.24
CUST_04189,2025-04-15,51.52
CUST_03932,2025-04-15,52.84
CUST_01195,2025-04-15,19.64
CUST_02239,2025-04-15,11.29
CUST_02024,2025-04-15,19.28
CUST_03908,2025-04-15,32.44
CUST_03664,2025-04-15,53.81
CUST_04147,2025-04-15,30.36
CUST_01502,2025-04-15,23.06
CUST_00554,2025-04-15,11.73
CUST_00767,2025-04-15,13.47
CUST_02550,2025-04-15,9.12
CUST_02566,2025-04-15,51.77
CUST_04901,2025-04-15,13.31
CUST_02422,2025-04-15,18.35
CUST_00947,2025-04-15,2.94
CUST_04340,2025-04-15,45.2
CUST_03393,2025-04-15,7.43
CUST_04300,2025-04-15,90.93
CUST_04629,2025-04-15,16.57
CUST_04855,2025-04-15,5.79
CUST_00275,2025-04-15,40.09
CUST_04962,2025-04-15,7.63
CUST_00746,2025-04-16,4.7
CUST_04673,2025-04-16,28.03
CUST_00728,2025-04-16,2.04
CUST_03783,2025-04-16,144.37
CUST_00767,2025-04-16,2.46
CUST_01884,2025-04-16,89.78
CUST_01839,2025-04-16,4.23
CUST_04152,2025-04-16,45.43
CUST_03113,2025-04-16,2.65
CUST_03870,2025-04-16,13.74
CUST_01260,2025-04-16,94.79
CUST_04035,2025-04-16,4.38
CUST_04545,2025-04-16,51.28
CUST_03075,2025-04-16,25.99
CUST_02413,2025-04-16,1.81
CUST_01430,2025-04-16,10.69
CUST_04593,2025-04-16,34.15
CUST_01644,2025-04-16,18.49
CUST_00225,2025-04-16,15.77
CUST_02987,2025-04-16,22.21
CUST_03283,2025-04-16,19.64
CUST_02006,2025-04-16,34.08
CUST_03318,2025-04-16,6.71
CUST_03320,2025-04-16,7.95
CUST_03866,2025-04-16,41.45
CUST_02484,2025-04-17,4.16
CUST_01260,2025-04-17,9.17
CUST_02364,2025-04-17,8.11
CUST_01949,2025-04-17,23.97
CUST_00705,2025-04-17,13.9
CUST_04175,2025-04-17,3.08
CUST_02667,2025-04-17,5.83
CUST_01528,2025-04-17,43.78
CUST_03592,2025-04-17,35.95
CUST_02239,2025-04-17,5.7
CUST_02413,2025-04-17,48.59
CUST_01100,2025-04-17,38.49
CUST_03137,2025-04-17,169.75
CUST_04695,2025-04-17,28.25
CUST_00228,2025-04-17,30.72
CUST_04844,2025-04-17,26.0
CUST_01754,2025-04-17,21.5
CUST_00145,2025-04-17,10.73
CUST_00258,2025-04-17,157.64
CUST_03478,2025-04-18,26.33
CUST_04714,2025-04-18,12.72
CUST_03322,2025-04-18,16.89
CUST_04027,2025-04-18,6.93
CUST_04029,2025-04-18,121.99
CUST_02245,2025-04-18,6.38
CUST_02280,2025-04-18,3.59
CUST_00811,2025-04-18,3.54
CUST_03260,2025-04-18,38.74
CUST_03565,2025-04-18,4.67
CUST_03064,2025-04-18,9.59
CUST_00750,2025-04-18,4.8
CUST_02082,2025-04-18,4.99
CUST_03783,2025-04-18,35.96
CUST_00404,2025-04-18,161.95
CUST_03813,2025-04-18,78.7
CUST_01687,2025-04-18,8.5
CUST_04300,2025-04-18,16.66
CUST_02345,2025-04-19,8.39
CUST_01264,2025-04-19,6.46
CUST_01377,2025-04-19,6.87
CUST_00991,2025-04-19,31.12
CUST_02539,2025-04-19,41.76
CUST_04136,2025-04-19,36.5
CUST_02066,2025-04-19,13.92
CUST_01796,2025-04-19,41.71
CUST_01114,2025-04-19,99.8
CUST_03320,2025-04-19,12.02
CUST_01249,2025-04-19,13.41
CUST_00052,2025-04-19,23.06
CUST_01643,2025-04-19,39.78
CUST_03342,2025-04-19,8.13
CUST_00326,2025-04-19,120.28
CUST_00982,2025-04-19,5.37
CUST_01456,2025-04-19,9.55
CUST_00063,2025-04-19,65.51
CUST_03686,2025-04-19,17.41
CUST_00201,2025-04-19,7.58
CUST_01162,2025-04-19,4.78
CUST_00667,2025-04-19,15.92
CUST_04140,2025-04-19,36.49
CUST_03260,2025-04-19,32.73
CUST_01151,2025-04-19,14.56
CUST_00333,2025-04-19,8.97
CUST_04141,2025-04-19,8.72
CUST_02849,2025-04-19,40.77
CUST_01844,2025-04-19,55.86
CUST_03815,2025-04-19,4.85
CUST_04593,2025-04-19,63.01
CUST_01004,2025-04-19,4.51
CUST_04111,2025-04-20,133.62
CUST_04310,2025-04-20,20.27
CUST_01928,2025-04-20,3.68
CUST_02348,2025-04-20,18.4
CUST_03093,2025-04-20,46.48
CUST_03988,2025-04-20,33.75
CUST_00548,2025-04-20,12.01
CUST_02917,2025-04-20,5.18
CUST_01958,2025-04-20,5.65
CUST_03120,2025-04-20,28.68
CUST_02759,2025-04-20,13.04
CUST_04259,2025-04-20,4.58
CUST_02632,2025-04-20,6.21
CUST_00584,2025-04-20,1.0
CUST_04689,2025-04-20,13.77
CUST_01771,2025-04-20,7.95
CUST_02342,2025-04-20,6.5
CUST_00111,2025-04-20,35.8
CUST_03869,2025-04-20,15.03
CUST_01543,2025-04-20,26.64
CUST_00632,2025-04-20,14.56
CUST_03869,2025-04-20,12.25
CUST_03320,2025-04-20,32.27
CUST_02259,2025-04-20,10.17
CUST_03962,2025-04-20,43.52
CUST_03860,2025-04-20,24.56
CUST_02061,2025-04-20,53.53
CUST_04018,2025-04-21,13.55
CUST_04684,2025-04-21,50.12
CUST_00072,2025-04-21,22.67
CUST_00702,2025-04-21,14.93
CUST_02413,2025-04-21,5.63
CUST_04292,2025-04-21,9.39
CUST_00212,2025-04-21,22.67
CUST_04459,2025-04-21,119.86
CUST_02974,2025-04-21,23.3
CUST_04745,2025-04-21,62.01
CUST_03466,2025-04-21,17.51
CUST_00776,2025-04-21,29.48
CUST_01114,2025-04-21,3.67
CUST_00730,2025-04-21,5.69
CUST_04612,2025-04-21,6.67
CUST_02806,2025-04-21,8.91
CUST_04252,2025-04-21,44.28
CUST_03837,2025-04-21,23.34
CUST_01175,2025-04-21,13.32
CUST_02198,2025-04-21,9.38
CUST_00348,2025-04-21,4.03
CUST_02459,2025-04-21,23.02
CUST_02686,2025-04-21,17.64
CUST_03456,2025-04-21,2.49
CUST_04228,2025-04-22,26.19
CUST_02783,2025-04-22,8.53
CUST_03471,2025-04-22,7.83
CUST_00934,2025-04-22,180.75
CUST_03661,2025-04-22,7.33
CUST_01195,2025-04-22,12.78
CUST_01430,2025-04-22,7.56
CUST_03580,2025-04-22,19.43
CUST_04408,2025-04-22,28.38
CUST_04321,2025-04-22,38.79
CUST_04321,2025-04-22,30.83
CUST_02616,2025-04-22,12.24
CUST_00077,2025-04-22,48.21
CUST_04593,2025-04-22,18.77
CUST_03861,2025-04-22,6.18
CUST_00065,2025-04-22,127.32
CUST_04244,2025-04-22,4.42
CUST_03705,2025-04-22,198.73
CUST_03592,2025-04-22,17.21
CUST_04281,2025-04-22,6.67
CUST_00234,2025-04-22,14.23
CUST_01839,2025-04-22,11.72
CUST_02143,2025-04-22,122.2
CUST_02729,2025-04-22,5.86
CUST_00767,2025-04-22,30.09
CUST_04300,2025-04-22,142.46
CUST_03454,2025-04-22,37.88
CUST_03710,2025-04-22,10.55
CUST_02290,2025-04-22,7.33
CUST_02704,2025-04-22,3.14
CUST_02830,2025-04-23,70.96
CUST_04189,2025-04-23,24.59
CUST_02848,2025-04-23,4.24
CUST_04149,2025-04-23,9.38
CUST_00557,2025-04-23,38.77
CUST_04152,2025-04-23,23.27
CUST_01788,2025-04-23,171.01
CUST_02422,2025-04-23,59.85
CUST_00046,2025-04-23,34.65
CUST_01047,2025-04-23,10.18
CUST_03493,2025-04-23,16.09
CUST_04117,2025-04-23,1.67
CUST_04321,2025-04-23,13.61
CUST_03054,2025-04-23,77.11
CUST_02748,2025-04-23,9.33
CUST_04678,2025-04-23,29.62
CUST_02869,2025-04-23,17.07
CUST_00931,2025-04-23,15.26
CUST_01644,2025-04-23,20.67
CUST_02667,2025-04-24,36.39
CUST_04879,2025-04-24,17.98
CUST_03869,2025-04-24,38.06
CUST_00586,2025-04-24,111.62
CUST_04689,2025-04-24,44.19
CUST_04609,2025-04-24,9.32
CUST_00689,2025-04-24,24.78
CUST_03222,2025-04-24,69.89
CUST_03208,2025-04-24,20.91
CUST_02600,2025-04-24,59.65
CUST_04128,2025-04-24,231.81
CUST_03311,2025-04-24,51.98
CUST_04994,2025-04-24,86.08
CUST_04891,2025-04-24,18.33
CUST_04234,2025-04-24,33.28
CUST_02752,2025-04-24,7.62
CUST_04321,2025-04-24,64.97
CUST_02256,2025-04-24,12.78
CUST_04593,2025-04-24,17.0
CUST_04978,2025-04-24,19.4
CUST_01300,2025-04-24,34.24
CUST_00752,2025-04-24,20.0
CUST_01521,2025-04-24,26.08
CUST_02757,2025-04-24,2.38
CUST_04300,2025-04-24,39.63
CUST_04519,2025-04-24,34.11
CUST_00466,2025-04-24,14.14
CUST_04462,2025-04-24,56.84
CUST_02812,2025-04-24,14.02
CUST_04680,2025-04-25,18.34
CUST_01455,2025-04-25,16.23
CUST_02794,2025-04-25,57.63
CUST_04666,2025-04-25,29.3
CUST_01730,2025-04-25,8.09
CUST_02413,2025-04-25,47.43
CUST_02413,2025-04-25,49.48
CUST_04126,2025-04-25,20.38
CUST_02529,2025-04-25,3.33
CUST_04094,2025-04-25,14.54
CUST_01230,2025-04-25,118.42
CUST_03593,2025-04-25,32.87
CUST_00643,2025-04-25,5.35
CUST_01673,2025-04-26,55.01
CUST_03988,2025-04-26,26.48
CUST_04109,2025-04-26,13.47
CUST_03720,2025-04-26,3.68
CUST_02741,2025-04-26,16.33
CUST_00233,2025-04-26,19.35
CUST_03435,2025-04-26,7.36
CUST_02578,2025-04-26,30.71
CUST_01534,2025-04-26,11.1
CUST_03531,2025-04-26,26.29
CUST_03001,2025-04-26,10.03
CUST_03320,2025-04-26,20.14
CUST_04014,2025-04-26,9.83
CUST_02785,2025-04-26,24.4
CUST_01024,2025-04-26,19.25
CUST_04519,2025-04-26,27.69
CUST_04128,2025-04-26,21.7
CUST_01477,2025-04-26,79.62
CUST_00862,2025-04-26,13.64
CUST_04369,2025-04-26,1.89
CUST_03337,2025-04-26,28.59
CUST_04545,2025-04-26,17.1
CUST_01260,2025-04-26,31.1
CUST_01259,2025-04-27,20.17
CUST_03320,2025-04-27,103.01
CUST_00165,2025-04-27,4.62
CUST_01511,2025-04-27,7.63
CUST_00643,2025-04-27,29.65
CUST_01329,2025-04-27,35.19
CUST_04707,2025-04-27,1.33
CUST_03270,2025-04-27,17.62
CUST_03816,2025-04-27,21.59
CUST_02686,2025-04-27,33.13
CUST_03382,2025-04-27,13.17
CUST_04607,2025-04-27,6.46
CUST_02614,2025-04-27,8.21
CUST_03558,2025-04-27,10.62
CUST_00169,2025-04-27,4.02
CUST_01869,2025-04-27,17.99
CUST_02980,2025-04-27,10.39
CUST_03368,2025-04-27,17.1
CUST_02006,2025-04-27,17.71
CUST_01131,2025-04-28,9.87
CUST_00606,2025-04-28,67.99
CUST_03355,2025-04-28,18.71
CUST_03320,2025-04-28,8.13
CUST_03758,2025-04-28,14.65
CUST_04092,2025-04-28,31.36
CUST_03292,2025-04-28,2.43
CUST_01085,2025-04-28,35.86
CUST_00289,2025-04-28,213.0
CUST_04784,2025-04-28,14.12
CUST_03028,2025-04-28,22.33
CUST_04618,2025-04-28,8.4
CUST_03006,2025-04-28,14.74
CUST_00883,2025-04-29,41.05
CUST_04735,2025-04-29,17.56
CUST_02725,2025-04-29,5.27
CUST_02980,2025-04-29,5.99
CUST_03102,2025-04-29,15.62
CUST_01128,2025-04-29,30.86
CUST_00125,2025-04-29,4.0
CUST_04246,2025-04-29,12.67
CUST_00333,2025-04-29,9.02
CUST_02869,2025-04-29,4.38
CUST_02883,2025-04-29,26.81
CUST_03515,2025-04-29,80.46
CUST_01455,2025-04-29,26.32
CUST_02852,2025-04-29,12.82
CUST_04519,2025-04-29,9.4
CUST_02552,2025-04-30,3.42
CUST_04641,2025-04-30,23.88
CUST_00579,2025-04-30,43.88
CUST_03241,2025-04-30,49.12
CUST_04111,2025-04-30,29.29
CUST_02627,2025-04-30,22.53
CUST_01558,2025-04-30,132.86
CUST_00504,2025-04-30,31.58
CUST_02239,2025-04-30,24.93
CUST_03063,2025-04-30,44.91
CUST_00455,2025-04-30,7.24
CUST_04300,2025-04-30,7.82
CUST_02966,2025-04-30,36.6
CUST_04467,2025-04-30,11.26
CUST_00244,2025-04-30,26.09
CUST_00882,2025-04-30,20.59
CUST_03793,2025-04-30,27.68
CUST_02652,2025-05-01,114.45
CUST_01656,2025-05-01,29.56
CUST_00976,2025-05-01,2.33
CUST_03813,2025-05-01,15.74
CUST_02703,2025-05-01,23.1
CUST_04108,2025-05-01,38.14
CUST_02193,2025-05-01,4.31
CUST_03602,2025-05-01,27.59
CUST_03675,2025-05-01,4.27
CUST_00123,2025-05-01,24.62
CUST_04683,2025-05-01,8.68
CUST_02340,2025-05-01,7.8
CUST_01687,2025-05-01,4.41
CUST_02539,2025-05-01,28.47
CUST_00271,2025-05-01,8.75
CUST_00094,2025-05-01,6.32
CUST_00853,2025-05-01,6.5
CUST_04244,2025-05-01,52.87
CUST_01799,2025-05-01,16.83
CUST_04300,2025-05-01,6.02
CUST_02840,2025-05-01,7.51
CUST_02794,2025-05-01,11.5
CUST_04308,2025-05-01,27.64
CUST_00579,2025-05-01,5.93
CUST_01693,2025-05-01,41.27
CUST_04276,2025-05-01,30.44
CUST_04164,2025-05-01,55.17
CUST_01016,2025-05-01,10.85
CUST_00271,2025-05-02,51.64
CUST_02757,2025-05-02,20.84
CUST_00287,2025-05-02,10.26
CUST_02806,2025-05-02,12.9
CUST_04618,2025-05-02,3.73
CUST_00435,2025-05-02,14.42
CUST_00705,2025-05-02,5.49
CUST_03019,2025-05-02,39.77
CUST_00388,2025-05-02,9.42
CUST_02356,2025-05-02,11.03
CUST_04260,2025-05-02,55.09
CUST_03730,2025-05-02,30.3
CUST_01842,2025-05-02,3.88
CUST_03125,2025-05-02,17.58
CUST_03835,2025-05-02,23.86
CUST_04545,2025-05-02,26.18
CUST_03154,2025-05-02,42.14
CUST_02705,2025-05-02,37.03
CUST_02593,2025-05-02,9.83
CUST_03064,2025-05-02,48.77
CUST_00862,2025-05-03,96.47
CUST_00659,2025-05-03,14.99
CUST_03779,2025-05-03,7.71
CUST_02271,2025-05-03,35.9
CUST_02217,2025-05-03,1.65
CUST_01786,2025-05-03,182.21
CUST_03456,2025-05-03,14.63
CUST_02245,2025-05-03,17.05
CUST_03720,2025-05-03,18.08
CUST_01430,2025-05-03,18.14
CUST_03935,2025-05-03,36.41
CUST_02731,2025-05-03,29.12
CUST_03153,2025-05-03,3.78
CUST_04616,2025-05-03,119.28
CUST_01480,2025-05-03,36.41
CUST_00004,2025-05-03,9.19
CUST_04331,2025-05-03,53.8
CUST_03205,2025-05-03,34.07
CUST_03355,2025-05-03,43.08
CUST_02234,2025-05-03,31.95
CUST_04088,2025-05-03,24.12
CUST_02725,2025-05-03,4.61
CUST_04321,2025-05-03,30.23
CUST_00909,2025-05-03,7.52
CUST_02539,2025-05-03,16.42
CUST_03384,2025-05-03,40.3
CUST_03498,2025-05-03,127.28
CUST_01600,2025-05-03,19.07
CUST_02296,2025-05-03,77.47
CUST_01690,2025-05-03,21.33
CUST_03266,2025-05-03,56.21
CUST_01090,2025-05-03,6.39
CUST_04141,2025-05-03,158.98
CUST_03238,2025-05-04,104.31
CUST_02539,2025-05-04,36.25
CUST_03320,2025-05-04,48.58
CUST_02257,2025-05-04,58.76
CUST_00982,2025-05-04,4.3
CUST_00264,2025-05-04,42.23
CUST_03123,2025-05-04,9.86
CUST_00326,2025-05-04,42.21
CUST_02707,2025-05-04,9.43
CUST_02624,2025-05-04,72.29
CUST_04298,2025-05-04,14.55
CUST_04033,2025-05-04,24.38
CUST_03826,2025-05-04,85.93
CUST_01687,2025-05-04,83.85
CUST_00333,2025-05-04,7.32
CUST_03273,2025-05-04,15.91
CUST_02699,2025-05-04,36.09
CUST_02273,2025-05-04,19.87
CUST_01170,2025-05-04,13.93
CUST_02935,2025-05-04,58.54
CUST_02427,2025-05-04,16.47
CUST_04329,2025-05-04,73.88
CUST_00799,2025-05-05,20.31
CUST_01437,2025-05-05,15.18
CUST_04300,2025-05-05,4.76
CUST_01811,2025-05-05,18.7
CUST_02667,2025-05-05,12.2
CUST_03079,2025-05-05,12.66
CUST_01452,2025-05-05,58.62
CUST_04141,2025-05-05,18.16
CUST_02413,2025-05-05,27.94
CUST_04791,2025-05-05,32.71
CUST_01532,2025-05-05,19.02
CUST_04607,2025-05-05,15.1
CUST_02686,2025-05-05,89.41
CUST_01874,2025-05-05,36.67
CUST_02667,2025-05-05,9.58
CUST_00149,2025-05-05,16.67
CUST_02771,2025-05-05,9.54
CUST_00385,2025-05-05,72.11
CUST_00484,2025-05-05,6.38
CUST_04284,2025-05-05,30.83
CUST_02061,2025-05-05,108.26
CUST_04998,2025-05-05,24.13
CUST_01260,2025-05-05,11.0
CUST_03808,2025-05-05,62.84
CUST_03869,2025-05-05,51.67
CUST_04586,2025-05-06,13.25
CUST_02780,2025-05-06,18.9
CUST_00191,2025-05-06,3.73
CUST_01451,2025-05-06,55.31
CUST_02913,2025-05-06,1.02
CUST_03178,2025-05-06,18.81
CUST_00309,2025-05-06,38.67
CUST_00596,2025-05-06,14.84
CUST_02136,2025-05-06,34.85
CUST_00944,2025-05-06,12.59
CUST_02368,2025-05-06,7.12
CUST_02812,2025-05-06,26.52
CUST_00877,2025-05-06,19.77
CUST_03144,2025-05-06,23.0
CUST_00046,2025-05-06,24.05
CUST_04767,2025-05-07,34.37
CUST_03119,2025-05-07,30.47
CUST_03921,2025-05-07,14.54
CUST_02461,2025-05-07,16.17
CUST_04519,2025-05-07,52.45
CUST_03926,2025-05-07,4.48
CUST_03520,2025-05-07,13.37
CUST_00765,2025-05-07,37.5
CUST_02509,2025-05-07,15.64
CUST_00752,2025-05-07,267.57
CUST_01914,2025-05-07,18.4
CUST_00909,2025-05-07,14.77
CUST_02170,2025-05-07,8.1
CUST_01641,2025-05-07,5.78
CUST_04741,2025-05-07,7.59
CUST_00667,2025-05-07,4.56
CUST_04111,2025-05-07,7.49
CUST_00379,2025-05-07,31.0
CUST_00556,2025-05-07,37.92
CUST_00470,2025-05-08,26.21
CUST_01746,2025-05-08,134.88
CUST_01143,2025-05-08,11.24
CUST_02431,2025-05-08,12.79
CUST_03471,2025-05-08,4.38
CUST_03762,2025-05-08,172.53
CUST_00871,2025-05-08,16.33
CUST_00429,2025-05-08,3.94
CUST_00593,2025-05-08,25.01
CUST_03311,2025-05-08,13.88
CUST_00115,2025-05-08,11.46
CUST_02086,2025-05-08,83.35
CUST_04869,2025-05-08,23.74
CUST_02783,2025-05-08,35.24
CUST_02579,2025-05-08,3.06
CUST_00149,2025-05-08,2.92
CUST_03320,2025-05-08,48.55
CUST_02584,2025-05-08,25.99
CUST_04973,2025-05-08,111.42
CUST_00997,2025-05-09,24.92
CUST_01330,2025-05-09,8.03
CUST_02030,2025-05-09,13.96
CUST_04765,2025-05-09,14.95
CUST_00667,2025-05-09,26.66
CUST_03977,2025-05-09,4.72
CUST_00589,2025-05-09,1.42
CUST_00452,2025-05-09,6.22
CUST_03836,2025-05-09,5.97
CUST_03260,2025-05-09,10.23
CUST_04244,2025-05-09,5.68
CUST_02785,2025-05-09,16.77
CUST_01596,2025-05-09,1.92
CUST_03006,2025-05-09,26.62
CUST_02539,2025-05-09,25.45
CUST_03014,2025-05-09,14.79
CUST_01394,2025-05-09,1.04
CUST_02759,2025-05-09,29.88
CUST_02139,2025-05-09,53.05
CUST_03205,2025-05-09,13.72
CUST_02707,2025-05-09,10.08
CUST_00347,2025-05-10,14.6
CUST_03450,2025-05-10,5.89
CUST_01729,2025-05-10,8.54
CUST_04189,2025-05-10,33.72
CUST_02672,2025-05-10,22.88
CUST_04831,2025-05-10,2.79
CUST_02301,2025-05-10,15.19
CUST_01521,2025-05-10,68.69
CUST_03127,2025-05-10,40.72
CUST_00452,2025-05-10,32.13
CUST_00233,2025-05-10,23.03
CUST_03060,2025-05-10,14.58
CUST_01544,2025-05-10,7.58
CUST_04823,2025-05-10,25.3
CUST_01455,2025-05-10,69.46
CUST_01455,2025-05-10,9.98
CUST_04309,2025-05-10,4.12
CUST_04855,2025-05-10,17.51
CUST_00492,2025-05-10,4.09
CUST_03894,2025-05-10,6.02
CUST_04747,2025-05-11,4.35
CUST_00369,2025-05-11,7.36
CUST_01580,2025-05-11,27.0
CUST_03696,2025-05-11,57.41
CUST_02108,2025-05-11,23.4
CUST_04555,2025-05-11,85.19
CUST_02539,2025-05-11,40.86
CUST_00619,2025-05-11,39.65
CUST_04219,2025-05-11,22.83
CUST_01455,2025-05-11,30.59
CUST_03746,2025-05-11,16.3
CUST_02539,2025-05-11,18.4
CUST_04347,2025-05-11,38.82
CUST_02657,2025-05-11,4.48
CUST_00060,2025-05-11,23.26
CUST_02413,2025-05-11,34.59
CUST_01184,2025-05-11,58.89
CUST_01241,2025-05-11,5.3
CUST_00705,2025-05-11,114.47
CUST_02301,2025-05-11,16.77
CUST_00071,2025-05-11,181.87
CUST_03355,2025-05-11,51.42
CUST_03852,2025-05-11,31.49
CUST_02707,2025-05-12,48.47
CUST_01302,2025-05-12,36.1
CUST_01656,2025-05-12,19.09
CUST_04023,2025-05-12,41.59
CUST_03042,2025-05-12,13.19
CUST_02049,2025-05-12,4.1
CUST_01675,2025-05-12,22.47
CUST_02062,2025-05-12,42.97
CUST_03245,2025-05-12,29.79
CUST_00767,2025-05-12,12.71
CUST_01294,2025-05-12,6.55
CUST_04109,2025-05-12,21.92
CUST_04681,2025-05-12,68.77
CUST_04300,2025-05-12,20.84
CUST_00913,2025-05-12,62.01
CUST_02239,2025-05-12,8.33
CUST_04747,2025-05-12,105.65
CUST_03320,2025-05-12,24.06
CUST_04666,2025-05-12,23.22
CUST_04737,2025-05-12,26.69
CUST_04998,2025-05-12,31.94
CUST_03187,2025-05-12,9.56
CUST_01273,2025-05-13,26.13
CUST_02406,2025-05-13,21.64
CUST_03458,2025-05-13,32.41
CUST_02053,2025-05-13,3.34
CUST_01646,2025-05-13,244.47
CUST_02682,2025-05-13,13.57
CUST_01307,2025-05-13,4.34
CUST_01641,2025-05-13,18.48
CUST_04519,2025-05-13,63.36
CUST_03063,2025-05-13,23.7
CUST_03783,2025-05-13,12.36
CUST_02728,2025-05-13,47.61
CUST_03926,2025-05-13,41.21
CUST_01339,2025-05-13,4.45
CUST_04436,2025-05-13,23.53
CUST_02761,2025-05-13,10.72
CUST_01811,2025-05-13,12.21
CUST_02888,2025-05-13,3.65
CUST_02161,2025-05-13,85.35
CUST_02100,2025-05-13,7.36
CUST_04189,2025-05-13,29.1
CUST_00850,2025-05-13,8.03
CUST_01018,2025-05-13,23.76
CUST_00596,2025-05-13,38.88
CUST_00660,2025-05-13,7.52
CUST_02321,2025-05-14,36.1
CUST_03987,2025-05-14,65.91
CUST_03355,2025-05-14,1.09
CUST_04171,2025-05-14,64.37
CUST_00048,2025-05-14,12.42
CUST_03001,2025-05-14,19.24
CUST_04244,2025-05-14,43.44
CUST_02731,2025-05-14,15.61
CUST_01213,2025-05-14,36.58
CUST_01656,2025-05-14,8.01
CUST_03691,2025-05-14,10.91
CUST_03333,2025-05-14,22.53
CUST_04391,2025-05-14,46.92
CUST_01202,2025-05-14,9.29
CUST_03123,2025-05-14,54.36
CUST_01114,2025-05-14,17.53
CUST_02901,2025-05-14,7.71
CUST_00326,2025-05-14,5.99
CUST_04519,2025-05-14,26.62
CUST_02699,2025-05-14,4.95
CUST_03144,2025-05-14,9.98
CUST_04995,2025-05-14,24.8
CUST_01018,2025-05-14,9.45
CUST_02398,2025-05-15,4.1
CUST_03926,2025-05-15,60.89
CUST_01844,2025-05-15,63.52
CUST_02051,2025-05-15,11.21
CUST_04588,2025-05-15,45.39
CUST_01040,2025-05-15,14.98
CUST_00251,2025-05-15,16.72
CUST_01809,2025-05-15,2.99
CUST_04740,2025-05-15,84.5
CUST_01909,2025-05-15,10.31
CUST_04741,2025-05-15,7.38
CUST_00951,2025-05-15,76.98
CUST_01861,2025-05-15,10.68
CUST_03182,2025-05-15,4.99
CUST_02413,2025-05-15,60.27
CUST_04321,2025-05-15,53.93
CUST_04483,2025-05-15,39.06
CUST_04993,2025-05-15,11.49
CUST_03919,2025-05-15,99.09
CUST_01578,2025-05-15,10.8
CUST_00149,2025-05-15,17.26
CUST_02610,2025-05-15,5.84
CUST_04333,2025-05-16,128.91
CUST_01599,2025-05-16,10.38
CUST_02284,2025-05-16,19.98
CUST_00190,2025-05-16,28.68
CUST_02254,2025-05-16,16.8
CUST_03602,2025-05-16,69.54
CUST_01003,2025-05-16,121.21
CUST_01558,2025-05-16,25.27
CUST_02938,2025-05-16,9.89
CUST_02420,2025-05-16,15.81
CUST_04086,2025-05-16,70.55
CUST_00542,2025-05-16,32.3
CUST_02789,2025-05-16,31.03
CUST_02961,2025-05-16,18.43
CUST_04622,2025-05-16,71.67
CUST_00704,2025-05-16,25.86
CUST_00801,2025-05-16,14.34
CUST_04745,2025-05-16,5.5
CUST_02024,2025-05-16,19.33
CUST_02302,2025-05-16,5.48
CUST_04321,2025-05-16,57.16
CUST_00290,2025-05-17,19.52
CUST_01240,2025-05-17,11.99
CUST_02433,2025-05-17,29.58
CUST_00271,2025-05-17,77.56
CUST_01348,2025-05-17,14.22
CUST_00402,2025-05-17,13.59
CUST_02351,2025-05-17,8.35
CUST_02718,2025-05-17,40.31
CUST_02124,2025-05-17,53.74
CUST_03892,2025-05-17,72.32
CUST_04519,2025-05-17,13.51
CUST_00275,2025-05-17,18.63
CUST_02451,2025-05-17,28.34
CUST_00016,2025-05-17,19.22
CUST_02791,2025-05-17,3.64
CUST_00212,2025-05-17,13.81
CUST_03688,2025-05-17,24.51
CUST_04884,2025-05-17,7.43
CUST_03456,2025-05-17,17.31
CUST_04189,2025-05-17,17.0
CUST_00466,2025-05-17,12.97
CUST_02398,2025-05-18,3.1
CUST_01771,2025-05-18,84.19
CUST_03875,2025-05-18,29.93
CUST_03320,2025-05-18,26.15
CUST_03320,2025-05-18,23.14
CUST_01067,2025-05-18,81.89
CUST_02707,2025-05-18,22.67
CUST_00417,2025-05-18,16.64
CUST_04519,2025-05-18,13.8
CUST_00452,2025-05-18,28.11
CUST_01095,2025-05-18,21.06
CUST_02757,2025-05-18,12.98
CUST_01100,2025-05-18,47.39
CUST_00175,2025-05-18,58.5
CUST_04389,2025-05-18,41.88
CUST_03316,2025-05-18,22.1
CUST_00239,2025-05-18,111.04
CUST_04199,2025-05-18,16.97
CUST_02775,2025-05-19,20.74
CUST_02901,2025-05-19,29.51
CUST_04300,2025-05-19,3.94
CUST_02427,2025-05-19,26.04
CUST_03687,2025-05-19,17.19
CUST_04972,2025-05-19,8.88
CUST_03719,2025-05-19,60.49
CUST_01703,2025-05-19,19.81
CUST_01260,2025-05-19,3.7
CUST_01379,2025-05-19,11.52
CUST_04735,2025-05-19,108.48
CUST_01293,2025-05-19,10.56
CUST_03668,2025-05-19,30.27
CUST_02699,2025-05-19,40.71
CUST_03006,2025-05-19,4.51
CUST_03808,2025-05-19,22.81
CUST_02707,2025-05-19,23.79
CUST_00730,2025-05-19,67.15
CUST_03199,2025-05-19,8.29
CUST_04088,2025-05-19,65.13
CUST_02234,2025-05-19,17.15
CUST_02672,2025-05-19,10.35
CUST_03673,2025-05-19,14.97
CUST_04855,2025-05-19,3.17
CUST_00750,2025-05-20,28.22
CUST_02125,2025-05-20,99.1
CUST_00440,2025-05-20,8.33
CUST_04001,2025-05-20,16.59
CUST_03813,2025-05-20,15.14
CUST_02295,2025-05-20,14.15
CUST_01668,2025-05-20,34.03
CUST_03447,2025-05-20,82.25
CUST_00480,2025-05-20,12.16
CUST_03025,2025-05-20,57.39
CUST_04678,2025-05-20,6.66
CUST_04873,2025-05-20,6.87
CUST_04855,2025-05-20,39.01
CUST_00704,2025-05-20,25.64
CUST_04189,2025-05-20,13.41
CUST_00954,2025-05-20,18.23
CUST_04448,2025-05-20,3.47
CUST_01260,2025-05-20,28.74
CUST_01594,2025-05-20,15.67
CUST_04244,2025-05-20,22.84
CUST_04747,2025-05-20,5.55
CUST_04252,2025-05-20,8.43
CUST_02883,2025-05-20,3.91
CUST_00362,2025-05-20,4.88
CUST_02728,2025-05-20,30.47
CUST_03215,2025-05-21,7.82
CUST_04300,2025-05-21,117.83
CUST_03987,2025-05-21,14.59
CUST_01377,2025-05-21,16.89
CUST_01347,2025-05-21,9.03
CUST_02628,2025-05-21,8.47
CUST_02239,2025-05-21,33.8
CUST_03821,2025-05-21,106.24
CUST_00404,2025-05-21,49.31
CUST_04727,2025-05-21,2.36
CUST_04023,2025-05-21,38.18
CUST_01844,2025-05-21,11.75
CUST_00268,2025-05-21,7.97
CUST_01786,2025-05-21,25.49
CUST_03608,2025-05-21,64.61
CUST_04927,2025-05-21,6.34
CUST_01195,2025-05-21,95.83
CUST_02611,2025-05-21,10.14
CUST_04242,2025-05-21,12.83
CUST_00357,2025-05-22,2.45
CUST_03436,2025-05-22,18.34
CUST_01532,2025-05-22,17.18
CUST_00006,2025-05-22,13.84
CUST_03580,2025-05-22,20.64
CUST_02242,2025-05-22,41.86
CUST_02355,2025-05-22,15.25
CUST_04825,2025-05-22,16.73
CUST_00323,2025-05-22,24.0
CUST_03146,2025-05-22,16.98
CUST_00909,2025-05-22,35.33
CUST_00767,2025-05-22,17.53
CUST_03029,2025-05-22,96.13
CUST_03311,2025-05-22,28.5
CUST_01137,2025-05-22,3.39
CUST_00806,2025-05-22,15.21
CUST_03783,2025-05-22,9.57
CUST_01826,2025-05-22,6.07
CUST_01921,2025-05-22,16.22
CUST_03303,2025-05-22,37.9
CUST_03668,2025-05-23,63.49
CUST_00753,2025-05-23,65.28
CUST_04727,2025-05-23,14.48
CUST_01296,2025-05-23,2.43
CUST_03525,2025-05-23,15.4
CUST_02154,2025-05-23,14.56
CUST_04706,2025-05-23,54.54
CUST_03935,2025-05-23,17.66
CUST_01477,2025-05-23,20.07
CUST_04941,2025-05-23,28.39
CUST_02047,2025-05-23,25.6
CUST_00668,2025-05-23,28.96
CUST_02239,2025-05-23,8.23
CUST_03817,2025-05-23,26.25
CUST_03331,2025-05-23,11.18
CUST_01018,2025-05-23,5.34
CUST_02573,2025-05-23,14.44
CUST_02011,2025-05-23,8.63
CUST_00637,2025-05-23,9.45
CUST_03239,2025-05-23,31.3
CUST_01105,2025-05-23,6.72
CUST_03006,2025-05-23,20.52
CUST_02583,2025-05-23,8.37
CUST_01015,2025-05-23,16.72
CUST_02047,2025-05-24,32.93
CUST_01946,2025-05-24,9.35
CUST_02413,2025-05-24,44.41
CUST_03195,2025-05-24,8.89
CUST_00961,2025-05-24,22.87
CUST_03276,2025-05-24,17.23
CUST_02124,2025-05-24,20.11
CUST_04020,2025-05-24,11.44
CUST_02611,2025-05-24,40.71
CUST_02111,2025-05-24,42.92
CUST_01585,2025-05-24,15.94
CUST_02699,2025-05-24,6.51
CUST_03148,2025-05-24,5.48
CUST_04027,2025-05-24,28.63
CUST_02732,2025-05-24,20.43
CUST_04677,2025-05-24,11.69
CUST_01140,2025-05-24,17.6
CUST_02686,2025-05-24,12.35
CUST_02413,2025-05-24,12.24
CUST_00624,2025-05-24,18.71
CUST_04088,2025-05-24,64.65
CUST_00216,2025-05-25,69.47
CUST_03990,2025-05-25,21.25
CUST_02302,2025-05-25,6.17
CUST_01308,2025-05-25,93.38
CUST_02794,2025-05-25,16.97
CUST_02569,2025-05-25,49.18
CUST_02804,2025-05-25,5.51
CUST_03003,2025-05-25,8.22
CUST_04887,2025-05-25,9.12
CUST_02811,2025-05-25,12.99
CUST_02628,2025-05-25,13.35
CUST_04666,2025-05-25,4.29
CUST_03320,2025-05-25,7.85
CUST_02757,2025-05-25,17.0
CUST_02380,2025-05-25,76.48
CUST_02077,2025-05-25,14.82
CUST_01945,2025-05-25,21.73
CUST_01905,2025-05-25,6.03
CUST_01949,2025-05-25,21.74
CUST_04300,2025-05-25,188.48
CUST_04300,2025-05-25,4.05
CUST_02506,2025-05-26,23.21
CUST_02006,2025-05-26,24.95
CUST_01656,2025-05-26,3.07
CUST_01430,2025-05-26,35.69
CUST_01155,2025-05-26,7.8
CUST_04300,2025-05-26,25.82
CUST_04673,2025-05-26,37.75
CUST_01223,2025-05-26,42.86
CUST_00262,2025-05-26,21.49
CUST_03440,2025-05-26,9.73
CUST_04597,2025-05-26,8.41
CUST_04671,2025-05-26,50.02
CUST_02024,2025-05-26,12.06
CUST_00560,2025-05-26,28.43
CUST_04620,2025-05-26,55.91
CUST_00523,2025-05-26,7.83
CUST_00355,2025-05-26,1.07
CUST_03783,2025-05-26,56.88
CUST_04458,2025-05-26,17.56
CUST_03668,2025-05-26,31.7
CUST_03668,2025-05-26,30.83
CUST_04408,2025-05-26,15.26
CUST_03467,2025-05-26,5.37
CUST_00733,2025-05-26,6.82
CUST_03102,2025-05-26,9.81
CUST_02156,2025-05-26,142.97
CUST_02863,2025-05-26,9.08
CUST_00665,2025-05-26,22.34
CUST_02413,2025-05-27,64.27
CUST_04088,2025-05-27,29.73
CUST_01017,2025-05-27,21.84
CUST_02649,2025-05-27,3.93
CUST_04556,2025-05-27,106.33
CUST_03197,2025-05-27,7.65
CUST_02239,2025-05-27,17.3
CUST_00948,2025-05-27,34.92
CUST_03466,2025-05-27,22.06
CUST_03793,2025-05-27,18.96
CUST_00612,2025-05-27,51.89
CUST_02889,2025-05-27,13.85
CUST_02461,2025-05-27,12.18
CUST_04321,2025-05-27,12.46
CUST_00699,2025-05-27,17.06
CUST_04189,2025-05-27,61.71
CUST_03305,2025-05-27,83.64
CUST_02222,2025-05-27,3.45
CUST_00375,2025-05-27,14.8
CUST_03098,2025-05-27,58.09
CUST_00510,2025-05-27,15.81
CUST_00541,2025-05-27,139.08
CUST_03935,2025-05-27,74.71
CUST_03686,2025-05-27,2.8
CUST_04672,2025-05-27,21.47
CUST_04739,2025-05-28,5.41
CUST_04012,2025-05-28,13.77
CUST_00372,2025-05-28,10.02
CUST_02089,2025-05-28,120.68
CUST_00326,2025-05-28,4.93
CUST_03665,2025-05-28,8.53
CUST_01124,2025-05-28,157.52
CUST_01394,2025-05-28,75.76
CUST_04976,2025-05-28,28.07
CUST_00402,2025-05-28,27.16
CUST_04720,2025-05-28,6.92
CUST_04520,2025-05-28,3.75
CUST_01384,2025-05-28,5.86
CUST_02539,2025-05-28,4.82
CUST_03102,2025-05-28,76.43
CUST_04603,2025-05-28,65.91
CUST_03412,2025-05-28,6.31
CUST_04231,2025-05-28,32.46
CUST_04365,2025-05-28,19.06
CUST_00417,2025-05-28,30.88
CUST_01510,2025-05-28,104.62
CUST_02687,2025-05-28,14.28
CUST_01844,2025-05-28,33.43
CUST_02383,2025-05-29,29.2
CUST_02291,2025-05-29,59.12
CUST_02834,2025-05-29,50.92
CUST_03783,2025-05-29,20.67
CUST_04458,2025-05-29,87.76
CUST_00462,2025-05-29,46.96
CUST_03984,2025-05-29,15.48
CUST_04454,2025-05-29,13.71
CUST_00951,2025-05-29,8.41
CUST_01730,2025-05-29,42.19
CUST_04244,2025-05-29,12.74
CUST_03724,2025-05-29,14.06
CUST_03099,2025-05-29,8.41
CUST_01253,2025-05-29,20.24
CUST_02579,2025-05-29,20.98
CUST_04689,2025-05-29,6.01
CUST_04281,2025-05-29,9.67
CUST_01079,2025-05-29,39.77
CUST_04543,2025-05-29,27.89
CUST_02647,2025-05-29,8.59
CUST_02003,2025-05-29,46.54
CUST_03253,2025-05-29,10.44
CUST_04787,2025-05-29,4.96
CUST_04591,2025-05-29,2.65
CUST_01829,2025-05-29,168.59
CUST_00597,2025-05-29,104.27
CUST_04281,2025-05-29,5.0
CUST_04140,2025-05-29,35.38
CUST_04798,2025-05-29,17.59
CUST_04288,2025-05-30,75.37
CUST_02686,2025-05-30,40.15
CUST_04731,2025-05-30,23.04
CUST_02413,2025-05-30,116.76
CUST_02513,2025-05-30,2.76
CUST_01995,2025-05-30,105.79
CUST_03885,2025-05-30,16.77
CUST_02188,2025-05-30,46.19
CUST_01230,2025-05-30,13.21
CUST_02599,2025-05-30,61.08
CUST_01136,2025-05-30,17.61
CUST_02156,2025-05-30,27.49
CUST_00733,2025-05-30,16.02
CUST_03365,2025-05-30,22.59
CUST_01894,2025-05-30,27.12
CUST_01658,2025-05-30,19.76
CUST_04519,2025-05-30,13.53
CUST_00044,2025-05-30,8.61
CUST_01580,2025-05-30,9.15
CUST_01905,2025-05-31,75.69
CUST_01656,2025-05-31,23.97
CUST_04953,2025-05-31,6.19
CUST_03793,2025-05-31,17.49
CUST_03702,2025-05-31,91.98
CUST_03382,2025-05-31,24.65
CUST_02412,2025-05-31,6.45
CUST_02466,2025-05-31,38.66
CUST_01195,2025-05-31,14.13
CUST_04281,2025-05-31,34.83
CUST_01241,2025-05-31,17.17
CUST_04919,2025-05-31,16.15
CUST_02703,2025-05-31,15.72
CUST_02794,2025-05-31,17.45
CUST_01572,2025-05-31,3.65
CUST_01566,2025-05-31,33.33
CUST_04593,2025-05-31,5.08
CUST_02560,2025-05-31,120.77
CUST_03313,2025-05-31,12.55
CUST_03855,2025-05-31,15.94
CUST_01847,2025-05-31,9.97
CUST_00659,2025-05-31,12.77
CUST_00879,2025-05-31,10.31
CUST_00882,2025-05-31,6.87
CUST_01392,2025-05-31,93.96
CUST_02659,2025-05-31,5.48
CUST_02991,2025-05-31,27.38
CUST_01106,2025-06-01,7.59
CUST_01326,2025-06-01,14.35
CUST_04117,2025-06-01,10.41
CUST_04483,2025-06-01,45.51
CUST_04935,2025-06-01,12.26
CUST_00644,2025-06-01,23.76
CUST_00176,2025-06-01,96.72
CUST_02442,2025-06-01,18.99
CUST_01018,2025-06-01,31.92
CUST_00807,2025-06-01,66.64
CUST_00809,2025-06-01,31.7
CUST_03130,2025-06-01,13.13
CUST_00076,2025-06-01,42.85
CUST_00190,2025-06-01,21.25
CUST_04083,2025-06-01,13.54
CUST_01260,2025-06-01,138.29
CUST_03300,2025-06-01,5.26
CUST_02539,2025-06-01,16.8
CUST_01777,2025-06-01,11.73
CUST_02994,2025-06-01,23.52
CUST_01611,2025-06-01,32.01
CUST_01995,2025-06-01,16.86
CUST_04910,2025-06-01,117.64
CUST_01025,2025-06-02,7.58
CUST_02696,2025-06-02,173.96
CUST_04603,2025-06-02,31.95
CUST_00264,2025-06-02,9.89
CUST_00499,2025-06-02,39.58
CUST_02272,2025-06-02,25.16
CUST_00183,2025-06-02,10.33
CUST_04281,2025-06-02,1.07
CUST_02041,2025-06-02,15.66
CUST_04280,2025-06-02,29.6
CUST_02703,2025-06-02,24.39
CUST_01250,2025-06-02,3.87
CUST_01930,2025-06-02,54.21
CUST_04141,2025-06-02,20.62
CUST_01217,2025-06-02,2.98
CUST_04702,2025-06-02,12.15
CUST_02530,2025-06-02,24.66
CUST_03456,2025-06-02,13.09
CUST_02504,2025-06-02,34.96
CUST_04260,2025-06-02,22.23
CUST_02891,2025-06-02,81.1
CUST_01675,2025-06-02,27.37
CUST_04953,2025-06-02,116.3
CUST_01142,2025-06-03,6.21
CUST_00063,2025-06-03,53.72
CUST_04855,2025-06-03,11.12
CUST_01094,2025-06-03,30.76
CUST_00951,2025-06-03,10.15
CUST_04486,2025-06-03,14.53
CUST_01175,2025-06-03,36.83
CUST_04905,2025-06-03,9.08
CUST_01339,2025-06-03,7.34
CUST_04519,2025-06-03,12.92
CUST_04456,2025-06-03,6.82
CUST_04870,2025-06-03,23.88
CUST_05000,2025-06-03,207.17
CUST_01993,2025-06-03,17.98
CUST_02719,2025-06-03,41.0
CUST_03630,2025-06-03,13.47
CUST_02908,2025-06-03,8.87
CUST_02980,2025-06-03,29.37
CUST_03668,2025-06-03,16.92
CUST_02699,2025-06-03,25.75
CUST_02982,2025-06-03,4.93
CUST_03489,2025-06-03,68.31
CUST_02368,2025-06-03,8.11
CUST_02024,2025-06-03,20.59
CUST_02686,2025-06-04,8.82
CUST_03355,2025-06-04,13.02
CUST_01415,2025-06-04,11.61
CUST_04737,2025-06-04,8.56
CUST_03320,2025-06-04,52.48
CUST_02389,2025-06-04,25.08
CUST_00796,2025-06-04,100.05
CUST_03881,2025-06-04,17.48
CUST_04017,2025-06-04,28.83
CUST_03631,2025-06-04,242.13
CUST_00311,2025-06-04,3.59
CUST_00333,2025-06-04,251.33
CUST_04300,2025-06-04,2.82
CUST_01532,2025-06-04,11.63
CUST_02512,2025-06-04,7.95
CUST_03001,2025-06-04,6.33
CUST_04732,2025-06-04,16.45
CUST_02413,2025-06-04,6.65
CUST_03685,2025-06-04,13.55
CUST_00965,2025-06-04,4.2
CUST_04711,2025-06-04,8.2
CUST_01656,2025-06-04,210.68
CUST_04152,2025-06-04,3.61
CUST_04098,2025-06-04,13.88
CUST_01763,2025-06-04,49.45
CUST_04653,2025-06-05,5.41
CUST_00596,2025-06-05,17.59
CUST_04331,2025-06-05,29.95
CUST_02529,2025-06-05,81.79
CUST_04884,2025-06-05,7.52
CUST_02529,2025-06-05,14.44
CUST_00333,2025-06-05,27.53
CUST_03668,2025-06-05,38.46
CUST_00781,2025-06-05,23.94
CUST_01088,2025-06-05,62.0
CUST_04555,2025-06-05,23.3
CUST_01656,2025-06-05,71.58
CUST_03543,2025-06-05,25.91
CUST_04018,2025-06-05,119.71
CUST_01288,2025-06-05,23.92
CUST_04120,2025-06-05,38.54
CUST_02787,2025-06-05,18.98
CUST_03454,2025-06-05,10.13
CUST_02525,2025-06-05,33.75
CUST_03377,2025-06-05,18.52
CUST_00081,2025-06-05,18.61
CUST_01430,2025-06-05,32.79
CUST_04276,2025-06-05,5.08
CUST_04281,2025-06-05,9.7
CUST_03245,2025-06-05,10.79
CUST_04775,2025-06-06,44.37
CUST_03688,2025-06-06,23.71
CUST_03514,2025-06-06,3.45
CUST_04018,2025-06-06,17.75
CUST_03320,2025-06-06,21.65
CUST_04689,2025-06-06,5.61
CUST_04731,2025-06-06,5.74
CUST_00491,2025-06-06,38.53
CUST_02757,2025-06-06,24.89
CUST_01213,2025-06-06,58.01
CUST_03054,2025-06-06,5.16
CUST_02623,2025-06-06,18.3
CUST_02238,2025-06-06,18.44
CUST_03869,2025-06-06,22.77
CUST_04067,2025-06-06,11.93
CUST_00247,2025-06-06,15.37
CUST_03395,2025-06-06,7.29
CUST_04232,2025-06-06,119.7
CUST_02590,2025-06-06,8.45
CUST_01097,2025-06-06,23.28
CUST_04483,2025-06-06,50.3
CUST_04855,2025-06-06,42.4
CUST_03568,2025-06-06,13.33
CUST_01567,2025-06-07,11.37
CUST_04189,2025-06-07,5.5
CUST_00160,2025-06-07,38.74
CUST_00271,2025-06-07,4.34
CUST_04001,2025-06-07,27.76
CUST_01754,2025-06-07,3.68
CUST_04901,2025-06-07,2.51
CUST_04096,2025-06-07,2.64
CUST_01463,2025-06-07,234.39
CUST_04281,2025-06-07,144.5
CUST_01455,2025-06-07,5.26
CUST_00767,2025-06-07,70.73
CUST_03346,2025-06-07,9.29
CUST_03327,2025-06-07,2.46
CUST_03063,2025-06-07,18.46
CUST_01407,2025-06-07,27.24
CUST_01877,2025-06-07,60.76
CUST_00312,2025-06-07,96.99
CUST_04577,2025-06-07,13.24
CUST_00326,2025-06-07,62.74
CUST_02349,2025-06-08,41.36
CUST_01283,2025-06-08,45.26
CUST_02529,2025-06-08,8.5
CUST_02832,2025-06-08,109.51
CUST_03816,2025-06-08,45.83
CUST_04211,2025-06-08,9.46
CUST_01721,2025-06-08,9.03
CUST_04958,2025-06-08,41.97
CUST_00576,2025-06-08,56.47
CUST_02820,2025-06-08,12.47
CUST_02125,2025-06-08,25.67
CUST_02748,2025-06-08,12.76
CUST_03916,2025-06-08,29.82
CUST_00385,2025-06-08,5.77
CUST_04109,2025-06-08,2.21
CUST_04187,2025-06-08,13.66
CUST_00421,2025-06-08,25.67
CUST_01703,2025-06-08,11.4
CUST_02301,2025-06-08,21.28
CUST_03001,2025-06-08,23.8
CUST_01594,2025-06-08,1.79
CUST_03552,2025-06-09,86.55
CUST_00814,2025-06-09,11.93
CUST_00975,2025-06-09,24.2
CUST_01390,2025-06-09,32.49
CUST_03575,2025-06-09,25.64
CUST_04092,2025-06-09,62.95
CUST_03001,2025-06-09,16.54
CUST_02966,2025-06-09,10.58
CUST_00346,2025-06-09,29.72
CUST_02234,2025-06-09,9.26
CUST_00561,2025-06-09,8.28
CUST_00385,2025-06-09,187.5
CUST_02714,2025-06-09,34.24
CUST_02120,2025-06-10,2.67
CUST_02413,2025-06-10,30.22
CUST_03408,2025-06-10,9.99
CUST_03019,2025-06-10,27.4
CUST_03214,2025-06-10,24.1
CUST_03030,2025-06-10,16.93
CUST_02275,2025-06-10,55.99
CUST_03520,2025-06-10,44.47
CUST_03885,2025-06-10,33.59
CUST_01267,2025-06-10,67.48
CUST_01559,2025-06-10,4.89
CUST_02672,2025-06-10,18.83
CUST_02806,2025-06-10,10.94
CUST_04005,2025-06-10,7.38
CUST_00206,2025-06-11,37.69
CUST_01287,2025-06-11,18.22
CUST_04798,2025-06-11,12.83
CUST_03840,2025-06-11,4.4
CUST_02006,2025-06-11,35.68
CUST_04167,2025-06-11,8.04
CUST_01264,2025-06-11,16.16
CUST_03824,2025-06-11,5.93
CUST_02413,2025-06-11,7.68
CUST_04795,2025-06-11,2.27
CUST_00150,2025-06-11,10.68
CUST_03739,2025-06-11,14.32
CUST_03724,2025-06-11,12.71
CUST_03327,2025-06-11,15.57
CUST_01644,2025-06-11,3.68
CUST_04128,2025-06-11,23.89
CUST_04128,2025-06-11,68.4
CUST_04729,2025-06-11,3.95
CUST_02638,2025-06-11,16.64
CUST_04244,2025-06-11,6.65
CUST_02539,2025-06-11,7.78
CUST_04651,2025-06-11,10.2
CUST_01906,2025-06-11,18.99
CUST_03182,2025-06-11,68.36
CUST_04018,2025-06-11,9.62
CUST_04593,2025-06-11,21.05
CUST_01220,2025-06-12,70.22
CUST_00574,2025-06-12,36.97
CUST_03543,2025-06-12,3.46
CUST_03245,2025-06-12,17.04
CUST_01472,2025-06-12,22.51
CUST_02532,2025-06-12,11.36
CUST_01411,2025-06-12,181.24
CUST_03988,2025-06-12,1.8
CUST_00979,2025-06-12,26.72
CUST_03564,2025-06-12,14.3
CUST_04009,2025-06-12,11.7
CUST_04822,2025-06-12,19.68
CUST_01656,2025-06-12,61.35
CUST_01163,2025-06-12,7.38
CUST_04877,2025-06-12,6.9
CUST_04292,2025-06-12,2.72
CUST_01905,2025-06-12,54.89
CUST_04164,2025-06-12,14.31
CUST_02100,2025-06-12,73.76
CUST_01846,2025-06-12,111.42
CUST_02884,2025-06-12,10.44
CUST_03385,2025-06-12,18.9
CUST_03668,2025-06-12,8.09
CUST_04795,2025-06-13,18.71
CUST_00628,2025-06-13,54.33
CUST_01412,2025-06-13,56.32
CUST_00693,2025-06-13,10.79
CUST_04798,2025-06-13,34.0
CUST_03827,2025-06-13,7.45
CUST_04117,2025-06-13,46.54
CUST_04499,2025-06-13,43.85
CUST_01924,2025-06-13,105.51
CUST_02251,2025-06-13,4.65
CUST_01430,2025-06-13,19.92
CUST_03019,2025-06-13,94.99
CUST_04408,2025-06-13,3.4
CUST_01271,2025-06-13,6.43
CUST_00185,2025-06-13,17.5
CUST_02699,2025-06-13,61.22
CUST_03691,2025-06-13,44.13
CUST_01295,2025-06-13,9.51
CUST_04940,2025-06-13,99.3
CUST_04747,2025-06-13,6.0
CUST_04899,2025-06-13,17.45
CUST_02705,2025-06-13,65.54
CUST_00143,2025-06-13,31.22
CUST_03668,2025-06-13,15.97
CUST_03668,2025-06-13,22.74
CUST_01281,2025-06-13,21.98
CUST_04141,2025-06-14,29.67
CUST_03869,2025-06-14,16.9
CUST_00591,2025-06-14,18.83
CUST_03524,2025-06-14,64.93
CUST_03573,2025-06-14,2.11
CUST_02239,2025-06-14,111.72
CUST_00773,2025-06-14,49.19
CUST_04488,2025-06-14,109.25
CUST_00533,2025-06-14,180.61
CUST_03699,2025-06-14,50.23
CUST_02413,2025-06-14,28.76
CUST_03277,2025-06-14,2.05
CUST_04247,2025-06-14,5.27
CUST_01397,2025-06-14,22.04
CUST_04575,2025-06-14,16.97
CUST_03327,2025-06-14,40.25
CUST_00411,2025-06-14,31.02
CUST_01543,2025-06-14,7.08
CUST_02162,2025-06-14,19.89
CUST_00627,2025-06-14,46.34
CUST_01049,2025-06-14,22.45
CUST_04999,2025-06-14,3.93
CUST_02413,2025-06-14,7.36
CUST_04587,2025-06-14,41.98
CUST_01793,2025-06-15,5.85
CUST_02413,2025-06-15,21.7
CUST_00768,2025-06-15,10.08
CUST_02024,2025-06-15,8.58
CUST_04220,2025-06-15,11.85
CUST_04689,2025-06-15,5.37
CUST_01918,2025-06-15,7.48
CUST_03505,2025-06-15,5.77
CUST_04281,2025-06-15,16.21
CUST_02207,2025-06-15,17.77
CUST_04885,2025-06-15,282.47
CUST_00991,2025-06-15,95.48
CUST_02606,2025-06-15,25.24
CUST_03276,2025-06-15,23.38
CUST_03701,2025-06-15,7.88
CUST_04762,2025-06-15,41.69
CUST_02435,2025-06-15,37.83
CUST_04798,2025-06-15,72.05
CUST_04171,2025-06-15,26.81
CUST_03261,2025-06-15,5.6
CUST_01859,2025-06-15,9.48
CUST_00148,2025-06-15,105.4
CUST_04300,2025-06-15,40.88
CUST_01576,2025-06-16,76.61
CUST_02725,2025-06-16,14.92
CUST_00333,2025-06-16,22.55
CUST_02529,2025-06-16,125.04
CUST_00712,2025-06-16,19.32
CUST_01260,2025-06-16,19.03
CUST_02757,2025-06-16,27.6
CUST_04369,2025-06-16,18.26
CUST_04519,2025-06-16,14.1
CUST_00271,2025-06-16,22.13
CUST_00934,2025-06-16,9.09
CUST_03712,2025-06-16,13.96
CUST_03547,2025-06-16,13.55
CUST_01656,2025-06-16,25.68
CUST_04947,2025-06-16,23.68
CUST_03393,2025-06-16,10.21
CUST_04885,2025-06-16,22.57
CUST_00002,2025-06-16,64.78
CUST_04744,2025-06-17,81.35
CUST_02653,2025-06-17,13.16
CUST_00167,2025-06-17,7.41
CUST_03385,2025-06-17,69.86
CUST_01391,2025-06-17,5.87
CUST_01269,2025-06-17,46.29
CUST_03760,2025-06-17,40.12
CUST_03153,2025-06-17,120.67
CUST_04580,2025-06-17,16.65
CUST_02966,2025-06-17,10.64
CUST_02826,2025-06-17,26.11
CUST_01097,2025-06-17,7.88
CUST_04281,2025-06-17,9.27
CUST_03539,2025-06-18,3.35
CUST_00469,2025-06-18,15.01
CUST_04835,2025-06-18,22.48
CUST_02263,2025-06-18,86.82
CUST_04141,2025-06-18,6.77
CUST_01422,2025-06-18,9.41
CUST_00249,2025-06-18,6.67
CUST_02721,2025-06-18,4.27
CUST_00247,2025-06-18,11.3
CUST_00072,2025-06-18,13.89
CUST_03001,2025-06-18,13.5
CUST_01303,2025-06-18,151.59
CUST_00161,2025-06-18,1.0
CUST_03063,2025-06-18,16.78
CUST_03882,2025-06-18,6.11
CUST_00707,2025-06-18,8.91
CUST_03994,2025-06-18,2.65
CUST_03431,2025-06-18,31.34
CUST_03113,2025-06-18,44.75
CUST_00037,2025-06-18,51.74
CUST_02375,2025-06-18,4.04
CUST_03320,2025-06-18,6.03
CUST_00894,2025-06-18,18.55
CUST_02932,2025-06-19,57.84
CUST_02539,2025-06-19,12.63
CUST_00706,2025-06-19,66.31
CUST_02992,2025-06-19,146.91
CUST_02916,2025-06-19,3.69
CUST_01639,2025-06-19,7.57
CUST_00252,2025-06-19,14.21
CUST_04260,2025-06-19,10.45
CUST_04117,2025-06-19,21.38
CUST_00267,2025-06-19,8.07
CUST_04916,2025-06-19,10.45
CUST_01605,2025-06-19,32.28
CUST_04142,2025-06-19,18.11
CUST_04998,2025-06-19,5.15
CUST_04300,2025-06-19,51.6
CUST_01358,2025-06-19,35.59
CUST_02011,2025-06-19,16.68
CUST_00765,2025-06-19,10.92
CUST_02619,2025-06-19,71.41
CUST_03988,2025-06-19,19.63
CUST_04831,2025-06-20,39.84
CUST_04285,2025-06-20,3.07
CUST_04986,2025-06-20,11.91
CUST_04098,2025-06-20,1.1
CUST_02353,2025-06-20,31.59
CUST_00877,2025-06-20,114.84
CUST_01444,2025-06-20,12.18
CUST_02529,2025-06-20,29.04
CUST_01675,2025-06-20,49.97
CUST_00850,2025-06-20,4.22
CUST_00333,2025-06-20,50.38
CUST_02033,2025-06-20,22.74
CUST_02966,2025-06-20,43.98
CUST_03320,2025-06-20,66.1
CUST_01431,2025-06-20,7.77
CUST_01051,2025-06-20,11.36
CUST_04689,2025-06-20,20.32
CUST_01123,2025-06-20,9.83
CUST_02913,2025-06-20,138.91
CUST_03449,2025-06-20,67.37
CUST_04397,2025-06-20,16.83
CUST_03614,2025-06-20,1.63
CUST_04731,2025-06-20,5.86
CUST_04521,2025-06-20,4.93
CUST_04023,2025-06-21,41.71
CUST_04652,2025-06-21,16.01
CUST_01272,2025-06-21,89.79
CUST_00148,2025-06-21,18.81
CUST_00898,2025-06-21,11.44
CUST_00145,2025-06-21,13.3
CUST_04692,2025-06-21,31.46
CUST_03669,2025-06-21,20.24
CUST_03283,2025-06-21,10.39
CUST_01264,2025-06-21,7.36
CUST_02539,2025-06-21,21.9
CUST_02855,2025-06-21,21.62
CUST_02554,2025-06-21,14.85
CUST_02220,2025-06-21,51.28
CUST_01842,2025-06-21,10.48
CUST_01056,2025-06-21,1.16
CUST_04165,2025-06-21,13.81
CUST_00591,2025-06-21,5.16
CUST_04473,2025-06-21,33.72
CUST_04164,2025-06-21,6.16
CUST_03549,2025-06-21,77.65
CUST_04161,2025-06-21,94.17
CUST_02263,2025-06-21,49.0
CUST_02849,2025-06-21,7.53
CUST_03143,2025-06-22,9.17
CUST_01305,2025-06-22,2.18
CUST_03783,2025-06-22,20.27
CUST_00552,2025-06-22,51.27
CUST_00402,2025-06-22,1.52
CUST_04189,2025-06-22,88.89
CUST_02672,2025-06-22,2.95
CUST_00981,2025-06-22,156.08
CUST_03776,2025-06-22,33.0
CUST_00702,2025-06-22,20.59
CUST_04580,2025-06-22,11.79
CUST_02067,2025-06-22,12.57
CUST_04281,2025-06-22,13.41
CUST_01962,2025-06-22,8.88
CUST_04689,2025-06-22,5.24
CUST_04281,2025-06-22,187.62
CUST_00573,2025-06-22,11.34
CUST_03435,2025-06-22,21.05
CUST_02866,2025-06-22,4.97
CUST_02345,2025-06-22,20.22
CUST_03783,2025-06-22,11.04
CUST_01894,2025-06-22,56.44
CUST_03635,2025-06-22,83.5
CUST_03466,2025-06-22,12.93
CUST_00012,2025-06-22,73.0
CUST_03505,2025-06-22,31.23
CUST_03302,2025-06-22,14.99
CUST_03037,2025-06-22,20.57
CUST_00767,2025-06-23,27.23
CUST_00605,2025-06-23,267.84
CUST_02301,2025-06-23,7.7
CUST_04836,2025-06-23,17.94
CUST_01195,2025-06-23,8.08
CUST_01576,2025-06-23,14.8
CUST_00619,2025-06-23,33.72
CUST_02124,2025-06-23,11.4
CUST_00813,2025-06-23,154.47
CUST_03093,2025-06-23,30.89
CUST_00257,2025-06-23,63.05
CUST_02703,2025-06-23,8.18
CUST_04585,2025-06-23,13.88
CUST_02821,2025-06-23,44.23
CUST_04689,2025-06-23,114.61
CUST_01902,2025-06-23,7.77
CUST_03153,2025-06-23,6.41
CUST_01418,2025-06-23,1.51
CUST_02413,2025-06-23,63.12
CUST_00013,2025-06-23,34.72
CUST_01133,2025-06-23,3.89
CUST_03245,2025-06-24,30.99
CUST_03042,2025-06-24,8.16
CUST_03015,2025-06-24,14.91
CUST_01049,2025-06-24,10.87
CUST_02430,2025-06-24,6.99
CUST_01849,2025-06-24,4.24
CUST_01463,2025-06-24,14.86
CUST_02301,2025-06-24,56.1
CUST_01838,2025-06-24,12.71
CUST_04510,2025-06-24,19.13
CUST_04226,2025-06-24,31.44
CUST_00922,2025-06-24,24.47
CUST_00973,2025-06-24,57.57
CUST_03603,2025-06-24,110.76
CUST_01465,2025-06-24,11.52
CUST_03060,2025-06-24,4.27
CUST_01573,2025-06-24,24.42
CUST_00704,2025-06-24,468.2
CUST_03245,2025-06-24,10.01
CUST_01347,2025-06-24,6.87
CUST_01614,2025-06-24,20.1
CUST_01730,2025-06-24,82.68
CUST_00434,2025-06-24,75.26
CUST_01169,2025-06-24,91.73
CUST_02442,2025-06-24,41.72
CUST_04519,2025-06-25,27.75
CUST_02579,2025-06-25,20.2
CUST_02335,2025-06-25,32.67
CUST_02600,2025-06-25,3.84
CUST_04109,2025-06-25,5.08
CUST_00752,2025-06-25,23.21
CUST_04244,2025-06-25,27.92
CUST_04185,2025-06-25,23.05
CUST_01949,2025-06-25,4.66
CUST_00346,2025-06-25,36.05
CUST_02413,2025-06-25,14.21
CUST_04474,2025-06-25,59.54
CUST_03911,2025-06-25,15.87
CUST_02227,2025-06-25,8.77
CUST_01390,2025-06-25,23.73
CUST_00220,2025-06-25,141.93
CUST_01138,2025-06-25,15.02
CUST_01430,2025-06-25,21.26
CUST_02790,2025-06-25,30.17
CUST_03345,2025-06-25,26.99
CUST_03793,2025-06-25,35.65
CUST_04014,2025-06-25,9.82
CUST_04593,2025-06-25,6.04
CUST_00924,2025-06-26,4.85
CUST_03869,2025-06-26,12.5
CUST_04407,2025-06-26,19.57
CUST_04606,2025-06-26,3.78
CUST_04685,2025-06-26,31.67
CUST_01532,2025-06-26,21.91
CUST_04584,2025-06-26,78.52
CUST_02413,2025-06-26,24.82
CUST_02413,2025-06-26,17.57
CUST_01797,2025-06-26,48.85
CUST_01848,2025-06-26,5.15
CUST_02611,2025-06-26,19.09
CUST_02824,2025-06-26,93.16
CUST_00851,2025-06-26,18.17
CUST_03749,2025-06-26,8.1
CUST_01509,2025-06-26,53.62
CUST_00582,2025-06-26,32.06
CUST_01575,2025-06-26,6.9
CUST_04715,2025-06-26,154.52
CUST_00333,2025-06-26,121.3
CUST_04936,2025-06-26,10.77
CUST_00237,2025-06-26,101.87
CUST_04189,2025-06-26,15.25
CUST_00340,2025-06-26,85.77
CUST_04854,2025-06-26,14.18
CUST_01699,2025-06-26,49.4
CUST_03938,2025-06-26,16.69
CUST_02325,2025-06-27,9.29
CUST_01264,2025-06-27,107.13
CUST_02549,2025-06-27,52.77
CUST_02416,2025-06-27,23.26
CUST_04959,2025-06-27,7.18
CUST_02806,2025-06-27,4.22
CUST_04049,2025-06-27,59.42
CUST_03999,2025-06-27,12.46
CUST_04915,2025-06-27,74.68
CUST_01472,2025-06-27,43.41
CUST_00343,2025-06-27,8.7
CUST_04519,2025-06-27,49.23
CUST_01594,2025-06-27,21.79
CUST_03672,2025-06-27,28.61
CUST_01436,2025-06-27,25.24
CUST_04100,2025-06-27,30.79
CUST_03456,2025-06-27,9.61
CUST_01849,2025-06-27,27.49
CUST_04300,2025-06-27,20.03
CUST_03474,2025-06-27,47.53
CUST_00149,2025-06-27,44.0
CUST_01861,2025-06-27,19.72
CUST_02159,2025-06-27,42.94
CUST_03558,2025-06-27,31.71
CUST_00864,2025-06-27,12.79
CUST_04203,2025-06-28,5.42
CUST_04351,2025-06-28,52.99
CUST_03595,2025-06-28,326.48
CUST_01175,2025-06-28,6.66
CUST_03427,2025-06-28,12.15
CUST_02094,2025-06-28,6.39
CUST_00665,2025-06-28,71.4
CUST_00772,2025-06-28,28.71
CUST_04411,2025-06-28,21.73
CUST_03019,2025-06-28,2.67
CUST_01095,2025-06-28,7.69
CUST_03783,2025-06-28,18.89
CUST_01407,2025-06-28,15.75
CUST_01826,2025-06-28,16.01
CUST_01432,2025-06-28,5.16
CUST_04957,2025-06-28,10.9
CUST_01105,2025-06-28,17.56
CUST_04300,2025-06-28,27.09
CUST_03821,2025-06-28,26.59
CUST_04511,2025-06-28,5.39
CUST_03279,2025-06-29,41.01
CUST_00358,2025-06-29,7.74
CUST_03520,2025-06-29,9.16
CUST_04603,2025-06-29,21.59
CUST_04878,2025-06-29,88.28
CUST_04885,2025-06-29,41.5
CUST_03320,2025-06-29,18.02
CUST_04067,2025-06-29,15.98
CUST_01233,2025-06-29,2.52
CUST_02285,2025-06-29,4.0
CUST_00381,2025-06-29,137.56
CUST_00409,2025-06-29,13.36
CUST_03741,2025-06-29,65.69
CUST_03783,2025-06-29,10.6
CUST_00948,2025-06-29,10.56
CUST_03783,2025-06-29,78.39
CUST_03227,2025-06-29,31.38
CUST_02699,2025-06-29,5.89
CUST_03070,2025-06-29,35.88
CUST_02924,2025-06-30,17.7
CUST_03481,2025-06-30,97.85
CUST_03783,2025-06-30,41.14
CUST_02703,2025-06-30,31.98
CUST_02368,2025-06-30,6.52
CUST_04925,2025-06-30,6.6
CUST_00649,2025-06-30,83.28
CUST_00862,2025-06-30,9.47
CUST_01305,2025-06-30,19.46
CUST_01267,2025-06-30,45.69
CUST_04397,2025-06-30,94.0
CUST_03173,2025-06-30,3.88
CUST_01030,2025-06-30,3.07
CUST_03661,2025-06-30,9.19
CUST_04957,2025-06-30,8.68
CUST_02894,2025-06-30,8.79
CUST_02768,2025-06-30,9.33
CUST_01463,2025-06-30,16.7
CUST_00525,2025-06-30,7.66
CUST_01634,2025-06-30,9.71
CUST_01430,2025-06-30,18.51
CUST_04347,2025-06-30,7.55
CUST_04136,2025-07-01,47.86
CUST_02637,2025-07-01,55.99
CUST_04519,2025-07-01,85.72
CUST_02799,2025-07-01,7.86
CUST_01614,2025-07-01,20.68
CUST_04136,2025-07-01,65.61
CUST_04726,2025-07-01,22.1
CUST_02867,2025-07-01,59.69
CUST_00877,2025-07-01,64.05
CUST_01849,2025-07-01,53.75
CUST_02512,2025-07-01,23.12
CUST_01763,2025-07-01,10.87
CUST_04408,2025-07-01,6.45
CUST_00859,2025-07-01,14.44
CUST_00866,2025-07-01,28.89
CUST_04747,2025-07-01,120.88
CUST_03763,2025-07-01,19.45
CUST_02539,2025-07-01,54.06
CUST_03651,2025-07-01,44.3
CUST_01693,2025-07-01,21.78
CUST_03300,2025-07-01,20.1
CUST_00323,2025-07-01,81.51
CUST_03711,2025-07-01,23.02
CUST_02998,2025-07-01,106.58
CUST_01532,2025-07-01,33.44
CUST_03550,2025-07-01,5.16
CUST_03826,2025-07-02,29.02
CUST_00453,2025-07-02,72.63
CUST_03842,2025-07-02,25.19
CUST_01070,2025-07-02,22.81
CUST_00362,2025-07-02,7.74
CUST_00793,2025-07-02,29.68
CUST_02732,2025-07-02,4.34
CUST_01453,2025-07-02,21.39
CUST_01256,2025-07-02,38.75
CUST_02789,2025-07-02,4.73
CUST_03668,2025-07-02,85.23
CUST_00733,2025-07-02,10.86
CUST_03918,2025-07-02,144.82
CUST_02413,2025-07-02,8.48
CUST_04605,2025-07-02,18.66
CUST_00934,2025-07-02,13.66
CUST_01042,2025-07-02,17.96
CUST_03190,2025-07-02,12.14
CUST_03907,2025-07-02,59.85
CUST_02302,2025-07-02,80.26
CUST_02427,2025-07-02,43.5
CUST_03543,2025-07-02,18.58
CUST_02027,2025-07-02,24.51
CUST_02428,2025-07-02,10.92
CUST_00715,2025-07-02,7.2
CUST_00024,2025-07-02,16.75
CUST_04032,2025-07-02,40.11
CUST_00862,2025-07-02,24.92
CUST_04855,2025-07-02,27.24
CUST_03466,2025-07-03,50.53
CUST_02539,2025-07-03,39.1
CUST_00505,2025-07-03,123.47
CUST_03399,2025-07-03,21.84
CUST_00930,2025-07-03,18.92
CUST_03584,2025-07-03,4.75
CUST_01686,2025-07-03,4.8
CUST_01665,2025-07-03,6.43
CUST_04687,2025-07-03,10.39
CUST_02413,2025-07-03,9.75
CUST_04682,2025-07-03,2.91
CUST_02154,2025-07-03,6.44
CUST_03167,2025-07-03,20.5
CUST_04297,2025-07-03,16.28
CUST_00149,2025-07-03,11.34
CUST_04555,2025-07-03,144.37
CUST_00132,2025-07-03,7.52
CUST_04018,2025-07-03,30.46
CUST_00657,2025-07-03,38.53
CUST_04309,2025-07-03,13.21
CUST_03280,2025-07-03,18.29
CUST_04623,2025-07-03,26.72
CUST_01264,2025-07-04,24.94
CUST_04899,2025-07-04,17.85
CUST_01721,2025-07-04,17.38
CUST_01089,2025-07-04,77.11
CUST_00206,2025-07-04,5.66
CUST_00340,2025-07-04,50.84
CUST_00145,2025-07-04,120.75
CUST_03719,2025-07-04,10.03
CUST_04519,2025-07-04,8.06
CUST_03698,2025-07-04,115.72
CUST_02413,2025-07-04,61.32
CUST_01964,2025-07-04,1.92
CUST_03668,2025-07-04,1.16
CUST_03456,2025-07-04,11.97
CUST_04922,2025-07-04,204.02
CUST_00592,2025-07-04,38.27
CUST_02270,2025-07-04,18.95
CUST_02453,2025-07-04,39.1
CUST_00121,2025-07-04,13.58
CUST_00384,2025-07-04,17.74
CUST_03240,2025-07-05,21.68
CUST_04339,2025-07-05,9.52
CUST_04244,2025-07-05,8.39
CUST_04765,2025-07-05,26.42
CUST_02913,2025-07-05,4.76
CUST_03536,2025-07-05,19.76
CUST_01138,2025-07-05,9.94
CUST_00290,2025-07-05,36.4
CUST_04138,2025-07-05,14.55
CUST_03561,2025-07-05,19.55
CUST_03819,2025-07-05,19.31
CUST_02808,2025-07-05,37.1
CUST_00329,2025-07-06,59.99
CUST_02287,2025-07-06,20.0
CUST_00777,2025-07-06,8.35
CUST_04519,2025-07-06,9.49
CUST_04100,2025-07-06,24.67
CUST_02667,2025-07-06,66.75
CUST_00328,2025-07-06,39.18
CUST_00775,2025-07-06,17.76
CUST_04520,2025-07-06,23.45
CUST_02766,2025-07-06,13.22
CUST_04572,2025-07-06,7.68
CUST_03171,2025-07-06,3.04
CUST_02291,2025-07-06,22.08
CUST_04566,2025-07-06,20.54
CUST_04668,2025-07-06,49.54
CUST_00728,2025-07-06,5.36
CUST_03471,2025-07-06,253.08
CUST_03526,2025-07-06,62.92
CUST_01455,2025-07-06,55.14
CUST_02703,2025-07-06,15.2
CUST_04244,2025-07-06,67.22
CUST_01644,2025-07-06,19.07
CUST_00574,2025-07-06,28.28
CUST_03919,2025-07-06,8.87
CUST_04234,2025-07-06,32.27
CUST_02581,2025-07-07,73.77
CUST_02888,2025-07-07,63.63
CUST_04444,2025-07-07,59.66
CUST_04007,2025-07-07,10.18
CUST_02143,2025-07-07,12.15
CUST_01086,2025-07-07,2.0
CUST_02470,2025-07-07,4.58
CUST_03724,2025-07-07,8.86
CUST_00599,2025-07-07,9.83
CUST_03370,2025-07-07,20.27
CUST_04161,2025-07-07,3.37
CUST_00379,2025-07-07,10.0
CUST_04350,2025-07-07,8.62
CUST_00524,2025-07-07,40.05
CUST_02885,2025-07-07,43.27
CUST_00337,2025-07-07,38.16
CUST_00954,2025-07-07,13.09
CUST_03041,2025-07-07,13.84
CUST_02156,2025-07-08,19.35
CUST_02238,2025-07-08,55.22
CUST_01656,2025-07-08,28.78
CUST_02457,2025-07-08,15.89
CUST_00144,2025-07-08,99.98
CUST_01532,2025-07-08,219.35
CUST_02569,2025-07-08,4.45
CUST_03826,2025-07-08,11.32
CUST_01414,2025-07-08,18.43
CUST_04603,2025-07-08,30.26
CUST_03987,2025-07-08,26.37
CUST_04362,2025-07-08,28.38
CUST_01342,2025-07-08,19.19
CUST_03688,2025-07-08,20.44
CUST_04896,2025-07-08,6.8
CUST_04300,2025-07-08,10.39
CUST_01845,2025-07-08,13.3
CUST_03019,2025-07-08,12.67
CUST_03917,2025-07-08,47.17
CUST_01430,2025-07-08,5.49
CUST_04933,2025-07-08,31.55
CUST_00276,2025-07-08,17.49
CUST_03869,2025-07-08,82.09
CUST_01260,2025-07-08,4.51
CUST_03355,2025-07-08,3.13
CUST_04191,2025-07-08,16.48
CUST_03239,2025-07-09,18.59
CUST_00619,2025-07-09,28.3
CUST_03207,2025-07-09,13.79
CUST_01886,2025-07-09,15.35
CUST_02897,2025-07-09,49.46
CUST_02224,2025-07-09,8.0
CUST_02355,2025-07-09,8.72
CUST_04958,2025-07-09,6.31
CUST_00033,2025-07-09,69.15
CUST_01377,2025-07-09,19.93
CUST_01532,2025-07-09,22.47
CUST_03235,2025-07-09,104.66
CUST_00591,2025-07-09,30.06
CUST_03987,2025-07-09,12.51
CUST_00506,2025-07-09,71.74
CUST_00717,2025-07-09,23.08
CUST_03668,2025-07-09,17.26
CUST_01260,2025-07-09,25.08
CUST_03668,2025-07-09,25.77
CUST_02717,2025-07-09,25.5
CUST_02400,2025-07-09,239.47
CUST_00995,2025-07-09,36.17
CUST_04927,2025-07-09,5.41
CUST_01624,2025-07-09,33.51
CUST_01186,2025-07-09,59.45
CUST_03485,2025-07-09,79.63
CUST_04391,2025-07-09,27.11
CUST_03396,2025-07-09,132.05
CUST_00786,2025-07-09,57.41
CUST_03592,2025-07-09,21.27
CUST_01573,2025-07-09,24.03
CUST_00415,2025-07-09,40.26
CUST_04909,2025-07-09,15.06
CUST_04244,2025-07-10,69.72
CUST_04709,2025-07-10,9.93
CUST_01253,2025-07-10,24.64
CUST_02298,2025-07-10,2.72
CUST_02413,2025-07-10,11.6
CUST_00463,2025-07-10,47.86
CUST_03732,2025-07-10,75.01
CUST_02625,2025-07-10,20.43
CUST_02668,2025-07-10,87.15
CUST_04249,2025-07-10,92.23
CUST_02426,2025-07-10,21.84
CUST_03828,2025-07-10,11.78
CUST_02541,2025-07-10,29.62
CUST_03713,2025-07-10,8.71
CUST_04583,2025-07-10,22.35
CUST_02539,2025-07-10,24.75
CUST_02204,2025-07-10,21.3
CUST_03305,2025-07-10,10.08
CUST_01369,2025-07-10,7.15
CUST_02341,2025-07-10,96.31
CUST_04896,2025-07-11,5.45
CUST_02355,2025-07-11,16.08
CUST_01639,2025-07-11,12.11
CUST_00369,2025-07-11,13.34
CUST_04281,2025-07-11,146.67
CUST_01844,2025-07-11,8.43
CUST_01394,2025-07-11,17.17
CUST_01990,2025-07-11,24.89
CUST_01393,2025-07-11,40.0
CUST_04321,2025-07-11,8.29
CUST_04987,2025-07-11,22.74
CUST_04212,2025-07-11,9.04
CUST_02564,2025-07-11,14.43
CUST_02345,2025-07-11,93.25
CUST_04079,2025-07-11,52.69
CUST_02233,2025-07-11,3.26
CUST_04244,2025-07-11,103.76
CUST_04442,2025-07-11,37.23
CUST_02172,2025-07-11,20.26
CUST_02061,2025-07-12,5.0
CUST_03446,2025-07-12,22.41
CUST_00609,2025-07-12,52.59
CUST_03682,2025-07-12,17.96
CUST_02539,2025-07-12,69.97
CUST_04021,2025-07-12,15.66
CUST_00727,2025-07-12,7.38
CUST_02413,2025-07-12,65.53
CUST_00212,2025-07-12,36.37
CUST_04756,2025-07-12,3.63
CUST_03001,2025-07-12,64.17
CUST_02200,2025-07-12,8.03
CUST_04027,2025-07-12,98.64
CUST_00162,2025-07-12,3.7
CUST_03735,2025-07-12,31.6
CUST_03874,2025-07-12,33.08
CUST_02413,2025-07-12,36.87
CUST_00596,2025-07-12,21.86
CUST_04855,2025-07-12,15.79
CUST_01347,2025-07-12,4.18
CUST_04593,2025-07-12,11.62
CUST_02686,2025-07-13,27.93
CUST_04088,2025-07-13,37.56
CUST_00348,2025-07-13,25.99
CUST_04608,2025-07-13,6.89
CUST_01656,2025-07-13,1.78
CUST_01002,2025-07-13,44.09
CUST_01273,2025-07-13,18.82
CUST_02413,2025-07-13,4.27
CUST_02355,2025-07-13,6.42
CUST_00461,2025-07-13,12.78
CUST_03394,2025-07-13,115.85
CUST_02197,2025-07-13,62.84
CUST_02047,2025-07-13,30.23
CUST_01793,2025-07-13,57.13
CUST_02539,2025-07-13,21.06
CUST_01811,2025-07-13,23.32
CUST_00389,2025-07-13,100.97
CUST_00702,2025-07-13,6.34
CUST_03667,2025-07-13,72.35
CUST_04593,2025-07-13,48.3
CUST_01197,2025-07-13,60.87
CUST_00346,2025-07-13,24.56
CUST_03658,2025-07-13,19.23
CUST_01838,2025-07-13,9.23
CUST_04391,2025-07-13,6.78
CUST_01238,2025-07-14,60.69
CUST_03391,2025-07-14,22.91
CUST_00760,2025-07-14,31.85
CUST_02672,2025-07-14,34.58
CUST_04885,2025-07-14,60.26
CUST_03800,2025-07-14,17.57
CUST_03805,2025-07-14,4.26
CUST_00574,2025-07-14,9.8
CUST_04251,2025-07-14,29.63
CUST_00712,2025-07-14,7.23
CUST_01299,2025-07-14,4.11
CUST_00098,2025-07-14,12.07
CUST_00124,2025-07-14,14.98
CUST_03734,2025-07-14,305.25
CUST_00139,2025-07-14,11.86
CUST_04257,2025-07-14,21.79
CUST_04327,2025-07-14,18.21
CUST_01878,2025-07-14,6.59
CUST_04141,2025-07-14,75.29
CUST_00513,2025-07-14,13.93
CUST_03921,2025-07-14,44.95
CUST_04069,2025-07-14,71.58
CUST_00076,2025-07-14,5.53
CUST_04244,2025-07-14,26.6
CUST_04713,2025-07-15,77.9
CUST_00935,2025-07-15,302.62
CUST_04958,2025-07-15,31.39
CUST_03987,2025-07-15,18.11
CUST_03658,2025-07-15,4.9
CUST_00909,2025-07-15,10.28
CUST_04223,2025-07-15,72.49
CUST_00148,2025-07-15,8.42
CUST_03221,2025-07-15,24.88
CUST_04818,2025-07-15,11.01
CUST_00665,2025-07-15,51.25
CUST_02272,2025-07-15,43.98
CUST_03817,2025-07-15,7.27
CUST_04791,2025-07-15,103.02
CUST_03289,2025-07-15,48.57
CUST_03297,2025-07-16,36.22
CUST_01186,2025-07-16,13.67
CUST_04519,2025-07-16,46.72
CUST_00750,2025-07-16,21.14
CUST_00183,2025-07-16,4.0
CUST_04027,2025-07-16,18.63
CUST_00595,2025-07-16,14.74
CUST_01771,2025-07-16,40.2
CUST_04281,2025-07-16,15.21
CUST_01260,2025-07-16,8.86
CUST_01804,2025-07-16,29.32
CUST_00870,2025-07-16,16.95
CUST_00144,2025-07-16,4.74
CUST_02413,2025-07-16,34.14
CUST_03092,2025-07-16,67.99
CUST_01698,2025-07-16,10.96
CUST_03106,2025-07-16,10.08
CUST_03229,2025-07-16,38.67
CUST_02366,2025-07-16,116.99
CUST_03320,2025-07-16,21.18
CUST_02816,2025-07-16,14.18
CUST_04300,2025-07-17,20.98
CUST_02933,2025-07-17,49.34
CUST_04669,2025-07-17,3.22
CUST_03192,2025-07-17,19.81
CUST_02001,2025-07-17,19.1
CUST_01035,2025-07-17,4.41
CUST_01039,2025-07-17,19.77
CUST_04332,2025-07-17,43.38
CUST_03783,2025-07-17,16.86
CUST_01641,2025-07-17,46.16
CUST_03580,2025-07-17,30.51
CUST_02208,2025-07-17,1.83
CUST_03977,2025-07-17,12.83
CUST_03731,2025-07-17,18.03
CUST_00417,2025-07-17,13.15
CUST_03279,2025-07-17,114.34
CUST_04260,2025-07-17,86.76
CUST_03886,2025-07-17,3.37
CUST_00355,2025-07-17,76.36
CUST_04518,2025-07-18,12.58
CUST_04300,2025-07-18,41.01
CUST_03889,2025-07-18,4.84
CUST_00912,2025-07-18,32.55
CUST_04001,2025-07-18,51.78
CUST_00075,2025-07-18,11.77
CUST_01017,2025-07-18,14.76
CUST_01532,2025-07-18,91.03
CUST_02869,2025-07-18,20.22
CUST_00162,2025-07-18,19.01
CUST_03725,2025-07-18,29.27
CUST_04835,2025-07-18,42.41
CUST_01575,2025-07-19,5.94
CUST_03826,2025-07-19,15.87
CUST_01260,2025-07-19,57.62
CUST_00750,2025-07-19,6.97
CUST_01778,2025-07-19,12.34
CUST_01793,2025-07-19,22.88
CUST_00371,2025-07-19,20.48
CUST_01656,2025-07-19,43.06
CUST_03593,2025-07-19,26.66
CUST_04861,2025-07-19,60.43
CUST_01192,2025-07-19,12.94
CUST_00343,2025-07-19,119.89
CUST_01406,2025-07-19,15.43
CUST_01472,2025-07-19,24.01
CUST_02124,2025-07-19,41.74
CUST_03884,2025-07-19,48.2
CUST_00755,2025-07-19,37.55
CUST_02980,2025-07-19,97.76
CUST_01705,2025-07-19,10.19
CUST_01799,2025-07-19,35.87
CUST_03481,2025-07-20,2.76
CUST_04872,2025-07-20,15.29
CUST_00181,2025-07-20,47.47
CUST_00197,2025-07-20,34.52
CUST_00402,2025-07-20,18.18
CUST_04250,2025-07-20,31.69
CUST_04809,2025-07-20,10.52
CUST_00201,2025-07-20,42.85
CUST_01024,2025-07-20,33.79
CUST_04102,2025-07-20,7.6
CUST_04489,2025-07-20,22.88
CUST_02413,2025-07-20,33.87
CUST_04804,2025-07-20,7.24
CUST_03434,2025-07-20,39.58
CUST_03319,2025-07-20,21.65
CUST_04111,2025-07-20,5.27
CUST_02279,2025-07-20,27.91
CUST_04144,2025-07-20,11.6
CUST_03668,2025-07-20,3.15
CUST_03332,2025-07-20,23.94
CUST_03988,2025-07-20,230.03
CUST_01543,2025-07-20,17.62
CUST_03865,2025-07-21,1.22
CUST_01614,2025-07-21,24.72
CUST_04747,2025-07-21,27.74
CUST_02047,2025-07-21,120.72
CUST_01184,2025-07-21,45.24
CUST_04201,2025-07-21,14.25
CUST_02551,2025-07-21,23.01
CUST_02948,2025-07-21,74.29
CUST_01952,2025-07-21,17.97
CUST_01818,2025-07-21,17.64
CUST_02006,2025-07-21,13.49
CUST_03374,2025-07-21,31.77
CUST_00066,2025-07-21,51.25
CUST_04023,2025-07-21,80.73
CUST_02846,2025-07-21,8.36
CUST_02891,2025-07-21,29.41
CUST_02301,2025-07-21,39.09
CUST_03119,2025-07-21,227.35
CUST_02703,2025-07-21,17.49
CUST_04995,2025-07-21,25.17
CUST_00982,2025-07-21,10.64
CUST_04986,2025-07-21,46.38
CUST_01648,2025-07-21,22.35
CUST_03559,2025-07-21,11.66
CUST_04040,2025-07-21,3.62
CUST_04477,2025-07-21,2.86
CUST_03485,2025-07-22,5.94
CUST_03952,2025-07-22,34.18
CUST_02283,2025-07-22,39.46
CUST_04610,2025-07-22,13.55
CUST_03042,2025-07-22,29.4
CUST_01395,2025-07-22,37.44
CUST_00113,2025-07-22,55.78
CUST_02019,2025-07-22,32.41
CUST_03730,2025-07-22,30.09
CUST_03399,2025-07-22,19.0
CUST_03311,2025-07-22,17.75
CUST_00598,2025-07-22,13.07
CUST_04681,2025-07-22,14.19
CUST_04450,2025-07-22,5.87
CUST_02077,2025-07-22,15.01
CUST_02565,2025-07-22,23.18
CUST_03239,2025-07-22,16.35
CUST_00084,2025-07-22,20.67
CUST_02301,2025-07-22,7.48
CUST_04689,2025-07-22,110.39
CUST_03543,2025-07-22,20.21
CUST_04555,2025-07-23,20.02
CUST_01518,2025-07-23,42.91
CUST_03460,2025-07-23,10.83
CUST_04483,2025-07-23,20.23
CUST_01553,2025-07-23,14.01
CUST_03493,2025-07-23,8.38
CUST_02185,2025-07-23,5.04
CUST_02529,2025-07-23,9.1
CUST_02623,2025-07-23,117.36
CUST_01037,2025-07-23,17.81
CUST_00272,2025-07-23,63.6
CUST_00966,2025-07-23,27.7
CUST_04310,2025-07-23,8.34
CUST_01195,2025-07-23,9.87
CUST_02611,2025-07-23,6.78
CUST_03934,2025-07-23,43.13
CUST_02728,2025-07-23,227.51
CUST_04994,2025-07-23,41.21
CUST_04171,2025-07-23,105.93
CUST_04944,2025-07-23,29.86
CUST_02124,2025-07-23,19.22
CUST_03821,2025-07-23,4.97
CUST_02672,2025-07-23,5.37
CUST_03826,2025-07-23,41.13
CUST_03320,2025-07-23,1.63
CUST_01155,2025-07-23,49.64
CUST_03201,2025-07-24,5.28
CUST_04713,2025-07-24,10.29
CUST_00704,2025-07-24,7.25
CUST_00979,2025-07-24,14.04
CUST_01158,2025-07-24,24.41
CUST_03783,2025-07-24,16.62
CUST_02235,2025-07-24,25.8
CUST_00827,2025-07-24,67.73
CUST_01394,2025-07-24,23.14
CUST_04744,2025-07-24,8.49
CUST_04441,2025-07-24,24.28
CUST_03486,2025-07-24,51.9
CUST_04764,2025-07-24,16.54
CUST_04899,2025-07-24,13.46
CUST_04446,2025-07-24,14.9
CUST_03988,2025-07-24,33.64
CUST_00591,2025-07-24,30.63
CUST_02127,2025-07-24,16.52
CUST_01408,2025-07-24,23.78
CUST_01049,2025-07-25,2.78
CUST_04325,2025-07-25,17.08
CUST_02531,2025-07-25,7.4
CUST_04117,2025-07-25,40.0
CUST_00855,2025-07-25,179.48
CUST_03444,2025-07-25,20.37
CUST_04300,2025-07-25,16.66
CUST_01899,2025-07-25,8.12
CUST_01842,2025-07-25,54.82
CUST_01660,2025-07-25,9.14
CUST_00063,2025-07-25,20.64
CUST_04548,2025-07-25,12.18
CUST_02907,2025-07-25,26.02
CUST_04579,2025-07-25,13.13
CUST_03869,2025-07-25,13.17
CUST_00596,2025-07-26,1.62
CUST_00380,2025-07-26,72.38
CUST_00048,2025-07-26,4.08
CUST_01325,2025-07-26,17.5
CUST_01246,2025-07-26,16.86
CUST_00015,2025-07-26,78.92
CUST_00462,2025-07-26,5.47
CUST_00591,2025-07-26,16.17
CUST_02863,2025-07-26,4.03
CUST_04260,2025-07-26,8.44
CUST_04899,2025-07-26,14.94
CUST_02672,2025-07-26,32.72
CUST_04391,2025-07-26,13.08
CUST_01685,2025-07-26,9.73
CUST_02301,2025-07-26,82.39
CUST_01862,2025-07-26,4.4
CUST_03374,2025-07-26,128.81
CUST_02319,2025-07-26,2.84
CUST_04300,2025-07-26,68.37
CUST_04201,2025-07-27,16.31
CUST_03320,2025-07-27,18.5
CUST_03816,2025-07-27,27.89
CUST_03875,2025-07-27,122.32
CUST_03668,2025-07-27,42.12
CUST_03760,2025-07-27,15.2
CUST_04000,2025-07-27,4.26
CUST_01868,2025-07-27,10.25
CUST_03895,2025-07-27,96.48
CUST_02529,2025-07-27,21.01
CUST_02334,2025-07-27,5.7
CUST_04109,2025-07-27,4.25
CUST_00552,2025-07-27,31.04
CUST_02301,2025-07-27,42.99
CUST_01513,2025-07-27,3.59
CUST_01455,2025-07-27,74.47
CUST_01245,2025-07-27,3.08
CUST_03245,2025-07-27,16.06
CUST_04965,2025-07-27,43.41
CUST_01466,2025-07-27,11.84
CUST_04321,2025-07-27,7.36
CUST_01582,2025-07-28,12.51
CUST_00870,2025-07-28,34.38
CUST_04136,2025-07-28,4.14
CUST_02867,2025-07-28,142.24
CUST_01853,2025-07-28,15.14
CUST_01216,2025-07-28,7.15
CUST_01375,2025-07-28,9.29
CUST_03178,2025-07-28,29.51
CUST_02169,2025-07-28,9.47
CUST_04128,2025-07-28,71.94
CUST_00630,2025-07-28,46.16
CUST_02340,2025-07-28,25.08
CUST_02862,2025-07-28,42.19
CUST_01718,2025-07-28,12.06
CUST_01264,2025-07-28,53.08
CUST_02539,2025-07-28,24.59
CUST_04826,2025-07-28,48.77
CUST_03913,2025-07-28,35.28
CUST_03355,2025-07-28,25.51
CUST_00343,2025-07-28,13.58
CUST_00354,2025-07-28,11.42
CUST_01995,2025-07-28,44.19
CUST_00234,2025-07-28,3.61
CUST_00226,2025-07-28,12.94
CUST_04038,2025-07-28,19.6
CUST_04232,2025-07-28,23.82
CUST_03736,2025-07-28,10.32
CUST_02512,2025-07-28,19.19
CUST_02505,2025-07-28,33.4
CUST_04855,2025-07-28,43.71
CUST_03370,2025-07-29,15.44
CUST_01021,2025-07-29,56.99
CUST_04899,2025-07-29,2.5
CUST_01717,2025-07-29,15.12
CUST_03054,2025-07-29,49.83
CUST_02717,2025-07-29,34.68
CUST_02620,2025-07-29,201.16
CUST_04355,2025-07-29,8.85
CUST_04710,2025-07-29,10.94
CUST_00984,2025-07-29,4.34
CUST_01639,2025-07-29,14.49
CUST_02806,2025-07-29,75.67
CUST_04308,2025-07-29,46.81
CUST_02165,2025-07-29,5.52
CUST_04682,2025-07-29,20.35
CUST_04970,2025-07-29,21.67
CUST_00704,2025-07-29,6.72
CUST_01407,2025-07-29,28.79
CUST_00693,2025-07-29,20.0
CUST_00702,2025-07-29,169.39
CUST_01463,2025-07-29,39.56
CUST_00702,2025-07-29,11.51
CUST_00333,2025-07-30,29.57
CUST_01656,2025-07-30,11.25
CUST_01608,2025-07-30,15.61
CUST_03033,2025-07-30,19.76
CUST_03784,2025-07-30,4.97
CUST_01314,2025-07-30,13.14
CUST_04742,2025-07-30,60.21
CUST_04999,2025-07-30,6.66
CUST_02759,2025-07-30,7.94
CUST_04608,2025-07-30,85.41
CUST_01438,2025-07-30,35.19
CUST_03619,2025-07-30,10.03
CUST_01422,2025-07-30,37.5
CUST_04136,2025-07-30,14.28
CUST_00474,2025-07-30,19.4
CUST_01785,2025-07-30,51.05
CUST_01903,2025-07-30,22.07
CUST_01780,2025-07-30,58.92
CUST_03682,2025-07-30,24.41
CUST_02709,2025-07-30,70.21
CUST_04308,2025-07-30,4.34
CUST_04308,2025-07-30,90.33
CUST_04731,2025-07-30,19.13
CUST_04320,2025-07-30,2.74
CUST_01532,2025-07-30,28.72
CUST_02284,2025-07-31,29.23
CUST_04762,2025-07-31,6.28
CUST_02125,2025-07-31,20.05
CUST_03289,2025-07-31,3.64
CUST_00117,2025-07-31,4.82
CUST_04867,2025-07-31,63.79
CUST_01751,2025-07-31,5.91
CUST_04232,2025-07-31,98.8
CUST_02239,2025-07-31,24.99
CUST_04044,2025-07-31,55.42
CUST_02704,2025-07-31,18.83
CUST_03705,2025-07-31,6.07
CUST_00333,2025-07-31,55.56
CUST_00834,2025-07-31,14.79
CUST_02482,2025-07-31,51.69
CUST_02707,2025-07-31,10.04
CUST_01431,2025-07-31,92.99
CUST_01601,2025-07-31,9.96
CUST_02630,2025-07-31,26.91
CUST_03084,2025-07-31,83.52
CUST_01764,2025-07-31,1.13
CUST_02636,2025-07-31,10.5
CUST_00299,2025-07-31,2.49
CUST_03379,2025-07-31,7.82
CUST_02053,2025-07-31,6.63
CUST_02539,2025-07-31,13.75
CUST_04949,2025-07-31,97.61
CUST_03087,2025-07-31,29.8
CUST_04189,2025-08-01,5.4
CUST_00909,2025-08-01,20.82
CUST_02514,2025-08-01,15.45
CUST_04136,2025-08-01,15.74
CUST_00630,2025-08-01,17.23
CUST_00868,2025-08-01,19.96
CUST_02307,2025-08-01,6.41
CUST_01012,2025-08-01,34.52
CUST_02579,2025-08-01,10.25
CUST_00464,2025-08-01,3.38
CUST_02748,2025-08-01,45.63
CUST_02645,2025-08-01,17.91
CUST_00862,2025-08-01,43.45
CUST_01691,2025-08-01,25.09
CUST_04450,2025-08-01,20.11
CUST_04501,2025-08-01,16.58
CUST_04947,2025-08-01,21.93
CUST_00673,2025-08-01,7.12
CUST_04136,2025-08-01,26.62
CUST_04433,2025-08-01,13.04
CUST_00781,2025-08-01,48.21
CUST_03627,2025-08-01,8.17
CUST_00112,2025-08-01,22.74
CUST_04915,2025-08-01,26.86
CUST_04054,2025-08-01,8.52
CUST_01311,2025-08-01,11.66
CUST_00674,2025-08-01,255.1
CUST_02303,2025-08-01,41.01
CUST_00097,2025-08-01,34.56
CUST_00877,2025-08-01,4.51
CUST_04824,2025-08-02,8.58
CUST_02477,2025-08-02,12.36
CUST_00909,2025-08-02,256.11
CUST_02638,2025-08-02,34.52
CUST_00425,2025-08-02,16.59
CUST_02832,2025-08-02,28.46
CUST_00504,2025-08-02,10.94
CUST_04300,2025-08-02,10.09
CUST_02355,2025-08-02,14.39
CUST_04146,2025-08-02,17.67
CUST_02531,2025-08-02,5.2
CUST_04762,2025-08-02,14.69
CUST_00346,2025-08-02,14.2
CUST_00982,2025-08-02,20.5
CUST_00402,2025-08-02,51.43
CUST_03852,2025-08-02,7.05
CUST_02199,2025-08-02,26.88
CUST_00702,2025-08-02,17.57
CUST_02430,2025-08-02,24.73
CUST_01844,2025-08-03,14.26
CUST_01963,2025-08-03,45.57
CUST_02529,2025-08-03,4.65
CUST_02539,2025-08-03,6.89
CUST_00391,2025-08-03,7.26
CUST_04512,2025-08-03,8.95
CUST_03523,2025-08-03,4.4
CUST_02863,2025-08-03,53.99
CUST_04992,2025-08-03,1.72
CUST_02112,2025-08-03,46.3
CUST_03031,2025-08-03,36.52
CUST_03320,2025-08-03,71.46
CUST_03342,2025-08-03,13.43
CUST_02345,2025-08-03,10.16
CUST_01073,2025-08-03,7.06
CUST_00850,2025-08-03,128.34
CUST_03126,2025-08-03,4.59
CUST_01997,2025-08-03,17.82
CUST_00596,2025-08-04,20.42
CUST_03149,2025-08-04,16.16
CUST_01737,2025-08-04,14.57
CUST_04798,2025-08-04,17.21
CUST_00630,2025-08-04,3.45
CUST_02799,2025-08-04,41.46
CUST_03783,2025-08-04,22.02
CUST_03620,2025-08-04,15.77
CUST_03327,2025-08-04,55.83
CUST_03821,2025-08-04,42.63
CUST_00643,2025-08-04,18.75
CUST_01458,2025-08-04,45.01
CUST_00046,2025-08-04,20.52
CUST_02767,2025-08-04,8.64
CUST_02867,2025-08-04,42.38
CUST_02302,2025-08-04,19.18
CUST_03075,2025-08-04,42.5
CUST_03126,2025-08-04,21.24
CUST_04244,2025-08-04,13.41
CUST_01049,2025-08-04,56.11
CUST_01237,2025-08-04,89.41
CUST_04321,2025-08-04,21.33
CUST_04935,2025-08-04,20.3
CUST_04300,2025-08-04,14.6
CUST_04220,2025-08-05,10.0
CUST_02024,2025-08-05,6.12
CUST_01315,2025-08-05,18.35
CUST_00733,2025-08-05,38.58
CUST_01786,2025-08-05,16.85
CUST_02886,2025-08-05,46.21
CUST_04136,2025-08-05,21.74
CUST_00656,2025-08-05,26.62
CUST_00073,2025-08-05,66.51
CUST_04965,2025-08-05,20.99
CUST_02410,2025-08-05,4.46
CUST_04096,2025-08-05,38.2
CUST_02838,2025-08-05,4.26
CUST_01355,2025-08-05,58.0
CUST_04536,2025-08-05,2.97
CUST_00943,2025-08-05,27.63
CUST_00154,2025-08-05,5.68
CUST_03705,2025-08-05,8.91
CUST_04877,2025-08-05,27.11
CUST_04300,2025-08-05,2.55
CUST_02781,2025-08-06,38.31
CUST_00238,2025-08-06,51.28
CUST_03063,2025-08-06,13.04
CUST_02778,2025-08-06,132.2
CUST_00254,2025-08-06,35.92
CUST_01430,2025-08-06,23.57
CUST_00302,2025-08-06,99.79
CUST_01929,2025-08-06,1.98
CUST_02763,2025-08-06,3.88
CUST_01158,2025-08-06,20.42
CUST_02705,2025-08-06,376.45
CUST_01607,2025-08-06,17.31
CUST_02820,2025-08-06,13.37
CUST_00679,2025-08-06,82.39
CUST_00227,2025-08-06,17.24
CUST_01785,2025-08-06,7.42
CUST_00560,2025-08-06,228.61
CUST_01900,2025-08-06,15.49
CUST_04023,2025-08-06,61.5
CUST_02620,2025-08-06,110.6
CUST_03983,2025-08-06,18.92
CUST_03288,2025-08-07,1.84
CUST_00449,2025-08-07,12.22
CUST_00162,2025-08-07,9.48
CUST_04752,2025-08-07,52.18
CUST_01186,2025-08-07,8.32
CUST_02344,2025-08-07,8.59
CUST_04777,2025-08-07,10.72
CUST_00102,2025-08-07,6.57
CUST_00856,2025-08-07,12.77
CUST_02614,2025-08-07,60.0
CUST_02039,2025-08-07,25.05
CUST_04105,2025-08-07,89.57
CUST_03259,2025-08-07,15.33
CUST_00072,2025-08-07,34.7
CUST_01642,2025-08-07,5.38
CUST_04098,2025-08-07,8.24
CUST_01756,2025-08-07,7.17
CUST_03466,2025-08-08,76.03
CUST_02413,2025-08-08,17.43
CUST_02413,2025-08-08,30.66
CUST_03783,2025-08-08,19.97
CUST_04141,2025-08-08,7.2
CUST_02730,2025-08-08,19.31
CUST_01721,2025-08-08,28.62
CUST_04453,2025-08-08,69.87
CUST_03213,2025-08-08,45.23
CUST_01264,2025-08-08,14.9
CUST_00326,2025-08-08,7.41
CUST_04469,2025-08-08,168.2
CUST_00282,2025-08-08,32.99
CUST_01076,2025-08-08,32.19
CUST_03668,2025-08-08,17.61
CUST_04335,2025-08-08,5.23
CUST_03311,2025-08-08,37.19
CUST_03064,2025-08-08,67.6
CUST_00954,2025-08-08,26.09
CUST_02576,2025-08-08,489.21
CUST_03337,2025-08-08,7.41
CUST_01016,2025-08-09,68.61
CUST_02399,2025-08-09,8.74
CUST_02187,2025-08-09,7.78
CUST_02467,2025-08-09,55.37
CUST_02154,2025-08-09,6.25
CUST_02442,2025-08-09,47.63
CUST_03731,2025-08-09,55.9
CUST_02301,2025-08-09,22.24
CUST_00165,2025-08-09,25.29
CUST_00552,2025-08-09,10.17
CUST_01049,2025-08-09,31.42
CUST_02966,2025-08-09,53.65
CUST_01277,2025-08-09,22.35
CUST_04745,2025-08-09,59.14
CUST_03793,2025-08-09,34.92
CUST_01698,2025-08-09,6.62
CUST_04987,2025-08-09,47.39
CUST_01186,2025-08-09,7.35
CUST_03793,2025-08-10,66.27
CUST_04959,2025-08-10,8.67
CUST_04958,2025-08-10,86.37
CUST_00149,2025-08-10,12.55
CUST_04249,2025-08-10,7.63
CUST_01859,2025-08-10,38.82
CUST_04262,2025-08-10,48.62
CUST_01253,2025-08-10,10.09
CUST_01842,2025-08-10,22.31
CUST_02901,2025-08-10,9.64
CUST_03821,2025-08-10,23.83
CUST_03044,2025-08-10,11.5
CUST_03833,2025-08-10,19.96
CUST_00194,2025-08-10,80.54
CUST_01260,2025-08-10,15.98
CUST_03783,2025-08-10,7.71
CUST_00072,2025-08-10,131.55
CUST_03378,2025-08-10,28.57
CUST_04462,2025-08-10,9.76
CUST_02737,2025-08-10,68.05
CUST_04462,2025-08-10,73.32
CUST_00480,2025-08-10,27.39
CUST_01373,2025-08-10,8.41
CUST_04770,2025-08-10,45.2
CUST_03113,2025-08-10,169.09
CUST_01528,2025-08-10,6.44
CUST_03244,2025-08-10,6.84
CUST_04773,2025-08-10,29.29
CUST_03311,2025-08-10,13.85
CUST_04408,2025-08-10,11.78
CUST_03260,2025-08-10,14.08
CUST_01430,2025-08-10,11.21
CUST_02539,2025-08-10,35.06
CUST_02312,2025-08-10,14.37
CUST_03592,2025-08-10,24.03
CUST_01656,2025-08-10,9.96
CUST_04185,2025-08-11,13.11
CUST_00340,2025-08-11,55.29
CUST_04400,2025-08-11,2.69
CUST_02980,2025-08-11,13.61
CUST_03888,2025-08-11,39.87
CUST_01819,2025-08-11,45.38
CUST_01149,2025-08-11,11.98
CUST_00626,2025-08-11,17.99
CUST_02785,2025-08-11,13.44
CUST_04798,2025-08-11,20.26
CUST_04300,2025-08-11,204.76
CUST_04453,2025-08-11,8.21
CUST_04432,2025-08-11,21.48
CUST_01772,2025-08-11,10.44
CUST_03354,2025-08-11,17.47
CUST_04281,2025-08-11,50.04
CUST_02802,2025-08-12,4.99
CUST_02728,2025-08-12,5.48
CUST_04361,2025-08-12,97.92
CUST_00153,2025-08-12,2.81
CUST_03668,2025-08-12,7.74
CUST_04141,2025-08-12,5.75
CUST_02124,2025-08-12,48.79
CUST_03771,2025-08-12,85.48
CUST_01656,2025-08-12,14.54
CUST_01155,2025-08-12,24.79
CUST_04408,2025-08-12,26.3
CUST_01170,2025-08-12,38.04
CUST_04971,2025-08-12,15.16
CUST_02364,2025-08-12,18.87
CUST_03571,2025-08-12,9.53
CUST_04281,2025-08-12,198.87
CUST_00595,2025-08-12,34.56
CUST_03697,2025-08-12,9.0
CUST_04802,2025-08-12,17.5
CUST_03867,2025-08-12,21.21
CUST_01753,2025-08-12,22.63
CUST_00326,2025-08-12,37.19
CUST_00986,2025-08-12,23.77
CUST_03105,2025-08-13,26.76
CUST_02867,2025-08-13,6.38
CUST_04478,2025-08-13,63.58
CUST_01909,2025-08-13,47.03
CUST_01255,2025-08-13,11.46
CUST_01639,2025-08-13,13.91
CUST_00844,2025-08-13,76.94
CUST_04141,2025-08-13,17.0
CUST_04300,2025-08-13,2.74
CUST_02976,2025-08-13,39.9
CUST_03944,2025-08-13,31.75
CUST_01590,2025-08-13,21.08
CUST_01785,2025-08-13,26.18
CUST_04331,2025-08-13,25.25
CUST_03668,2025-08-13,55.62
CUST_04012,2025-08-13,133.56
CUST_01016,2025-08-13,9.83
CUST_03783,2025-08-13,3.0
CUST_02301,2025-08-13,4.85
CUST_01062,2025-08-13,10.77
CUST_02667,2025-08-13,15.09
CUST_00021,2025-08-13,50.19
CUST_02607,2025-08-13,190.45
CUST_00982,2025-08-13,4.84
CUST_02721,2025-08-13,6.92
CUST_00702,2025-08-14,28.87
CUST_04506,2025-08-14,77.89
CUST_01819,2025-08-14,30.51
CUST_04580,2025-08-14,6.84
CUST_00934,2025-08-14,4.35
CUST_01705,2025-08-14,7.06
CUST_01742,2025-08-14,58.22
CUST_00814,2025-08-14,55.34
CUST_04623,2025-08-14,20.51
CUST_02913,2025-08-14,54.87
CUST_03561,2025-08-14,10.19
CUST_00982,2025-08-14,40.44
CUST_04336,2025-08-14,9.2
CUST_01806,2025-08-14,107.86
CUST_03988,2025-08-14,14.47
CUST_03783,2025-08-14,9.05
CUST_01675,2025-08-14,3.78
CUST_00049,2025-08-14,56.92
CUST_01096,2025-08-14,27.31
CUST_00436,2025-08-14,24.76
CUST_00596,2025-08-14,3.23
CUST_01997,2025-08-15,39.92
CUST_02686,2025-08-15,5.52
CUST_02686,2025-08-15,53.02
CUST_02945,2025-08-15,98.3
CUST_03155,2025-08-15,30.16
CUST_04772,2025-08-15,2.7
CUST_01362,2025-08-15,12.33
CUST_00560,2025-08-15,20.89
CUST_02913,2025-08-15,81.02
CUST_02778,2025-08-15,40.08
CUST_01157,2025-08-15,26.75
CUST_04847,2025-08-15,2.71
CUST_00251,2025-08-15,39.27
CUST_01575,2025-08-15,148.16
CUST_04785,2025-08-15,40.77
CUST_04877,2025-08-15,7.22
CUST_01798,2025-08-15,39.17
CUST_04873,2025-08-15,67.32
CUST_02806,2025-08-15,24.81
CUST_03025,2025-08-15,16.18
CUST_03686,2025-08-15,7.2
CUST_02800,2025-08-15,78.87
CUST_04999,2025-08-15,3.92
CUST_04069,2025-08-15,3.37
CUST_03031,2025-08-15,29.27
CUST_03385,2025-08-16,17.49
CUST_04609,2025-08-16,20.35
CUST_04993,2025-08-16,26.91
CUST_04987,2025-08-16,51.41
CUST_00667,2025-08-16,27.33
CUST_04300,2025-08-16,61.15
CUST_00233,2025-08-16,59.8
CUST_00949,2025-08-16,5.16
CUST_02699,2025-08-16,25.58
CUST_04281,2025-08-16,23.32
CUST_00159,2025-08-16,11.95
CUST_01588,2025-08-16,30.7
CUST_04152,2025-08-16,19.69
CUST_04647,2025-08-16,10.09
CUST_00112,2025-08-16,35.35
CUST_00161,2025-08-16,2.63
CUST_02820,2025-08-16,26.81
CUST_03720,2025-08-16,70.69
CUST_03288,2025-08-16,61.64
CUST_00385,2025-08-16,14.7
CUST_01072,2025-08-16,376.28
CUST_01631,2025-08-16,42.63
CUST_03518,2025-08-17,38.43
CUST_04589,2025-08-17,7.38
CUST_03830,2025-08-17,3.69
CUST_02301,2025-08-17,10.53
CUST_01469,2025-08-17,7.33
CUST_00984,2025-08-17,3.52
CUST_04749,2025-08-17,9.38
CUST_02319,2025-08-17,27.86
CUST_03866,2025-08-17,6.72
CUST_02413,2025-08-17,7.85
CUST_04633,2025-08-17,3.4
CUST_03172,2025-08-17,6.69
CUST_02279,2025-08-17,22.47
CUST_01122,2025-08-17,30.5
CUST_04622,2025-08-17,43.97
CUST_04120,2025-08-17,3.09
CUST_04677,2025-08-17,9.0
CUST_04244,2025-08-17,14.93
CUST_00333,2025-08-17,12.16
CUST_04136,2025-08-17,26.98
CUST_04300,2025-08-17,30.78
CUST_02234,2025-08-17,12.39
CUST_01049,2025-08-17,21.33
CUST_04126,2025-08-17,15.51
CUST_04519,2025-08-18,8.06
CUST_01195,2025-08-18,8.52
CUST_03260,2025-08-18,31.97
CUST_04244,2025-08-18,13.87
CUST_00012,2025-08-18,8.8
CUST_03266,2025-08-18,4.25
CUST_01895,2025-08-18,3.35
CUST_03808,2025-08-18,16.87
CUST_00643,2025-08-18,31.38
CUST_02121,2025-08-18,21.87
CUST_04347,2025-08-18,19.08
CUST_03669,2025-08-18,256.05
CUST_02821,2025-08-18,32.38
CUST_03915,2025-08-18,5.25
CUST_01978,2025-08-18,39.86
CUST_03182,2025-08-18,43.37
CUST_01010,2025-08-18,28.42
CUST_03875,2025-08-18,33.58
CUST_04823,2025-08-18,15.92
CUST_02631,2025-08-18,6.49
CUST_04029,2025-08-18,7.08
CUST_03644,2025-08-18,6.3
CUST_03550,2025-08-18,33.34
CUST_04838,2025-08-19,50.55
CUST_02737,2025-08-19,13.17
CUST_01086,2025-08-19,33.14
CUST_00392,2025-08-19,29.95
CUST_02617,2025-08-19,3.32
CUST_04339,2025-08-19,10.94
CUST_02743,2025-08-19,16.14
CUST_02749,2025-08-19,14.65
CUST_00012,2025-08-19,14.04
CUST_04408,2025-08-19,79.98
CUST_02646,2025-08-19,32.92
CUST_00484,2025-08-19,18.06
CUST_04281,2025-08-19,14.26
CUST_03141,2025-08-19,31.96
CUST_04812,2025-08-19,11.87
CUST_04263,2025-08-19,21.75
CUST_03068,2025-08-19,1.45
CUST_02529,2025-08-19,30.82
CUST_00568,2025-08-19,18.33
CUST_04922,2025-08-19,25.3
CUST_00571,2025-08-19,75.08
CUST_03121,2025-08-19,21.06
CUST_03001,2025-08-19,1.71
CUST_04323,2025-08-19,14.56
CUST_03475,2025-08-19,143.3
CUST_01260,2025-08-19,3.41
CUST_01239,2025-08-19,12.31
CUST_03618,2025-08-19,23.11
CUST_01605,2025-08-19,68.92
CUST_01576,2025-08-19,6.13
CUST_03536,2025-08-19,9.15
CUST_02301,2025-08-19,3.04
CUST_03487,2025-08-19,14.38
CUST_00702,2025-08-20,9.01
CUST_01997,2025-08-20,15.34
CUST_04179,2025-08-20,39.33
CUST_00405,2025-08-20,33.22
CUST_04300,2025-08-20,19.97
CUST_04689,2025-08-20,29.85
CUST_04519,2025-08-20,6.31
CUST_03476,2025-08-20,5.83
CUST_03006,2025-08-20,3.77
CUST_03063,2025-08-20,99.96
CUST_04600,2025-08-20,25.12
CUST_01220,2025-08-20,12.73
CUST_04940,2025-08-20,68.48
CUST_01793,2025-08-20,60.34
CUST_03027,2025-08-20,4.73
CUST_02585,2025-08-20,22.68
CUST_01635,2025-08-20,43.8
CUST_02482,2025-08-20,13.25
CUST_02583,2025-08-20,8.87
CUST_04164,2025-08-20,24.96
CUST_00867,2025-08-20,37.69
CUST_03783,2025-08-20,17.66
CUST_03371,2025-08-20,77.38
CUST_04035,2025-08-20,8.32
CUST_04033,2025-08-20,92.17
CUST_04282,2025-08-20,18.95
CUST_02812,2025-08-20,13.96
CUST_02458,2025-08-20,21.01
CUST_02546,2025-08-21,60.54
CUST_00948,2025-08-21,9.34
CUST_04024,2025-08-21,9.39
CUST_02368,2025-08-21,100.23
CUST_03493,2025-08-21,14.42
CUST_01553,2025-08-21,57.52
CUST_01375,2025-08-21,8.22
CUST_03718,2025-08-21,11.08
CUST_03208,2025-08-21,6.09
CUST_04031,2025-08-21,20.23
CUST_02614,2025-08-21,141.32
CUST_04300,2025-08-21,8.25
CUST_03866,2025-08-21,66.73
CUST_03122,2025-08-21,26.55
CUST_02703,2025-08-21,208.62
CUST_04702,2025-08-21,93.74
CUST_00435,2025-08-21,44.09
CUST_02703,2025-08-21,3.45
CUST_04372,2025-08-21,36.53
CUST_02275,2025-08-21,34.68
CUST_01786,2025-08-21,123.09
CUST_02539,2025-08-21,4.19
CUST_01466,2025-08-22,19.13
CUST_01743,2025-08-22,96.58
CUST_01018,2025-08-22,14.07
CUST_01168,2025-08-22,6.12
CUST_01738,2025-08-22,80.77
CUST_02511,2025-08-22,6.84
CUST_01270,2025-08-22,25.95
CUST_04519,2025-08-22,7.82
CUST_03874,2025-08-22,27.89
CUST_00385,2025-08-22,19.14
CUST_02928,2025-08-22,35.21
CUST_01639,2025-08-22,63.22
CUST_02090,2025-08-22,26.07
CUST_00622,2025-08-22,37.61
CUST_00621,2025-08-22,6.57
CUST_02953,2025-08-22,62.88
CUST_04246,2025-08-22,1.52
CUST_03218,2025-08-22,52.25
CUST_02323,2025-08-23,8.77
CUST_02953,2025-08-23,6.6
CUST_00333,2025-08-23,8.11
CUST_04737,2025-08-23,2.71
CUST_00748,2025-08-23,7.85
CUST_04281,2025-08-23,41.06
CUST_00256,2025-08-23,67.94
CUST_02995,2025-08-23,87.67
CUST_02306,2025-08-23,110.4
CUST_00772,2025-08-23,1.97
CUST_01245,2025-08-23,112.36
CUST_00588,2025-08-23,12.7
CUST_04027,2025-08-23,46.04
CUST_02707,2025-08-23,13.35
CUST_00185,2025-08-23,8.71
CUST_01987,2025-08-23,43.44
CUST_01656,2025-08-23,14.06
CUST_01921,2025-08-23,19.71
CUST_04189,2025-08-23,11.64
CUST_02539,2025-08-23,7.91
CUST_03860,2025-08-23,8.24
CUST_01772,2025-08-23,8.09
CUST_03670,2025-08-23,10.43
CUST_03775,2025-08-23,57.53
CUST_04197,2025-08-23,34.52
CUST_02799,2025-08-23,33.39
CUST_01423,2025-08-24,238.37
CUST_02747,2025-08-24,12.37
CUST_04519,2025-08-24,16.84
CUST_00150,2025-08-24,14.73
CUST_03182,2025-08-24,65.9
CUST_02704,2025-08-24,5.95
CUST_02326,2025-08-24,6.0
CUST_04111,2025-08-24,28.01
CUST_03783,2025-08-24,9.6
CUST_04475,2025-08-24,32.13
CUST_02564,2025-08-24,28.15
CUST_00462,2025-08-24,45.25
CUST_00462,2025-08-24,25.77
CUST_01699,2025-08-24,4.04
CUST_03370,2025-08-24,17.76
CUST_04727,2025-08-24,31.13
CUST_04474,2025-08-24,3.15
CUST_04519,2025-08-24,103.1
CUST_04232,2025-08-24,182.74
CUST_03082,2025-08-24,8.69
CUST_01220,2025-08-24,4.01
CUST_00048,2025-08-24,33.89
CUST_00991,2025-08-24,8.43
CUST_02973,2025-08-24,2.06
CUST_04313,2025-08-24,8.16
CUST_01580,2025-08-24,6.42
CUST_04646,2025-08-24,41.4
CUST_04260,2025-08-25,62.17
CUST_00752,2025-08-25,35.74
CUST_04877,2025-08-25,19.24
CUST_02974,2025-08-25,409.03
CUST_03471,2025-08-25,19.13
CUST_03072,2025-08-25,12.1
CUST_01995,2025-08-25,7.02
CUST_01980,2025-08-25,6.29
CUST_04483,2025-08-25,6.32
CUST_04666,2025-08-25,24.64
CUST_04142,2025-08-25,38.31
CUST_01017,2025-08-25,66.58
CUST_04971,2025-08-25,404.1
CUST_04557,2025-08-25,15.58
CUST_01966,2025-08-25,4.46
CUST_00135,2025-08-25,13.95
CUST_04300,2025-08-25,12.65
CUST_03706,2025-08-25,3.17
CUST_00982,2025-08-25,27.04
CUST_03298,2025-08-25,58.37
CUST_02773,2025-08-25,51.75
CUST_04290,2025-08-26,18.68
CUST_04537,2025-08-26,7.33
CUST_00030,2025-08-26,39.05
CUST_04762,2025-08-26,7.75
CUST_03592,2025-08-26,15.85
CUST_03885,2025-08-26,9.29
CUST_03332,2025-08-26,16.69
CUST_03978,2025-08-26,24.34
CUST_02539,2025-08-26,23.99
CUST_00552,2025-08-26,55.95
CUST_03415,2025-08-26,28.45
CUST_02539,2025-08-26,8.59
CUST_01480,2025-08-26,16.24
CUST_00638,2025-08-26,86.8
CUST_04661,2025-08-26,20.06
CUST_02704,2025-08-26,10.57
CUST_02343,2025-08-26,57.22
CUST_04483,2025-08-26,9.83
CUST_04366,2025-08-26,20.98
CUST_00950,2025-08-26,111.37
CUST_03266,2025-08-27,40.51
CUST_04791,2025-08-27,43.57
CUST_01315,2025-08-27,1.65
CUST_04623,2025-08-27,11.85
CUST_00982,2025-08-27,15.93
CUST_04082,2025-08-27,27.67
CUST_04462,2025-08-27,15.92
CUST_01597,2025-08-27,4.84
CUST_00524,2025-08-27,1.14
CUST_00408,2025-08-27,25.21
CUST_01618,2025-08-27,14.12
CUST_00908,2025-08-27,31.67
CUST_02756,2025-08-27,8.7
CUST_00399,2025-08-27,59.44
CUST_01164,2025-08-27,8.39
CUST_04753,2025-08-27,48.67
CUST_01257,2025-08-27,29.79
CUST_03816,2025-08-27,19.01
CUST_00017,2025-08-27,17.03
CUST_00620,2025-08-27,65.77
CUST_04321,2025-08-27,1.32
CUST_01569,2025-08-27,72.98
CUST_01097,2025-08-28,14.51
CUST_02044,2025-08-28,7.4
CUST_01704,2025-08-28,6.37
CUST_01044,2025-08-28,38.21
CUST_01086,2025-08-28,15.11
CUST_02299,2025-08-28,69.91
CUST_03813,2025-08-28,12.11
CUST_03320,2025-08-28,10.72
CUST_04321,2025-08-28,6.88
CUST_00960,2025-08-28,12.36
CUST_04264,2025-08-28,21.81
CUST_01363,2025-08-28,12.02
CUST_02238,2025-08-28,41.39
CUST_03501,2025-08-28,61.51
CUST_00559,2025-08-28,14.39
CUST_00965,2025-08-28,47.71
CUST_04128,2025-08-28,2.48
CUST_04994,2025-08-28,45.26
CUST_04271,2025-08-28,34.28
CUST_02873,2025-08-28,3.25
CUST_04999,2025-08-28,111.38
CUST_02618,2025-08-28,13.12
CUST_00060,2025-08-28,36.33
CUST_00177,2025-08-28,32.44
CUST_00369,2025-08-29,24.78
CUST_02413,2025-08-29,77.19
CUST_01848,2025-08-29,34.77
CUST_01372,2025-08-29,22.41
CUST_03182,2025-08-29,45.3
CUST_00749,2025-08-29,2.67
CUST_03086,2025-08-29,32.72
CUST_00105,2025-08-29,1.31
CUST_04603,2025-08-29,25.17
CUST_04027,2025-08-29,27.35
CUST_03100,2025-08-29,26.25
CUST_03935,2025-08-29,3.37
CUST_04311,2025-08-29,17.21
CUST_02627,2025-08-29,14.05
CUST_02531,2025-08-29,13.78
CUST_03327,2025-08-29,11.88
CUST_03006,2025-08-29,21.34
CUST_02932,2025-08-29,26.08
CUST_04155,2025-08-29,18.31
CUST_03767,2025-08-29,5.31
CUST_01084,2025-08-29,36.35
CUST_03006,2025-08-29,2.93
CUST_01085,2025-08-29,12.44
CUST_04117,2025-08-29,22.03
CUST_04400,2025-08-29,37.83
CUST_01934,2025-08-29,33.75
CUST_01375,2025-08-29,17.19
CUST_02004,2025-08-29,12.35
CUST_01430,2025-08-29,5.22
CUST_04085,2025-08-29,7.45
CUST_02197,2025-08-30,8.44
CUST_01875,2025-08-30,122.73
CUST_03006,2025-08-30,109.34
CUST_01639,2025-08-30,1.33
CUST_01918,2025-08-30,5.42
CUST_04770,2025-08-30,4.21
CUST_03895,2025-08-30,11.19
CUST_00862,2025-08-30,19.92
CUST_02675,2025-08-30,20.19
CUST_01639,2025-08-30,16.22
CUST_04694,2025-08-30,57.39
CUST_01017,2025-08-30,53.58
CUST_04924,2025-08-30,18.73
CUST_02100,2025-08-30,24.31
CUST_03712,2025-08-30,3.35
CUST_00338,2025-08-30,36.44
CUST_02048,2025-08-30,17.37
CUST_01327,2025-08-30,180.15
CUST_04747,2025-08-31,5.73
CUST_04037,2025-08-31,3.65
CUST_04765,2025-08-31,15.27
CUST_03294,2025-08-31,10.91
CUST_04966,2025-08-31,5.34
CUST_01772,2025-08-31,40.23
CUST_04235,2025-08-31,44.38
CUST_00809,2025-08-31,34.52
CUST_01138,2025-08-31,6.81
CUST_03722,2025-08-31,103.9
CUST_02274,2025-08-31,12.4
CUST_03988,2025-08-31,59.22
CUST_00702,2025-08-31,21.15
CUST_02531,2025-08-31,18.4
CUST_04192,2025-08-31,16.57
CUST_00352,2025-09-01,67.33
CUST_02290,2025-09-01,14.99
CUST_01496,2025-09-01,15.94
CUST_01542,2025-09-01,50.85
CUST_03194,2025-09-01,7.98
CUST_00462,2025-09-01,14.08
CUST_02703,2025-09-01,34.48
CUST_01552,2025-09-01,13.38
CUST_03113,2025-09-01,5.77
CUST_04155,2025-09-01,8.56
CUST_02704,2025-09-01,1.64
CUST_00631,2025-09-01,6.02
CUST_04510,2025-09-01,3.26
CUST_00856,2025-09-01,11.92
CUST_00790,2025-09-01,74.12
CUST_03894,2025-09-01,127.87
CUST_03718,2025-09-01,28.71
CUST_04136,2025-09-01,11.86
CUST_04984,2025-09-01,17.44
CUST_04285,2025-09-01,39.1
CUST_04126,2025-09-02,7.09
CUST_02413,2025-09-02,18.15
CUST_03813,2025-09-02,8.87
CUST_02124,2025-09-02,367.37
CUST_04191,2025-09-02,5.25
CUST_01455,2025-09-02,56.69
CUST_01516,2025-09-02,13.67
CUST_00820,2025-09-02,7.08
CUST_00725,2025-09-02,45.25
CUST_02707,2025-09-02,26.75
CUST_01253,2025-09-02,14.79
CUST_04228,2025-09-02,20.16
CUST_04900,2025-09-02,25.37
CUST_02293,2025-09-02,122.28
CUST_03783,2025-09-02,45.57
CUST_00185,2025-09-02,64.97
CUST_02945,2025-09-03,39.23
CUST_00104,2025-09-03,4.55
CUST_02397,2025-09-03,42.92
CUST_02667,2025-09-03,14.96
CUST_02618,2025-09-03,4.59
CUST_01574,2025-09-03,4.73
CUST_02047,2025-09-03,105.41
CUST_01726,2025-09-03,2.62
CUST_01094,2025-09-03,66.14
CUST_03949,2025-09-03,6.19
CUST_01170,2025-09-03,6.77
CUST_04417,2025-09-03,139.76
CUST_02980,2025-09-03,39.12
CUST_02164,2025-09-03,8.55
CUST_00005,2025-09-03,11.2
CUST_00909,2025-09-03,7.55
CUST_03245,2025-09-03,42.99
CUST_02836,2025-09-03,30.35
CUST_02879,2025-09-03,12.38
CUST_04244,2025-09-03,25.74
CUST_04321,2025-09-03,10.03
CUST_00367,2025-09-03,21.87
CUST_03436,2025-09-03,10.0
CUST_01656,2025-09-03,9.8
CUST_03491,2025-09-03,23.68
CUST_01246,2025-09-03,7.99
CUST_00546,2025-09-03,17.93
CUST_03783,2025-09-03,15.97
CUST_03926,2025-09-04,3.65
CUST_04281,2025-09-04,7.47
CUST_04409,2025-09-04,10.53
CUST_00333,2025-09-04,49.86
CUST_03987,2025-09-04,78.32
CUST_04958,2025-09-04,9.9
CUST_03097,2025-09-04,19.44
CUST_02364,2025-09-04,57.81
CUST_01933,2025-09-04,14.14
CUST_03045,2025-09-04,6.67
CUST_04300,2025-09-04,13.58
CUST_00546,2025-09-04,119.21
CUST_01861,2025-09-04,57.46
CUST_03121,2025-09-04,52.3
CUST_04655,2025-09-04,98.68
CUST_01372,2025-09-04,217.45
CUST_00870,2025-09-04,39.36
CUST_04548,2025-09-04,23.3
CUST_02703,2025-09-05,31.04
CUST_01014,2025-09-05,28.74
CUST_02024,2025-09-05,7.03
CUST_02301,2025-09-05,24.04
CUST_02698,2025-09-05,6.66
CUST_00849,2025-09-05,118.25
CUST_02024,2025-09-05,5.77
CUST_02578,2025-09-05,3.73
CUST_04256,2025-09-05,47.21
CUST_00555,2025-09-05,72.32
CUST_04402,2025-09-05,23.41
CUST_03873,2025-09-05,241.71
CUST_01354,2025-09-05,35.7
CUST_02094,2025-09-05,6.0
CUST_04673,2025-09-05,13.42
CUST_02284,2025-09-05,70.78
CUST_04679,2025-09-05,73.46
CUST_04331,2025-09-05,7.33
CUST_01300,2025-09-05,33.95
CUST_02903,2025-09-05,9.53
CUST_01532,2025-09-05,18.18
CUST_03063,2025-09-06,8.39
CUST_04321,2025-09-06,10.8
CUST_01318,2025-09-06,28.03
CUST_01853,2025-09-06,20.22
CUST_04765,2025-09-06,35.22
CUST_02668,2025-09-06,20.18
CUST_04117,2025-09-06,68.67
CUST_00962,2025-09-06,78.93
CUST_02141,2025-09-06,57.48
CUST_02064,2025-09-06,23.25
CUST_04083,2025-09-06,20.54
CUST_04136,2025-09-06,16.55
CUST_02728,2025-09-06,16.14
CUST_02413,2025-09-06,8.3
CUST_02301,2025-09-06,46.84
CUST_04281,2025-09-06,70.91
CUST_01455,2025-09-06,56.6
CUST_00792,2025-09-06,4.57
CUST_02413,2025-09-06,31.74
CUST_01747,2025-09-06,241.75
CUST_01773,2025-09-06,81.53
CUST_00072,2025-09-06,25.95
CUST_04244,2025-09-06,31.08
CUST_02966,2025-09-06,90.09
CUST_00598,2025-09-06,34.42
CUST_04098,2025-09-06,5.45
CUST_00983,2025-09-06,6.45
CUST_03668,2025-09-07,9.55
CUST_04651,2025-09-07,32.34
CUST_03320,2025-09-07,5.54
CUST_01421,2025-09-07,14.54
CUST_02705,2025-09-07,11.37
CUST_04823,2025-09-07,23.37
CUST_04252,2025-09-07,11.09
CUST_04986,2025-09-07,28.41
CUST_02952,2025-09-07,16.69
CUST_04737,2025-09-07,6.34
CUST_03783,2025-09-07,130.79
CUST_02427,2025-09-07,41.13
CUST_00728,2025-09-07,73.14
CUST_04731,2025-09-07,7.84
CUST_02707,2025-09-07,14.86
CUST_04747,2025-09-07,17.66
CUST_01385,2025-09-07,114.93
CUST_01319,2025-09-07,16.37
CUST_03185,2025-09-07,3.52
CUST_03073,2025-09-07,3.17
CUST_02799,2025-09-07,48.77
CUST_04408,2025-09-07,18.13
CUST_02803,2025-09-07,56.87
CUST_03852,2025-09-07,36.19
CUST_01430,2025-09-07,29.1
CUST_00811,2025-09-07,1.0
CUST_00122,2025-09-08,81.06
CUST_04399,2025-09-08,41.9
CUST_00877,2025-09-08,344.97
CUST_03361,2025-09-08,18.67
CUST_01552,2025-09-08,76.66
CUST_04593,2025-09-08,55.75
CUST_04593,2025-09-08,31.92
CUST_02639,2025-09-08,8.28
CUST_02529,2025-09-08,16.57
CUST_02218,2025-09-08,39.36
CUST_02272,2025-09-08,37.7
CUST_02667,2025-09-08,3.89
CUST_03468,2025-09-08,90.49
CUST_04658,2025-09-08,27.59
CUST_02083,2025-09-08,10.57
CUST_00757,2025-09-08,16.7
CUST_00275,2025-09-08,12.96
CUST_01721,2025-09-08,26.09
CUST_03826,2025-09-08,45.0
CUST_02779,2025-09-08,24.57
CUST_02686,2025-09-08,11.88
CUST_02539,2025-09-08,20.45
CUST_00531,2025-09-08,40.73
CUST_02709,2025-09-08,20.96
CUST_04787,2025-09-08,7.73
CUST_03826,2025-09-08,108.83
CUST_00206,2025-09-08,19.58
CUST_03874,2025-09-08,49.73
CUST_02438,2025-09-09,209.86
CUST_04877,2025-09-09,13.93
CUST_02966,2025-09-09,3.26
CUST_03311,2025-09-09,32.42
CUST_00677,2025-09-09,20.27
CUST_03102,2025-09-09,90.6
CUST_04373,2025-09-09,16.85
CUST_02798,2025-09-09,14.16
CUST_02653,2025-09-09,10.8
CUST_04472,2025-09-09,8.42
CUST_02562,2025-09-09,24.22
CUST_02966,2025-09-09,12.2
CUST_00686,2025-09-09,56.04
CUST_01025,2025-09-09,33.7
CUST_00767,2025-09-09,10.8
CUST_01260,2025-09-09,33.4
CUST_01070,2025-09-09,5.41
CUST_03245,2025-09-09,156.42
CUST_03705,2025-09-09,17.98
CUST_04899,2025-09-09,11.37
CUST_00397,2025-09-09,37.43
CUST_02084,2025-09-09,13.48
CUST_04244,2025-09-09,68.82
CUST_01047,2025-09-09,17.95
CUST_04519,2025-09-09,17.68
CUST_01319,2025-09-09,45.31
CUST_04098,2025-09-09,19.62
CUST_04795,2025-09-09,54.46
CUST_00315,2025-09-09,28.86
CUST_02322,2025-09-09,11.41
CUST_03210,2025-09-10,11.97
CUST_03094,2025-09-10,97.58
CUST_03675,2025-09-10,9.94
CUST_03651,2025-09-10,3.41
CUST_04296,2025-09-10,12.66
CUST_03064,2025-09-10,11.2
CUST_01949,2025-09-10,26.57
CUST_02368,2025-09-10,58.59
CUST_03668,2025-09-10,45.09
CUST_02368,2025-09-10,38.64
CUST_04519,2025-09-10,26.42
CUST_02836,2025-09-10,7.34
CUST_00074,2025-09-10,40.26
CUST_03465,2025-09-10,11.5
CUST_03520,2025-09-10,2.45
CUST_04152,2025-09-10,113.29
CUST_04885,2025-09-10,19.08
CUST_04547,2025-09-11,20.88
CUST_03784,2025-09-11,30.55
CUST_01352,2025-09-11,16.16
CUST_03063,2025-09-11,5.69
CUST_02181,2025-09-11,9.42
CUST_04098,2025-09-11,65.12
CUST_04318,2025-09-11,16.69
CUST_03550,2025-09-11,50.43
CUST_01844,2025-09-11,3.25
CUST_04747,2025-09-11,15.87
CUST_04098,2025-09-11,32.7
CUST_01801,2025-09-11,24.6
CUST_02059,2025-09-11,36.85
CUST_00795,2025-09-11,56.94
CUST_01354,2025-09-11,32.73
CUST_04058,2025-09-11,44.51
CUST_03334,2025-09-11,123.01
CUST_02539,2025-09-11,23.27
CUST_02598,2025-09-11,7.28
CUST_04300,2025-09-11,11.9
CUST_04755,2025-09-11,28.71
CUST_03021,2025-09-11,7.42
CUST_03182,2025-09-11,15.99
CUST_04855,2025-09-11,58.1
CUST_04111,2025-09-11,16.2
CUST_03205,2025-09-11,8.58
CUST_04202,2025-09-11,10.88
CUST_03311,2025-09-12,21.48
CUST_03783,2025-09-12,23.12
CUST_00143,2025-09-12,13.79
CUST_01412,2025-09-12,48.16
CUST_02735,2025-09-12,2.06
CUST_02348,2025-09-12,85.19
CUST_04579,2025-09-12,15.63
CUST_01260,2025-09-12,24.75
CUST_01094,2025-09-12,40.69
CUST_04764,2025-09-12,24.7
CUST_03783,2025-09-12,11.46
CUST_01532,2025-09-12,23.3
CUST_02650,2025-09-12,153.52
CUST_04321,2025-09-12,36.47
CUST_03403,2025-09-12,3.34
CUST_03421,2025-09-12,10.71
CUST_01887,2025-09-12,47.12
CUST_01114,2025-09-12,225.76
CUST_00400,2025-09-12,11.45
CUST_04623,2025-09-12,28.34
CUST_04689,2025-09-12,50.76
CUST_03245,2025-09-12,2.59
CUST_01982,2025-09-12,9.49
CUST_00035,2025-09-12,11.76
CUST_03001,2025-09-12,13.68
CUST_02489,2025-09-12,11.34
CUST_03668,2025-09-12,24.21
CUST_02520,2025-09-13,132.57
CUST_04051,2025-09-13,64.53
CUST_00767,2025-09-13,29.77
CUST_02539,2025-09-13,11.47
CUST_02526,2025-09-13,21.7
CUST_04835,2025-09-13,14.32
CUST_01742,2025-09-13,12.62
CUST_03161,2025-09-13,50.8
CUST_04689,2025-09-13,8.57
CUST_04593,2025-09-13,67.66
CUST_02395,2025-09-13,17.05
CUST_02845,2025-09-13,103.54
CUST_03350,2025-09-13,9.59
CUST_01592,2025-09-13,3.52
CUST_01870,2025-09-13,6.06
CUST_04244,2025-09-13,20.49
CUST_01944,2025-09-13,16.13
CUST_03783,2025-09-13,15.05
CUST_02301,2025-09-13,9.74
CUST_04021,2025-09-13,39.07
CUST_02725,2025-09-14,19.25
CUST_02301,2025-09-14,20.2
CUST_03146,2025-09-14,11.05
CUST_00495,2025-09-14,9.87
CUST_04189,2025-09-14,8.38
CUST_00702,2025-09-14,15.32
CUST_04726,2025-09-14,24.07
CUST_00630,2025-09-14,20.3
CUST_00271,2025-09-14,1.39
CUST_02027,2025-09-14,21.24
CUST_00804,2025-09-14,42.13
CUST_03419,2025-09-14,14.54
CUST_02823,2025-09-14,4.8
CUST_00843,2025-09-14,18.2
CUST_01152,2025-09-14,4.52
CUST_02992,2025-09-14,7.62
CUST_01859,2025-09-14,67.67
CUST_04252,2025-09-14,4.75
CUST_00287,2025-09-14,106.71
CUST_03169,2025-09-14,2.25
CUST_04713,2025-09-14,4.13
CUST_01321,2025-09-14,20.11
CUST_00986,2025-09-14,11.62
CUST_02200,2025-09-14,10.14
CUST_04293,2025-09-15,16.06
CUST_03019,2025-09-15,4.83
CUST_01245,2025-09-15,15.27
CUST_00156,2025-09-15,5.89
CUST_01175,2025-09-15,8.37
CUST_04391,2025-09-15,31.09
CUST_03059,2025-09-15,100.2
CUST_04892,2025-09-15,42.75
CUST_01656,2025-09-15,20.37
CUST_04744,2025-09-15,47.18
CUST_03347,2025-09-15,37.0
CUST_01463,2025-09-15,99.1
CUST_00145,2025-09-15,18.23
CUST_04244,2025-09-15,4.94
CUST_00982,2025-09-15,174.53
CUST_02699,2025-09-15,16.69
CUST_00404,2025-09-15,51.36
CUST_04640,2025-09-15,197.53
CUST_01573,2025-09-15,4.83
CUST_02124,2025-09-15,7.89
CUST_01735,2025-09-15,90.07
CUST_04654,2025-09-15,53.25
CUST_02398,2025-09-15,62.11
CUST_01094,2025-09-15,51.03
CUST_02079,2025-09-15,16.27
CUST_03320,2025-09-16,31.69
CUST_02707,2025-09-16,8.48
CUST_03479,2025-09-16,8.2
CUST_03562,2025-09-16,54.87
CUST_03970,2025-09-16,10.52
CUST_01442,2025-09-16,13.76
CUST_04615,2025-09-16,152.27
CUST_04885,2025-09-16,24.72
CUST_03119,2025-09-16,67.89
CUST_01656,2025-09-16,11.49
CUST_03508,2025-09-16,24.86
CUST_01529,2025-09-16,95.58
CUST_01776,2025-09-16,102.85
CUST_03218,2025-09-16,67.58
CUST_03014,2025-09-16,30.88
CUST_01093,2025-09-16,15.4
CUST_02727,2025-09-17,38.08
CUST_04291,2025-09-17,10.56
CUST_03690,2025-09-17,17.89
CUST_02660,2025-09-17,34.73
CUST_00249,2025-09-17,31.78
CUST_03816,2025-09-17,16.44
CUST_02368,2025-09-17,48.97
CUST_04321,2025-09-17,4.79
CUST_01847,2025-09-17,33.45
CUST_04230,2025-09-17,4.01
CUST_01858,2025-09-17,56.53
CUST_00975,2025-09-17,58.03
CUST_02805,2025-09-17,18.0
CUST_03760,2025-09-17,143.5
CUST_00048,2025-09-17,59.29
CUST_01253,2025-09-17,11.24
CUST_04660,2025-09-17,5.85
CUST_01382,2025-09-17,3.97
CUST_03006,2025-09-18,19.09
CUST_02539,2025-09-18,21.22
CUST_04855,2025-09-18,13.21
CUST_03205,2025-09-18,21.09
CUST_02026,2025-09-18,26.46
CUST_02753,2025-09-18,178.64
CUST_02550,2025-09-18,22.75
CUST_04943,2025-09-18,53.04
CUST_01905,2025-09-18,5.09
CUST_00877,2025-09-18,34.96
CUST_00539,2025-09-18,70.71
CUST_04668,2025-09-18,4.59
CUST_03783,2025-09-18,31.18
CUST_04944,2025-09-18,3.34
CUST_00630,2025-09-18,6.22
CUST_01561,2025-09-18,31.65
CUST_00244,2025-09-18,43.4
CUST_04934,2025-09-18,22.17
CUST_02391,2025-09-18,35.48
CUST_02319,2025-09-18,18.45
CUST_04569,2025-09-18,14.74
CUST_03456,2025-09-19,37.85
CUST_01394,2025-09-19,14.58
CUST_02958,2025-09-19,12.95
CUST_03783,2025-09-19,58.31
CUST_03301,2025-09-19,54.51
CUST_02539,2025-09-19,20.94
CUST_04321,2025-09-19,3.69
CUST_03303,2025-09-19,5.2
CUST_03900,2025-09-19,8.86
CUST_01254,2025-09-19,44.85
CUST_00655,2025-09-19,64.28
CUST_04713,2025-09-19,22.79
CUST_04152,2025-09-19,25.04
CUST_04368,2025-09-19,8.67
CUST_02235,2025-09-19,6.21
CUST_04689,2025-09-19,64.0
CUST_02219,2025-09-19,77.89
CUST_04370,2025-09-19,4.8
CUST_03485,2025-09-19,37.57
CUST_02058,2025-09-19,73.92
CUST_03171,2025-09-19,54.54
CUST_01254,2025-09-19,12.93
CUST_03367,2025-09-19,10.92
CUST_04823,2025-09-19,16.26
CUST_04281,2025-09-19,10.57
CUST_00998,2025-09-19,50.46
CUST_04030,2025-09-20,12.45
CUST_01272,2025-09-20,40.76
CUST_04662,2025-09-20,9.11
CUST_03965,2025-09-20,40.83
CUST_00581,2025-09-20,11.3
CUST_04152,2025-09-20,13.78
CUST_02686,2025-09-20,52.18
CUST_01373,2025-09-20,5.25
CUST_03974,2025-09-20,110.84
CUST_02124,2025-09-20,48.46
CUST_03471,2025-09-20,124.39
CUST_00894,2025-09-20,16.6
CUST_03813,2025-09-20,15.46
CUST_02913,2025-09-20,62.47
CUST_04519,2025-09-20,6.06
CUST_00435,2025-09-20,128.19
CUST_02613,2025-09-20,7.15
CUST_04736,2025-09-20,42.89
CUST_04377,2025-09-20,71.96
CUST_04741,2025-09-20,130.11
CUST_04896,2025-09-20,35.94
CUST_03205,2025-09-20,55.71
CUST_01138,2025-09-20,6.55
CUST_01141,2025-09-20,217.82
CUST_00767,2025-09-20,13.14
CUST_01543,2025-09-20,43.52
CUST_02089,2025-09-20,7.37
CUST_00746,2025-09-20,5.93
CUST_04519,2025-09-21,58.81
CUST_01894,2025-09-21,63.93
CUST_02707,2025-09-21,8.58
CUST_04984,2025-09-21,13.39
CUST_03160,2025-09-21,18.86
CUST_01200,2025-09-21,45.68
CUST_03435,2025-09-21,7.31
CUST_00877,2025-09-21,6.35
CUST_02167,2025-09-21,6.82
CUST_04101,2025-09-21,10.05
CUST_01012,2025-09-21,23.96
CUST_03320,2025-09-21,3.52
CUST_04736,2025-09-21,23.26
CUST_03313,2025-09-21,31.38
CUST_04098,2025-09-21,12.21
CUST_02866,2025-09-21,18.82
CUST_03970,2025-09-21,18.17
CUST_04331,2025-09-21,5.92
CUST_01338,2025-09-21,42.71
CUST_04726,2025-09-22,75.89
CUST_01933,2025-09-22,64.73
CUST_02193,2025-09-22,17.03
CUST_02144,2025-09-22,44.72
CUST_03721,2025-09-22,30.56
CUST_04677,2025-09-22,23.13
CUST_01656,2025-09-22,22.21
CUST_00487,2025-09-22,14.51
CUST_02539,2025-09-22,6.42
CUST_02539,2025-09-22,34.69
CUST_01619,2025-09-22,130.48
CUST_00856,2025-09-22,23.28
CUST_00585,2025-09-22,37.03
CUST_00598,2025-09-22,26.6
CUST_04383,2025-09-22,84.84
CUST_03528,2025-09-22,124.33
CUST_02496,2025-09-22,27.15
CUST_02328,2025-09-22,29.6
CUST_02355,2025-09-22,11.99
CUST_03320,2025-09-22,36.64
CUST_04483,2025-09-23,36.55
CUST_03109,2025-09-23,22.14
CUST_03355,2025-09-23,14.87
CUST_03783,2025-09-23,36.9
CUST_00504,2025-09-23,5.77
CUST_00862,2025-09-23,14.91
CUST_04666,2025-09-23,38.81
CUST_00702,2025-09-23,60.36
CUST_01656,2025-09-23,4.54
CUST_01003,2025-09-23,4.59
CUST_00267,2025-09-23,12.65
CUST_04400,2025-09-23,11.87
CUST_01532,2025-09-23,5.92
CUST_02398,2025-09-23,18.22
CUST_00150,2025-09-23,14.77
CUST_03813,2025-09-23,42.12
CUST_02620,2025-09-24,111.69
CUST_02932,2025-09-24,2.83
CUST_01735,2025-09-24,21.02
CUST_01532,2025-09-24,27.27
CUST_01786,2025-09-24,13.51
CUST_03710,2025-09-24,7.97
CUST_01819,2025-09-24,50.78
CUST_02725,2025-09-24,20.29
CUST_01830,2025-09-24,181.5
CUST_00484,2025-09-24,11.85
CUST_02926,2025-09-24,21.15
CUST_00602,2025-09-24,2.48
CUST_02245,2025-09-24,25.54
CUST_01995,2025-09-24,17.25
CUST_02921,2025-09-24,54.42
CUST_02686,2025-09-24,37.19
CUST_03014,2025-09-24,37.03
CUST_03475,2025-09-24,23.17
CUST_00973,2025-09-24,8.09
CUST_04451,2025-09-24,82.58
CUST_03848,2025-09-24,25.48
CUST_02888,2025-09-24,2.97
CUST_01422,2025-09-24,23.24
CUST_02367,2025-09-24,89.7
CUST_01763,2025-09-24,3.67
CUST_03705,2025-09-24,4.34
CUST_01549,2025-09-24,15.96
CUST_02703,2025-09-24,37.73
CUST_03078,2025-09-24,14.67
CUST_03988,2025-09-24,23.24
CUST_01317,2025-09-24,25.31
CUST_03808,2025-09-25,29.14
CUST_03239,2025-09-25,20.01
CUST_02345,2025-09-25,57.63
CUST_02667,2025-09-25,14.33
CUST_02672,2025-09-25,12.44
CUST_00778,2025-09-25,7.46
CUST_01032,2025-09-25,28.59
CUST_00336,2025-09-25,1.46
CUST_00462,2025-09-25,58.58
CUST_04309,2025-09-25,32.47
CUST_04570,2025-09-25,5.03
CUST_04300,2025-09-25,2.4
CUST_04300,2025-09-25,35.98
CUST_01959,2025-09-25,154.11
CUST_02569,2025-09-25,6.75
CUST_04049,2025-09-25,50.21
CUST_00072,2025-09-25,145.25
CUST_00124,2025-09-26,14.25
CUST_02980,2025-09-26,19.88
CUST_03430,2025-09-26,3.3
CUST_02966,2025-09-26,14.27
CUST_04016,2025-09-26,19.62
CUST_00921,2025-09-26,102.22
CUST_01592,2025-09-26,13.79
CUST_01016,2025-09-26,17.56
CUST_00877,2025-09-26,18.32
CUST_03783,2025-09-26,2.64
CUST_04673,2025-09-26,80.17
CUST_02362,2025-09-26,4.04
CUST_02238,2025-09-26,45.16
CUST_00039,2025-09-26,4.7
CUST_02364,2025-09-26,27.22
CUST_03686,2025-09-26,21.38
CUST_03102,2025-09-26,39.75
CUST_01447,2025-09-26,48.44
CUST_02767,2025-09-26,35.43
CUST_02159,2025-09-26,6.07
CUST_00781,2025-09-27,18.33
CUST_02997,2025-09-27,9.28
CUST_00951,2025-09-27,44.56
CUST_04088,2025-09-27,20.97
CUST_01672,2025-09-27,6.61
CUST_04300,2025-09-27,38.63
CUST_03612,2025-09-27,12.59
CUST_04453,2025-09-27,27.29
CUST_01192,2025-09-27,116.85
CUST_00309,2025-09-27,29.2
CUST_01333,2025-09-27,10.77
CUST_01253,2025-09-27,49.47
CUST_04958,2025-09-27,7.87
CUST_04906,2025-09-27,23.15
CUST_01252,2025-09-27,25.26
CUST_02658,2025-09-27,32.26
CUST_04999,2025-09-27,148.39
CUST_04400,2025-09-27,58.11
CUST_00705,2025-09-28,32.27
CUST_02892,2025-09-28,18.96
CUST_01730,2025-09-28,5.38
CUST_00729,2025-09-28,14.9
CUST_00591,2025-09-28,129.96
CUST_02291,2025-09-28,21.51
CUST_04607,2025-09-28,29.77
CUST_01260,2025-09-28,14.88
CUST_04244,2025-09-28,13.36
CUST_00509,2025-09-28,15.16
CUST_04391,2025-09-28,10.34
CUST_02826,2025-09-28,8.77
CUST_01656,2025-09-28,16.22
CUST_00259,2025-09-28,6.9
CUST_03279,2025-09-28,7.86
CUST_01163,2025-09-28,38.32
CUST_01674,2025-09-28,8.92
CUST_04347,2025-09-28,30.16
CUST_02539,2025-09-28,2.64
CUST_00956,2025-09-28,28.01
CUST_04689,2025-09-28,14.8
CUST_02164,2025-09-28,19.14
CUST_01260,2025-09-29,7.11
CUST_01280,2025-09-29,33.91
CUST_03063,2025-09-29,48.98
CUST_00604,2025-09-29,53.96
CUST_00607,2025-09-29,16.56
CUST_01999,2025-09-29,120.78
CUST_02920,2025-09-29,39.0
CUST_02522,2025-09-29,23.36
CUST_02531,2025-09-29,58.13
CUST_01506,2025-09-29,17.36
CUST_00192,2025-09-29,58.91
CUST_00554,2025-09-29,72.97
CUST_04121,2025-09-29,9.41
CUST_04295,2025-09-29,13.09
CUST_01260,2025-09-30,120.2
CUST_01117,2025-09-30,21.59
CUST_01935,2025-09-30,20.66
CUST_03245,2025-09-30,144.98
CUST_03679,2025-09-30,10.28
CUST_00165,2025-09-30,9.26
CUST_02764,2025-09-30,24.11
CUST_02672,2025-09-30,22.82
CUST_01299,2025-09-30,8.37
CUST_04120,2025-09-30,9.68
CUST_03953,2025-09-30,13.5
CUST_04109,2025-09-30,91.51
CUST_01786,2025-09-30,18.33
CUST_02302,2025-09-30,13.97
CUST_04747,2025-09-30,3.71
CUST_01464,2025-09-30,27.49
CUST_00630,2025-09-30,2.65
CUST_00264,2025-09-30,10.09
CUST_00185,2025-09-30,7.26
CUST_02238,2025-09-30,16.36
CUST_03565,2025-09-30,31.19
CUST_00712,2025-10-01,7.41
CUST_04519,2025-10-01,48.02
CUST_00366,2025-10-01,33.83
CUST_02238,2025-10-01,137.82
CUST_04300,2025-10-01,14.18
CUST_01138,2025-10-01,10.98
CUST_02148,2025-10-01,71.64
CUST_03281,2025-10-01,18.86
CUST_02359,2025-10-01,40.53
CUST_04855,2025-10-01,60.36
CUST_00948,2025-10-01,10.92
CUST_03054,2025-10-01,30.61
CUST_03988,2025-10-01,12.18
CUST_01230,2025-10-01,12.2
CUST_02901,2025-10-01,36.63
CUST_04750,2025-10-01,9.29
CUST_03218,2025-10-01,72.44
CUST_00452,2025-10-01,16.34
CUST_04625,2025-10-01,29.8
CUST_00012,2025-10-01,3.02
CUST_03783,2025-10-01,33.11
CUST_01656,2025-10-01,6.71
CUST_04186,2025-10-02,36.28
CUST_02358,2025-10-02,8.48
CUST_02569,2025-10-02,13.11
CUST_03153,2025-10-02,24.28
CUST_04141,2025-10-02,5.59
CUST_03592,2025-10-02,5.07
CUST_01315,2025-10-02,32.04
CUST_02794,2025-10-02,9.48
CUST_02024,2025-10-02,30.64
CUST_01741,2025-10-02,18.04
CUST_04331,2025-10-02,2.66
CUST_03955,2025-10-02,2.9
CUST_01017,2025-10-02,4.63
CUST_00951,2025-10-02,12.57
CUST_04961,2025-10-02,16.97
CUST_00421,2025-10-02,57.71
CUST_03800,2025-10-02,65.11
CUST_04098,2025-10-02,26.1
CUST_00148,2025-10-02,20.74
CUST_03043,2025-10-02,215.16
CUST_02293,2025-10-02,27.02
CUST_03456,2025-10-02,2.95
CUST_00296,2025-10-02,8.42
CUST_00504,2025-10-03,55.52
CUST_01440,2025-10-03,45.91
CUST_00945,2025-10-03,21.34
CUST_00316,2025-10-03,34.59
CUST_00740,2025-10-03,5.53
CUST_03467,2025-10-03,50.2
CUST_04279,2025-10-03,17.54
CUST_04290,2025-10-03,25.06
CUST_02523,2025-10-03,63.98
CUST_04555,2025-10-03,6.22
CUST_01444,2025-10-03,17.18
CUST_03809,2025-10-03,11.46
CUST_02888,2025-10-03,3.89
CUST_04281,2025-10-03,4.3
CUST_02929,2025-10-03,46.55
CUST_04806,2025-10-03,15.8
CUST_01937,2025-10-03,4.47
CUST_03988,2025-10-03,10.18
CUST_03377,2025-10-03,24.12
CUST_00238,2025-10-03,16.38
CUST_01429,2025-10-03,25.49
CUST_03125,2025-10-03,18.68
CUST_02627,2025-10-03,10.74
CUST_01195,2025-10-03,6.92
CUST_03471,2025-10-03,64.39
CUST_02593,2025-10-03,9.53
CUST_01735,2025-10-03,12.25
CUST_01324,2025-10-03,33.39
CUST_01287,2025-10-03,13.82
CUST_01344,2025-10-03,11.95
CUST_00385,2025-10-03,23.65
CUST_01195,2025-10-04,10.04
CUST_02473,2025-10-04,10.49
CUST_03668,2025-10-04,13.33
CUST_00595,2025-10-04,205.65
CUST_03611,2025-10-04,52.48
CUST_00538,2025-10-04,16.25
CUST_03669,2025-10-04,20.9
CUST_03867,2025-10-04,83.55
CUST_01577,2025-10-04,63.64
CUST_03867,2025-10-04,58.61
CUST_04023,2025-10-04,30.82
CUST_01521,2025-10-04,13.29
CUST_04731,2025-10-04,67.99
CUST_04196,2025-10-04,14.15
CUST_00691,2025-10-04,7.26
CUST_00934,2025-10-04,28.92
CUST_04690,2025-10-04,2.08
CUST_03607,2025-10-04,44.48
CUST_03774,2025-10-04,4.79
CUST_01876,2025-10-05,11.02
CUST_00758,2025-10-05,26.28
CUST_01786,2025-10-05,54.1
CUST_02413,2025-10-05,9.56
CUST_00191,2025-10-05,29.35
CUST_00704,2025-10-05,15.78
CUST_02956,2025-10-05,6.81
CUST_01003,2025-10-05,13.38
CUST_02738,2025-10-05,5.87
CUST_01485,2025-10-05,9.34
CUST_04300,2025-10-05,19.22
CUST_02055,2025-10-05,7.01
CUST_04423,2025-10-05,210.02
CUST_01114,2025-10-05,9.87
CUST_01965,2025-10-05,18.05
CUST_04098,2025-10-06,19.69
CUST_04899,2025-10-06,7.36
CUST_04366,2025-10-06,57.39
CUST_00705,2025-10-06,4.01
CUST_04908,2025-10-06,32.05
CUST_02945,2025-10-06,11.71
CUST_00630,2025-10-06,15.26
CUST_01018,2025-10-06,35.68
CUST_04073,2025-10-06,19.88
CUST_01834,2025-10-06,20.94
CUST_00112,2025-10-06,13.28
CUST_04509,2025-10-06,65.57
CUST_04922,2025-10-06,81.34
CUST_00598,2025-10-06,22.51
CUST_02778,2025-10-06,133.18
CUST_04314,2025-10-06,12.12
CUST_04713,2025-10-06,7.05
CUST_02294,2025-10-06,95.32
CUST_04900,2025-10-06,5.13
CUST_01833,2025-10-06,8.51
CUST_00509,2025-10-07,19.96
CUST_02070,2025-10-07,59.67
CUST_04689,2025-10-07,19.1
CUST_04689,2025-10-07,16.54
CUST_02208,2025-10-07,6.8
CUST_01532,2025-10-07,2.74
CUST_00291,2025-10-07,18.0
CUST_02592,2025-10-07,13.1
CUST_02893,2025-10-07,23.89
CUST_03668,2025-10-07,7.32
CUST_02863,2025-10-07,2.17
CUST_03320,2025-10-07,16.39
CUST_02413,2025-10-07,7.78
CUST_02216,2025-10-07,5.04
CUST_03429,2025-10-07,29.08
CUST_01721,2025-10-07,59.02
CUST_01897,2025-10-07,31.87
CUST_04244,2025-10-07,95.19
CUST_03688,2025-10-07,45.0
CUST_04011,2025-10-07,5.7
CUST_03483,2025-10-07,4.84
CUST_00204,2025-10-07,25.18
CUST_04001,2025-10-07,15.95
CUST_02497,2025-10-07,15.56
CUST_02495,2025-10-07,34.49
CUST_03139,2025-10-07,4.78
CUST_04244,2025-10-07,4.24
CUST_04156,2025-10-07,8.39
CUST_03611,2025-10-08,21.75
CUST_02301,2025-10-08,54.19
CUST_02785,2025-10-08,3.83
CUST_00102,2025-10-08,108.84
CUST_04605,2025-10-08,10.9
CUST_04969,2025-10-08,8.89
CUST_01944,2025-10-08,38.78
CUST_04482,2025-10-08,19.83
CUST_03893,2025-10-08,147.51
CUST_01394,2025-10-08,81.1
CUST_00103,2025-10-08,5.94
CUST_02343,2025-10-08,44.98
CUST_04520,2025-10-08,12.77
CUST_02841,2025-10-08,5.4
CUST_04076,2025-10-08,351.2
CUST_01094,2025-10-08,23.85
CUST_04160,2025-10-09,81.07
CUST_01407,2025-10-09,7.5
CUST_03536,2025-10-09,18.69
CUST_01634,2025-10-09,11.62
CUST_01656,2025-10-09,10.58
CUST_00394,2025-10-09,38.08
CUST_03505,2025-10-09,7.23
CUST_02253,2025-10-09,10.72
CUST_02194,2025-10-09,5.51
CUST_02707,2025-10-09,10.62
CUST_02413,2025-10-09,13.8
CUST_00016,2025-10-09,79.19
CUST_04618,2025-10-09,10.71
CUST_03505,2025-10-09,10.25
CUST_02272,2025-10-09,6.23
CUST_03276,2025-10-09,69.38
CUST_04152,2025-10-09,15.98
CUST_03668,2025-10-09,9.84
CUST_01711,2025-10-09,17.52
CUST_01380,2025-10-09,12.78
CUST_04244,2025-10-09,42.06
CUST_04875,2025-10-09,119.76
CUST_04936,2025-10-09,68.78
CUST_03102,2025-10-09,10.06
CUST_02668,2025-10-10,7.43
CUST_04334,2025-10-10,35.79
CUST_04563,2025-10-10,35.24
CUST_01231,2025-10-10,15.67
CUST_04128,2025-10-10,8.49
CUST_04745,2025-10-10,19.92
CUST_00140,2025-10-10,26.6
CUST_04098,2025-10-10,33.8
CUST_03869,2025-10-10,33.68
CUST_00150,2025-10-10,49.56
CUST_02813,2025-10-10,11.47
CUST_04935,2025-10-10,3.35
CUST_01997,2025-10-10,3.31
CUST_00119,2025-10-10,120.51
CUST_04189,2025-10-10,11.29
CUST_03658,2025-10-10,39.81
CUST_01845,2025-10-11,9.47
CUST_04928,2025-10-11,12.36
CUST_02623,2025-10-11,5.02
CUST_00374,2025-10-11,28.67
CUST_03545,2025-10-11,8.53
CUST_02061,2025-10-11,169.29
CUST_02515,2025-10-11,62.39
CUST_02051,2025-10-11,9.44
CUST_03462,2025-10-11,22.3
CUST_01651,2025-10-11,48.56
CUST_03182,2025-10-11,153.37
CUST_02561,2025-10-11,9.31
CUST_02428,2025-10-11,74.91
CUST_01553,2025-10-11,22.92
CUST_04260,2025-10-11,34.05
CUST_00235,2025-10-11,78.88
CUST_01704,2025-10-11,16.55
CUST_02413,2025-10-11,10.33
CUST_01771,2025-10-12,48.16
CUST_00598,2025-10-12,18.81
CUST_04171,2025-10-12,17.03
CUST_02715,2025-10-12,10.29
CUST_00177,2025-10-12,11.64
CUST_02595,2025-10-12,43.07
CUST_00973,2025-10-12,42.76
CUST_01973,2025-10-12,8.77
CUST_04244,2025-10-12,13.59
CUST_04600,2025-10-12,3.72
CUST_00204,2025-10-12,22.0
CUST_03096,2025-10-12,26.83
CUST_04300,2025-10-12,35.77
CUST_02234,2025-10-12,6.71
CUST_00938,2025-10-12,19.25
CUST_04252,2025-10-12,13.45
CUST_04623,2025-10-12,12.31
CUST_03988,2025-10-12,34.55
CUST_00218,2025-10-12,20.03
CUST_04879,2025-10-12,20.64
CUST_03063,2025-10-12,32.51
CUST_02866,2025-10-13,28.08
CUST_03710,2025-10-13,70.84
CUST_04052,2025-10-13,7.97
CUST_02344,2025-10-13,16.01
CUST_03921,2025-10-13,4.61
CUST_03988,2025-10-13,15.16
CUST_02154,2025-10-13,68.93
CUST_02882,2025-10-13,18.91
CUST_03357,2025-10-13,4.17
CUST_04302,2025-10-13,149.32
CUST_02530,2025-10-13,26.52
CUST_03520,2025-10-13,28.64
CUST_04519,2025-10-13,12.57
CUST_03001,2025-10-13,1.91
CUST_03176,2025-10-13,39.66
CUST_04577,2025-10-13,13.85
CUST_01614,2025-10-13,5.83
CUST_04901,2025-10-13,18.12
CUST_03970,2025-10-14,9.68
CUST_02767,2025-10-14,4.12
CUST_04361,2025-10-14,22.43
CUST_03183,2025-10-14,53.11
CUST_00051,2025-10-14,18.95
CUST_03001,2025-10-14,25.5
CUST_01229,2025-10-14,20.16
CUST_03783,2025-10-14,7.31
CUST_02539,2025-10-14,34.26
CUST_02757,2025-10-14,5.1
CUST_02024,2025-10-14,31.48
CUST_03592,2025-10-14,102.18
CUST_03988,2025-10-14,23.74
CUST_04014,2025-10-14,13.72
CUST_02413,2025-10-14,8.07
CUST_04877,2025-10-14,11.45
CUST_01444,2025-10-14,20.88
CUST_01357,2025-10-14,13.06
CUST_02539,2025-10-14,131.42
CUST_01374,2025-10-14,28.66
CUST_02301,2025-10-14,10.77
CUST_02989,2025-10-14,13.63
CUST_00272,2025-10-14,11.66
CUST_01555,2025-10-14,10.95
CUST_03311,2025-10-14,13.04
CUST_03063,2025-10-14,158.29
CUST_04557,2025-10-15,37.78
CUST_04557,2025-10-15,43.27
CUST_03632,2025-10-15,32.26
CUST_00659,2025-10-15,14.73
CUST_02400,2025-10-15,49.96
CUST_04206,2025-10-15,21.89
CUST_00009,2025-10-15,45.12
CUST_00986,2025-10-15,44.45
CUST_01155,2025-10-15,34.4
CUST_04300,2025-10-15,5.05
CUST_02007,2025-10-15,5.85
CUST_04281,2025-10-15,18.21
CUST_04885,2025-10-15,11.36
CUST_02876,2025-10-15,17.4
CUST_04100,2025-10-15,11.69
CUST_04680,2025-10-15,22.87
CUST_01911,2025-10-15,40.76
CUST_04607,2025-10-15,22.72
CUST_00178,2025-10-15,10.29
CUST_02301,2025-10-15,35.08
CUST_02672,2025-10-15,10.85
CUST_01779,2025-10-15,224.24
CUST_00777,2025-10-15,18.23
CUST_02154,2025-10-15,17.87
CUST_01940,2025-10-16,8.8
CUST_01070,2025-10-16,20.06
CUST_00982,2025-10-16,15.79
CUST_00563,2025-10-16,38.59
CUST_03530,2025-10-16,12.77
CUST_02980,2025-10-16,3.88
CUST_04760,2025-10-16,7.91
CUST_02079,2025-10-16,10.46
CUST_00408,2025-10-16,6.75
CUST_04271,2025-10-16,205.47
CUST_04141,2025-10-16,95.77
CUST_00060,2025-10-16,37.72
CUST_04232,2025-10-16,23.56
CUST_01639,2025-10-16,42.24
CUST_03808,2025-10-16,20.94
CUST_00405,2025-10-16,31.51
CUST_03783,2025-10-16,14.74
CUST_03708,2025-10-16,31.43
CUST_03313,2025-10-16,62.48
CUST_00781,2025-10-16,7.01
CUST_03869,2025-10-16,6.87
CUST_00012,2025-10-16,464.25
CUST_04747,2025-10-17,9.41
CUST_00355,2025-10-17,28.61
CUST_00211,2025-10-17,22.76
CUST_00168,2025-10-17,69.02
CUST_03821,2025-10-17,8.44
CUST_02705,2025-10-17,10.23
CUST_01480,2025-10-17,1.61
CUST_01586,2025-10-17,21.49
CUST_04593,2025-10-17,3.86
CUST_03754,2025-10-17,12.79
CUST_01532,2025-10-17,8.48
CUST_03727,2025-10-17,21.91
CUST_02981,2025-10-17,20.56
CUST_01940,2025-10-17,27.06
CUST_00973,2025-10-17,12.78
CUST_01731,2025-10-17,21.86
CUST_02216,2025-10-17,10.83
CUST_00954,2025-10-17,13.27
CUST_01061,2025-10-17,9.1
CUST_00982,2025-10-17,44.62
CUST_00572,2025-10-17,41.99
CUST_02539,2025-10-17,55.77
CUST_03981,2025-10-18,101.09
CUST_03230,2025-10-18,28.65
CUST_03006,2025-10-18,18.36
CUST_02242,2025-10-18,32.39
CUST_03874,2025-10-18,23.92
CUST_02558,2025-10-18,124.66
CUST_02835,2025-10-18,20.54
CUST_02686,2025-10-18,56.6
CUST_04515,2025-10-18,61.73
CUST_04695,2025-10-18,48.14
CUST_04300,2025-10-18,3.98
CUST_00159,2025-10-18,8.24
CUST_00088,2025-10-18,45.18
CUST_03063,2025-10-18,18.48
CUST_02017,2025-10-18,14.23
CUST_00359,2025-10-18,42.54
CUST_02939,2025-10-18,4.45
CUST_01487,2025-10-18,2.6
CUST_04903,2025-10-18,106.14
CUST_00984,2025-10-18,39.29
CUST_02806,2025-10-18,95.0
CUST_04260,2025-10-18,16.89
CUST_02179,2025-10-18,10.36
CUST_00106,2025-10-18,21.6
CUST_00413,2025-10-18,22.34
CUST_02281,2025-10-18,22.06
CUST_04073,2025-10-18,2.39
CUST_01693,2025-10-18,12.91
CUST_00541,2025-10-18,15.69
CUST_04398,2025-10-18,36.46
CUST_03988,2025-10-19,1.97
CUST_03102,2025-10-19,5.38
CUST_03225,2025-10-19,11.95
CUST_03526,2025-10-19,39.88
CUST_00420,2025-10-19,22.07
CUST_03019,2025-10-19,68.81
CUST_01195,2025-10-19,224.74
CUST_04305,2025-10-19,31.3
CUST_04067,2025-10-19,32.12
CUST_00039,2025-10-19,39.81
CUST_04695,2025-10-19,70.56
CUST_00412,2025-10-19,14.33
CUST_02842,2025-10-19,20.47
CUST_01219,2025-10-19,7.79
CUST_04519,2025-10-19,10.1
CUST_04940,2025-10-19,9.07
CUST_03988,2025-10-19,18.0
CUST_01353,2025-10-19,36.32
CUST_00262,2025-10-19,61.12
CUST_03493,2025-10-19,20.59
CUST_02970,2025-10-19,20.56
CUST_02794,2025-10-19,48.84
CUST_04300,2025-10-19,20.27
CUST_01634,2025-10-19,98.04
CUST_00161,2025-10-19,6.07
CUST_04565,2025-10-20,16.16
CUST_04919,2025-10-20,61.23
CUST_02817,2025-10-20,16.54
CUST_04831,2025-10-20,46.92
CUST_02762,2025-10-20,24.02
CUST_03988,2025-10-20,6.96
CUST_02038,2025-10-20,29.56
CUST_04508,2025-10-20,11.32
CUST_04677,2025-10-20,12.96
CUST_01848,2025-10-20,100.71
CUST_02980,2025-10-20,16.79
CUST_01844,2025-10-21,28.79
CUST_01786,2025-10-21,13.45
CUST_02724,2025-10-21,5.52
CUST_04593,2025-10-21,102.32
CUST_02535,2025-10-21,1.0
CUST_00266,2025-10-21,38.66
CUST_01430,2025-10-21,10.89
CUST_03025,2025-10-21,17.45
CUST_03566,2025-10-21,3.06
CUST_03072,2025-10-21,86.51
CUST_00598,2025-10-21,5.63
CUST_01445,2025-10-21,64.45
CUST_02072,2025-10-21,8.28
CUST_00552,2025-10-21,4.17
CUST_04303,2025-10-21,133.88
CUST_04689,2025-10-21,9.85
CUST_04994,2025-10-21,18.32
CUST_00149,2025-10-21,81.27
CUST_04321,2025-10-21,3.76
CUST_04300,2025-10-21,14.47
CUST_01241,2025-10-21,21.66
CUST_04252,2025-10-21,20.84
CUST_03320,2025-10-22,21.79
CUST_04084,2025-10-22,103.68
CUST_02170,2025-10-22,46.73
CUST_04088,2025-10-22,11.19
CUST_03231,2025-10-22,8.29
CUST_04987,2025-10-22,206.85
CUST_03806,2025-10-22,9.83
CUST_03245,2025-10-22,15.49
CUST_04281,2025-10-22,12.99
CUST_00405,2025-10-22,12.97
CUST_01396,2025-10-22,26.79
CUST_01503,2025-10-22,23.49
CUST_03880,2025-10-22,8.63
CUST_01687,2025-10-22,4.91
CUST_01260,2025-10-22,12.78
CUST_04997,2025-10-22,46.71
CUST_02809,2025-10-23,4.16
CUST_00934,2025-10-23,15.16
CUST_00225,2025-10-23,48.38
CUST_02776,2025-10-23,12.88
CUST_02764,2025-10-23,119.39
CUST_02471,2025-10-23,2.74
CUST_00982,2025-10-23,24.77
CUST_00740,2025-10-23,12.02
CUST_04659,2025-10-23,15.55
CUST_03088,2025-10-23,24.05
CUST_04999,2025-10-23,68.47
CUST_03987,2025-10-23,4.28
CUST_01176,2025-10-23,7.58
CUST_01594,2025-10-23,28.86
CUST_01195,2025-10-23,6.36
CUST_04898,2025-10-23,38.67
CUST_04233,2025-10-23,19.15
CUST_02325,2025-10-23,5.66
CUST_03015,2025-10-23,69.7
CUST_03783,2025-10-24,40.02
CUST_02748,2025-10-24,26.65
CUST_01018,2025-10-24,10.27
CUST_03991,2025-10-24,63.32
CUST_00016,2025-10-24,75.81
CUST_02945,2025-10-24,131.77
CUST_03117,2025-10-24,50.14
CUST_04300,2025-10-24,13.12
CUST_00519,2025-10-24,56.55
CUST_00637,2025-10-24,11.47
CUST_04939,2025-10-24,42.31
CUST_00606,2025-10-24,10.21
CUST_00343,2025-10-24,44.9
CUST_02302,2025-10-24,4.74
CUST_01306,2025-10-25,41.8
CUST_01167,2025-10-25,5.99
CUST_04865,2025-10-25,75.05
CUST_00497,2025-10-25,7.41
CUST_04947,2025-10-25,5.34
CUST_01957,2025-10-25,10.92
CUST_02551,2025-10-25,61.95
CUST_04816,2025-10-25,61.97
CUST_00704,2025-10-25,81.83
CUST_02041,2025-10-25,18.87
CUST_02901,2025-10-25,20.96
CUST_03163,2025-10-25,11.56
CUST_03874,2025-10-25,14.41
CUST_00432,2025-10-25,38.23
CUST_03382,2025-10-25,13.72
CUST_01997,2025-10-25,207.97
CUST_04802,2025-10-25,5.82
CUST_04689,2025-10-25,35.99
CUST_04300,2025-10-26,36.76
CUST_04867,2025-10-26,11.88
CUST_03355,2025-10-26,77.93
CUST_00343,2025-10-26,59.4
CUST_04098,2025-10-26,35.74
CUST_02208,2025-10-26,12.57
CUST_03320,2025-10-26,213.72
CUST_03443,2025-10-26,24.12
CUST_01902,2025-10-26,5.93
CUST_03879,2025-10-26,57.55
CUST_00655,2025-10-26,10.56
CUST_00788,2025-10-26,26.9
CUST_01513,2025-10-26,28.12
CUST_04126,2025-10-26,10.4
CUST_03320,2025-10-26,25.8
CUST_01842,2025-10-26,17.3
CUST_02323,2025-10-26,9.36
CUST_01553,2025-10-26,3.67
CUST_04260,2025-10-26,230.22
CUST_00802,2025-10-27,10.16
CUST_04828,2025-10-27,22.71
CUST_03414,2025-10-27,4.81
CUST_03320,2025-10-27,5.27
CUST_03132,2025-10-27,32.56
CUST_02732,2025-10-27,22.37
CUST_04695,2025-10-27,13.52
CUST_04232,2025-10-27,29.18
CUST_02461,2025-10-27,87.35
CUST_02407,2025-10-27,200.43
CUST_04505,2025-10-27,6.4
CUST_02238,2025-10-27,32.59
CUST_03144,2025-10-27,7.8
CUST_01766,2025-10-27,73.5
CUST_00507,2025-10-27,31.1
CUST_03266,2025-10-27,19.84
CUST_00951,2025-10-27,4.59
CUST_02685,2025-10-27,9.99
CUST_02748,2025-10-27,24.23
CUST_04109,2025-10-27,51.01
CUST_04141,2025-10-27,15.95
CUST_01491,2025-10-27,58.06
CUST_03720,2025-10-27,9.83
CUST_01412,2025-10-27,15.51
CUST_00143,2025-10-27,22.76
CUST_02965,2025-10-27,6.9
CUST_04456,2025-10-27,15.84
CUST_02272,2025-10-27,23.26
CUST_03675,2025-10-27,28.66
CUST_03677,2025-10-27,40.41
CUST_02671,2025-10-28,29.13
CUST_02539,2025-10-28,38.93
CUST_03420,2025-10-28,1.4
CUST_03813,2025-10-28,39.52
CUST_04391,2025-10-28,10.83
CUST_00405,2025-10-28,51.38
CUST_01603,2025-10-28,14.7
CUST_00984,2025-10-28,2.91
CUST_03304,2025-10-28,30.01
CUST_01132,2025-10-28,51.71
CUST_04161,2025-10-28,17.67
CUST_03705,2025-10-28,120.34
CUST_03245,2025-10-28,52.71
CUST_04296,2025-10-28,106.31
CUST_03624,2025-10-28,8.1
CUST_00058,2025-10-28,7.09
CUST_04651,2025-10-28,24.82
CUST_04069,2025-10-28,22.01
CUST_02118,2025-10-28,16.68
CUST_03245,2025-10-28,64.14
CUST_00998,2025-10-28,14.41
CUST_02193,2025-10-28,93.35
CUST_03123,2025-10-28,10.95
CUST_00805,2025-10-28,13.13
CUST_02224,2025-10-28,25.91
CUST_01186,2025-10-28,6.93
CUST_00181,2025-10-28,10.4
CUST_01534,2025-10-28,26.6
CUST_04702,2025-10-28,49.52
CUST_00927,2025-10-28,11.35
CUST_01827,2025-10-28,112.06
CUST_04140,2025-10-29,19.96
CUST_02035,2025-10-29,20.34
CUST_01687,2025-10-29,27.58
CUST_03001,2025-10-29,43.04
CUST_03195,2025-10-29,9.17
CUST_04999,2025-10-29,3.82
CUST_04555,2025-10-29,8.95
CUST_00162,2025-10-29,3.3
CUST_04900,2025-10-29,57.17
CUST_02442,2025-10-29,15.72
CUST_02703,2025-10-29,36.08
CUST_03872,2025-10-29,6.46
CUST_00333,2025-10-29,48.91
CUST_02628,2025-10-29,37.33
CUST_02351,2025-10-29,19.33
CUST_01622,2025-10-29,55.18
CUST_02699,2025-10-29,7.56
CUST_02533,2025-10-29,22.32
CUST_02239,2025-10-29,9.03
CUST_04593,2025-10-29,8.59
CUST_04152,2025-10-29,17.13
CUST_02116,2025-10-29,33.63
CUST_04465,2025-10-30,27.02
CUST_04823,2025-10-30,15.28
CUST_01429,2025-10-30,43.94
CUST_04485,2025-10-30,51.43
CUST_00016,2025-10-30,12.44
CUST_03894,2025-10-30,10.11
CUST_00909,2025-10-30,28.0
CUST_03019,2025-10-30,5.52
CUST_04713,2025-10-30,11.38
CUST_00763,2025-10-30,22.78
CUST_03866,2025-10-30,1.92
CUST_01625,2025-10-30,3.13
CUST_02539,2025-10-30,19.24
CUST_04693,2025-10-30,45.26
CUST_00480,2025-10-30,61.21
CUST_03948,2025-10-30,13.26
CUST_00463,2025-10-30,21.08
CUST_02301,2025-10-30,164.77
CUST_04250,2025-10-30,78.59
CUST_00659,2025-10-30,47.13
CUST_00643,2025-10-30,116.27
CUST_04331,2025-10-30,21.78
CUST_00679,2025-10-30,20.45
CUST_02437,2025-10-30,33.21
CUST_03652,2025-10-30,15.97
CUST_02925,2025-10-31,2.62
CUST_03281,2025-10-31,8.53
CUST_02751,2025-10-31,61.23
CUST_04638,2025-10-31,10.93
CUST_01532,2025-10-31,22.42
CUST_04593,2025-10-31,27.13
CUST_02432,2025-10-31,8.82
CUST_02579,2025-10-31,13.55
CUST_02539,2025-10-31,9.28
CUST_02785,2025-10-31,12.01
CUST_01770,2025-10-31,82.56
CUST_02154,2025-10-31,23.12
CUST_03205,2025-10-31,45.88
CUST_03520,2025-10-31,9.67
CUST_03636,2025-10-31,1.84
CUST_01456,2025-10-31,26.62
CUST_00877,2025-10-31,52.83
CUST_00078,2025-10-31,32.87
CUST_01260,2025-10-31,49.26
CUST_04665,2025-10-31,59.71
CUST_00333,2025-10-31,44.53
CUST_03988,2025-11-01,56.67
CUST_00163,2025-11-01,28.95
CUST_03651,2025-11-01,65.12
CUST_04732,2025-11-01,56.21
CUST_01825,2025-11-01,79.33
CUST_02975,2025-11-01,25.51
CUST_02748,2025-11-01,31.92
CUST_00238,2025-11-01,52.9
CUST_01614,2025-11-01,37.52
CUST_02866,2025-11-01,9.13
CUST_00149,2025-11-01,16.45
CUST_04519,2025-11-02,52.35
CUST_02529,2025-11-02,13.12
CUST_00369,2025-11-02,10.67
CUST_02766,2025-11-02,2.11
CUST_04406,2025-11-02,52.72
CUST_00574,2025-11-02,38.87
CUST_00984,2025-11-02,7.56
CUST_00431,2025-11-02,16.0
CUST_04331,2025-11-02,47.62
CUST_00047,2025-11-02,65.4
CUST_03526,2025-11-03,19.95
CUST_03536,2025-11-03,5.19
CUST_01681,2025-11-03,13.54
CUST_01741,2025-11-03,10.41
CUST_01017,2025-11-03,66.46
CUST_02539,2025-11-03,19.6
CUST_03550,2025-11-03,23.67
CUST_00303,2025-11-03,48.78
CUST_02668,2025-11-03,20.32
CUST_02581,2025-11-03,9.52
CUST_01647,2025-11-03,31.57
CUST_03821,2025-11-03,57.98
CUST_00813,2025-11-04,11.5
CUST_04995,2025-11-04,137.82
CUST_02712,2025-11-04,9.5
CUST_04445,2025-11-04,4.7
CUST_01645,2025-11-04,14.45
CUST_04742,2025-11-04,24.65
CUST_04719,2025-11-04,114.65
CUST_04244,2025-11-04,8.3
CUST_02866,2025-11-04,14.81
CUST_02024,2025-11-04,86.53
CUST_03995,2025-11-04,33.19
CUST_00107,2025-11-04,57.96
CUST_04300,2025-11-04,13.53
CUST_01735,2025-11-04,10.79
CUST_04941,2025-11-04,32.01
CUST_00983,2025-11-04,15.36
CUST_03852,2025-11-04,234.33
CUST_03621,2025-11-04,95.72
CUST_02413,2025-11-04,44.99
CUST_01894,2025-11-04,15.82
CUST_03391,2025-11-04,28.53
CUST_02539,2025-11-05,46.35
CUST_03132,2025-11-05,43.7
CUST_04244,2025-11-05,29.83
CUST_01260,2025-11-05,12.64
CUST_04815,2025-11-05,6.91
CUST_03341,2025-11-05,50.33
CUST_00336,2025-11-05,6.75
CUST_03014,2025-11-05,13.33
CUST_00015,2025-11-05,55.46
CUST_00546,2025-11-05,71.95
CUST_00646,2025-11-05,4.65
CUST_01691,2025-11-05,38.82
CUST_02186,2025-11-05,29.34
CUST_01594,2025-11-05,13.7
CUST_00726,2025-11-05,3.21
CUST_00854,2025-11-05,6.9
CUST_04268,2025-11-05,45.23
CUST_04800,2025-11-05,125.77
CUST_04281,2025-11-05,1.72
CUST_00911,2025-11-05,11.14
CUST_03319,2025-11-05,10.78
CUST_01534,2025-11-05,9.79
CUST_00092,2025-11-05,5.29
CUST_02355,2025-11-05,25.31
CUST_01368,2025-11-05,22.39
CUST_04313,2025-11-05,22.68
CUST_02413,2025-11-05,17.92
CUST_04189,2025-11-06,11.09
CUST_04490,2025-11-06,43.91
CUST_03954,2025-11-06,117.52
CUST_02884,2025-11-06,143.64
CUST_01100,2025-11-06,25.81
CUST_04281,2025-11-06,20.4
CUST_04742,2025-11-06,60.52
CUST_03319,2025-11-06,41.56
CUST_04421,2025-11-06,10.03
CUST_03182,2025-11-06,28.21
CUST_01295,2025-11-06,11.36
CUST_04408,2025-11-06,56.84
CUST_00343,2025-11-06,20.21
CUST_00579,2025-11-06,2.71
CUST_01997,2025-11-06,16.17
CUST_01393,2025-11-06,8.41
CUST_02219,2025-11-06,10.1
CUST_00060,2025-11-06,18.94
CUST_02551,2025-11-06,13.06
CUST_00711,2025-11-06,81.8
CUST_04677,2025-11-06,6.55
CUST_02862,2025-11-06,10.05
CUST_03783,2025-11-07,6.56
CUST_00082,2025-11-07,33.64
CUST_00174,2025-11-07,120.88
CUST_03182,2025-11-07,13.01
CUST_04038,2025-11-07,5.96
CUST_02683,2025-11-07,20.2
CUST_01713,2025-11-07,45.64
CUST_00381,2025-11-07,18.74
CUST_03368,2025-11-07,8.63
CUST_01195,2025-11-07,4.52
CUST_00643,2025-11-07,35.61
CUST_02024,2025-11-07,15.98
CUST_03836,2025-11-07,17.97
CUST_04230,2025-11-07,5.51
CUST_00016,2025-11-07,10.78
CUST_00705,2025-11-07,68.49
CUST_04744,2025-11-07,8.46
CUST_04281,2025-11-07,6.77
CUST_03311,2025-11-07,24.29
CUST_02529,2025-11-07,4.73
CUST_04284,2025-11-07,7.77
CUST_00149,2025-11-07,22.46
CUST_04279,2025-11-07,12.0
CUST_01000,2025-11-07,38.12
CUST_03320,2025-11-08,22.53
CUST_02121,2025-11-08,25.73
CUST_04245,2025-11-08,7.95
CUST_03565,2025-11-08,26.19
CUST_01472,2025-11-08,6.64
CUST_03845,2025-11-08,32.46
CUST_04519,2025-11-08,10.34
CUST_01839,2025-11-08,56.05
CUST_04519,2025-11-08,16.03
CUST_03160,2025-11-08,23.29
CUST_02065,2025-11-08,13.61
CUST_00934,2025-11-08,4.29
CUST_04994,2025-11-08,13.65
CUST_02072,2025-11-08,13.59
CUST_04370,2025-11-08,15.73
CUST_00630,2025-11-08,22.24
CUST_01656,2025-11-08,23.18
CUST_00161,2025-11-08,592.61
CUST_04623,2025-11-08,30.82
CUST_03284,2025-11-08,8.0
CUST_00214,2025-11-08,42.01
CUST_01260,2025-11-08,39.68
CUST_00051,2025-11-08,20.82
CUST_04252,2025-11-08,21.01
CUST_04244,2025-11-09,95.67
CUST_00435,2025-11-09,89.17
CUST_01253,2025-11-09,18.26
CUST_03613,2025-11-09,43.3
CUST_03327,2025-11-09,11.76
CUST_03951,2025-11-09,8.78
CUST_03088,2025-11-09,38.7
CUST_02603,2025-11-09,23.13
CUST_03435,2025-11-09,12.79
CUST_02830,2025-11-09,5.29
CUST_04689,2025-11-09,11.69
CUST_00168,2025-11-09,30.81
CUST_02066,2025-11-09,9.26
CUST_04670,2025-11-09,16.23
CUST_01879,2025-11-09,7.78
CUST_03289,2025-11-09,103.09
CUST_00698,2025-11-09,98.46
CUST_03988,2025-11-09,6.97
CUST_00767,2025-11-09,14.83
CUST_02024,2025-11-09,40.5
CUST_03900,2025-11-09,16.42
CUST_00564,2025-11-09,41.79
CUST_04963,2025-11-10,18.68
CUST_04954,2025-11-10,4.05
CUST_01018,2025-11-10,82.76
CUST_03064,2025-11-10,12.5
CUST_03810,2025-11-10,18.83
CUST_01412,2025-11-10,28.83
CUST_04300,2025-11-10,31.24
CUST_04141,2025-11-10,1.0
CUST_03793,2025-11-10,36.28
CUST_03245,2025-11-10,96.01
CUST_00821,2025-11-10,15.92
CUST_00086,2025-11-10,15.76
CUST_04013,2025-11-10,13.77
CUST_04300,2025-11-10,118.48
CUST_02766,2025-11-10,7.03
CUST_00742,2025-11-10,110.95
CUST_01943,2025-11-10,23.58
CUST_01393,2025-11-11,30.32
CUST_04410,2025-11-11,117.55
CUST_00431,2025-11-11,5.56
CUST_00532,2025-11-11,25.78
CUST_04843,2025-11-11,102.39
CUST_01455,2025-11-11,18.33
CUST_02164,2025-11-11,4.99
CUST_04244,2025-11-11,28.23
CUST_02829,2025-11-11,17.16
CUST_04296,2025-11-11,31.46
CUST_02422,2025-11-11,15.19
CUST_00504,2025-11-11,64.56
CUST_03348,2025-11-11,31.08
CUST_04896,2025-11-11,38.55
CUST_02551,2025-11-11,10.26
CUST_04617,2025-11-11,34.06
CUST_00924,2025-11-11,17.81
CUST_04632,2025-11-12,10.18
CUST_04140,2025-11-12,51.31
CUST_01260,2025-11-12,21.19
CUST_04300,2025-11-12,163.98
CUST_00806,2025-11-12,4.42
CUST_03493,2025-11-12,3.38
CUST_03786,2025-11-12,19.74
CUST_01254,2025-11-12,31.22
CUST_00712,2025-11-12,44.77
CUST_02195,2025-11-12,12.27
CUST_03396,2025-11-12,10.14
CUST_03153,2025-11-12,3.94
CUST_03988,2025-11-12,9.34
CUST_02351,2025-11-12,18.42
CUST_01394,2025-11-12,6.95
CUST_03727,2025-11-12,21.49
CUST_01428,2025-11-12,74.62
CUST_03611,2025-11-12,11.83
CUST_02171,2025-11-12,39.47
CUST_04136,2025-11-12,6.17
CUST_00877,2025-11-13,70.28
CUST_03681,2025-11-13,84.64
CUST_02345,2025-11-13,144.7
CUST_04138,2025-11-13,7.48
CUST_04110,2025-11-13,28.44
CUST_00337,2025-11-13,20.15
CUST_00700,2025-11-13,28.99
CUST_01994,2025-11-13,17.57
CUST_00324,2025-11-13,31.69
CUST_03019,2025-11-13,27.93
CUST_03651,2025-11-13,28.77
CUST_01104,2025-11-13,10.29
CUST_00905,2025-11-13,72.09
CUST_02913,2025-11-13,33.5
CUST_01786,2025-11-13,9.52
CUST_04557,2025-11-13,18.73
CUST_03360,2025-11-13,18.19
CUST_04244,2025-11-13,15.45
CUST_02631,2025-11-13,47.88
CUST_00860,2025-11-13,56.94
CUST_04439,2025-11-13,4.77
CUST_01033,2025-11-13,3.76
CUST_04767,2025-11-14,8.69
CUST_01264,2025-11-14,6.42
CUST_02381,2025-11-14,21.76
CUST_02155,2025-11-14,11.33
CUST_04169,2025-11-14,34.25
CUST_02703,2025-11-14,24.37
CUST_04254,2025-11-14,11.06
CUST_00934,2025-11-14,18.77
CUST_04883,2025-11-14,5.65
CUST_00910,2025-11-14,76.08
CUST_00194,2025-11-14,14.08
CUST_04519,2025-11-14,13.92
CUST_02355,2025-11-14,91.33
CUST_03850,2025-11-14,20.67
CUST_02539,2025-11-14,8.82
CUST_04846,2025-11-14,29.48
CUST_01116,2025-11-14,90.26
CUST_04727,2025-11-14,9.61
CUST_03443,2025-11-15,15.22
CUST_02867,2025-11-15,16.56
CUST_04281,2025-11-15,12.84
CUST_03875,2025-11-15,3.6
CUST_00239,2025-11-15,19.73
CUST_03980,2025-11-15,19.94
CUST_02452,2025-11-15,27.25
CUST_02862,2025-11-15,6.04
CUST_03056,2025-11-15,20.97
CUST_00288,2025-11-15,8.1
CUST_00485,2025-11-15,13.11
CUST_03730,2025-11-15,22.12
CUST_03356,2025-11-15,28.19
CUST_04700,2025-11-15,112.27
CUST_00012,2025-11-15,17.29
CUST_04410,2025-11-15,149.9
CUST_01506,2025-11-15,48.97
CUST_03835,2025-11-15,110.41
CUST_00333,2025-11-15,22.77
CUST_02413,2025-11-15,8.55
CUST_01491,2025-11-15,44.58
CUST_02413,2025-11-15,70.27
CUST_04369,2025-11-15,304.86
CUST_03025,2025-11-15,34.01
CUST_04408,2025-11-15,85.53
CUST_03624,2025-11-15,13.43
CUST_01144,2025-11-15,19.92
CUST_03489,2025-11-15,19.41
CUST_00875,2025-11-15,28.03
CUST_02379,2025-11-16,5.02
CUST_03245,2025-11-16,9.7
CUST_00560,2025-11-16,44.42
CUST_03166,2025-11-16,16.65
CUST_03465,2025-11-16,53.79
CUST_04751,2025-11-16,14.69
CUST_02611,2025-11-16,32.56
CUST_01722,2025-11-16,279.41
CUST_02980,2025-11-16,10.33
CUST_04593,2025-11-16,10.32
CUST_01491,2025-11-16,11.11
CUST_02748,2025-11-16,56.49
CUST_04823,2025-11-16,32.26
CUST_04879,2025-11-16,9.33
CUST_04299,2025-11-16,123.88
CUST_03227,2025-11-16,97.4
CUST_00973,2025-11-16,11.28
CUST_02400,2025-11-16,101.75
CUST_03783,2025-11-16,63.81
CUST_04121,2025-11-16,58.93
CUST_04244,2025-11-16,5.5
CUST_02302,2025-11-16,17.41
CUST_03562,2025-11-16,31.28
CUST_02702,2025-11-16,4.5
CUST_00493,2025-11-17,31.56
CUST_01094,2025-11-17,7.88
CUST_01921,2025-11-17,62.42
CUST_01639,2025-11-17,40.72
CUST_04767,2025-11-17,35.39
CUST_01963,2025-11-17,114.62
CUST_01802,2025-11-17,35.2
CUST_04020,2025-11-17,6.92
CUST_04228,2025-11-17,8.51
CUST_03320,2025-11-17,42.23
CUST_01184,2025-11-17,35.46
CUST_04474,2025-11-17,19.42
CUST_01917,2025-11-17,198.27
CUST_02913,2025-11-17,42.34
CUST_03408,2025-11-17,7.33
CUST_04408,2025-11-18,11.33
CUST_03783,2025-11-18,14.11
CUST_00630,2025-11-18,99.31
CUST_04944,2025-11-18,10.47
CUST_04185,2025-11-18,35.97
CUST_01274,2025-11-18,12.17
CUST_03513,2025-11-18,27.88
CUST_04542,2025-11-18,9.96
CUST_01186,2025-11-18,38.83
CUST_02806,2025-11-18,17.01
CUST_02667,2025-11-18,10.75
CUST_00333,2025-11-18,9.21
CUST_03063,2025-11-18,19.51
CUST_00877,2025-11-18,18.8
CUST_00234,2025-11-18,16.53
CUST_04300,2025-11-18,1.86
CUST_04300,2025-11-18,47.71
CUST_04281,2025-11-18,6.75
CUST_03874,2025-11-18,75.47
CUST_03536,2025-11-19,36.41
CUST_01299,2025-11-19,24.85
CUST_04673,2025-11-19,7.91
CUST_00921,2025-11-19,60.78
CUST_04108,2025-11-19,20.52
CUST_04319,2025-11-19,4.29
CUST_01772,2025-11-19,35.6
CUST_02311,2025-11-19,39.01
CUST_04408,2025-11-19,4.94
CUST_02913,2025-11-19,11.91
CUST_02340,2025-11-19,29.57
CUST_04372,2025-11-19,45.36
CUST_03319,2025-11-19,11.92
CUST_04109,2025-11-19,24.41
CUST_04519,2025-11-19,25.5
CUST_02748,2025-11-19,21.13
CUST_02100,2025-11-19,29.25
CUST_00360,2025-11-19,10.23
CUST_00705,2025-11-19,38.8
CUST_04623,2025-11-19,202.86
CUST_03783,2025-11-20,176.08
CUST_00608,2025-11-20,48.63
CUST_04161,2025-11-20,20.07
CUST_02716,2025-11-20,72.47
CUST_02539,2025-11-20,23.5
CUST_00348,2025-11-20,20.47
CUST_04658,2025-11-20,42.77
CUST_00275,2025-11-20,28.1
CUST_00016,2025-11-20,5.19
CUST_01457,2025-11-20,39.08
CUST_00056,2025-11-20,37.94
CUST_02464,2025-11-20,55.52
CUST_02699,2025-11-20,5.9
CUST_03320,2025-11-20,2.67
CUST_03577,2025-11-20,17.74
CUST_01311,2025-11-20,44.15
CUST_04321,2025-11-20,33.96
CUST_02413,2025-11-20,3.57
CUST_00260,2025-11-21,1.85
CUST_02200,2025-11-21,7.27
CUST_01517,2025-11-21,28.37
CUST_02530,2025-11-21,8.6
CUST_04295,2025-11-21,55.76
CUST_04244,2025-11-21,18.2
CUST_03869,2025-11-21,5.66
CUST_03814,2025-11-21,5.25
CUST_03260,2025-11-21,50.2
CUST_03885,2025-11-21,6.2
CUST_00691,2025-11-21,17.93
CUST_04540,2025-11-21,13.76
CUST_01017,2025-11-21,1.95
CUST_02531,2025-11-21,50.52
CUST_00264,2025-11-21,12.1
CUST_02670,2025-11-21,25.4
CUST_00909,2025-11-21,7.14
CUST_02766,2025-11-21,22.97
CUST_03001,2025-11-21,5.2
CUST_04936,2025-11-21,31.36
CUST_04281,2025-11-21,39.0
CUST_03668,2025-11-21,48.41
CUST_03821,2025-11-21,14.69
CUST_01260,2025-11-21,20.66
CUST_03580,2025-11-21,49.61
CUST_03465,2025-11-21,27.54
CUST_03195,2025-11-22,55.06
CUST_00781,2025-11-22,18.02
CUST_02413,2025-11-22,128.51
CUST_03730,2025-11-22,54.14
CUST_03988,2025-11-22,5.19
CUST_02413,2025-11-22,23.31
CUST_02539,2025-11-22,3.29
CUST_03834,2025-11-22,27.76
CUST_04678,2025-11-22,30.16
CUST_00417,2025-11-22,2.22
CUST_03385,2025-11-22,2.63
CUST_04734,2025-11-22,15.55
CUST_00142,2025-11-22,8.0
CUST_00983,2025-11-22,102.25
CUST_03006,2025-11-22,135.41
CUST_01280,2025-11-22,7.76
CUST_04232,2025-11-22,9.14
CUST_00033,2025-11-22,22.45
CUST_03054,2025-11-22,8.51
CUST_04999,2025-11-22,34.5
CUST_00598,2025-11-23,15.58
CUST_03731,2025-11-23,25.03
CUST_04234,2025-11-23,67.68
CUST_02539,2025-11-23,8.95
CUST_01940,2025-11-23,48.57
CUST_00616,2025-11-23,3.08
CUST_00541,2025-11-23,5.43
CUST_01105,2025-11-23,12.46
CUST_04244,2025-11-23,5.3
CUST_03052,2025-11-23,27.9
CUST_03006,2025-11-23,21.46
CUST_04123,2025-11-23,10.43
CUST_00861,2025-11-23,98.22
CUST_04128,2025-11-23,27.48
CUST_02704,2025-11-23,80.86
CUST_03466,2025-11-23,43.18
CUST_03435,2025-11-23,46.37
CUST_01106,2025-11-24,13.74
CUST_04781,2025-11-24,34.7
CUST_04510,2025-11-24,186.41
CUST_01859,2025-11-24,128.48
CUST_02289,2025-11-24,11.98
CUST_03592,2025-11-24,19.65
CUST_03592,2025-11-24,24.13
CUST_03035,2025-11-24,22.63
CUST_02094,2025-11-24,30.59
CUST_04877,2025-11-24,81.89
CUST_04068,2025-11-24,14.9
CUST_04979,2025-11-24,1.76
CUST_00702,2025-11-24,57.56
CUST_01158,2025-11-24,6.94
CUST_00767,2025-11-24,42.83
CUST_00134,2025-11-24,31.96
CUST_03311,2025-11-25,300.81
CUST_03668,2025-11-25,63.63
CUST_02539,2025-11-25,8.51
CUST_03115,2025-11-25,18.4
CUST_02667,2025-11-25,31.79
CUST_02708,2025-11-25,62.06
CUST_02247,2025-11-25,6.77
CUST_04731,2025-11-25,18.15
CUST_03737,2025-11-25,76.79
CUST_03274,2025-11-25,38.9
CUST_01291,2025-11-25,14.63
CUST_04300,2025-11-25,37.76
CUST_04641,2025-11-25,20.49
CUST_01704,2025-11-25,5.02
CUST_00278,2025-11-25,16.41
CUST_03783,2025-11-25,21.51
CUST_02744,2025-11-25,54.28
CUST_04088,2025-11-25,31.34
CUST_00065,2025-11-25,23.26
CUST_02250,2025-11-26,68.88
CUST_02913,2025-11-26,2.96
CUST_01838,2025-11-26,11.41
CUST_03001,2025-11-26,3.68
CUST_03001,2025-11-26,5.91
CUST_04845,2025-11-26,39.87
CUST_04877,2025-11-26,103.37
CUST_04827,2025-11-26,8.17
CUST_04169,2025-11-26,17.93
CUST_04321,2025-11-26,11.23
CUST_02446,2025-11-26,76.34
CUST_02787,2025-11-26,4.25
CUST_02218,2025-11-26,7.72
CUST_02968,2025-11-26,5.63
CUST_01703,2025-11-26,46.95
CUST_03498,2025-11-26,44.97
CUST_00484,2025-11-26,65.77
CUST_03747,2025-11-26,6.38
CUST_02704,2025-11-26,14.07
CUST_03926,2025-11-26,48.71
CUST_01576,2025-11-27,6.17
CUST_03320,2025-11-27,19.83
CUST_00345,2025-11-27,36.19
CUST_01017,2025-11-27,37.05
CUST_04713,2025-11-27,22.08
CUST_00598,2025-11-27,16.61
CUST_01542,2025-11-27,5.17
CUST_00596,2025-11-27,5.92
CUST_03132,2025-11-27,27.73
CUST_04015,2025-11-27,6.55
CUST_02156,2025-11-27,23.66
CUST_04279,2025-11-27,36.09
CUST_01652,2025-11-27,132.53
CUST_01925,2025-11-27,7.46
CUST_01145,2025-11-27,4.63
CUST_03536,2025-11-27,8.09
CUST_03327,2025-11-27,15.96
CUST_00728,2025-11-27,16.06
CUST_00767,2025-11-27,10.57
CUST_04686,2025-11-28,5.21
CUST_02355,2025-11-28,26.04
CUST_04710,2025-11-28,23.57
CUST_03407,2025-11-28,34.05
CUST_03976,2025-11-28,142.15
CUST_03001,2025-11-28,21.41
CUST_01786,2025-11-28,2.11
CUST_02539,2025-11-28,107.81
CUST_00433,2025-11-28,17.46
CUST_01197,2025-11-28,69.49
CUST_04750,2025-11-28,43.45
CUST_03783,2025-11-28,110.54
CUST_04141,2025-11-28,24.53
CUST_00685,2025-11-28,11.15
CUST_01257,2025-11-29,10.09
CUST_02301,2025-11-29,41.94
CUST_00909,2025-11-29,4.55
CUST_01412,2025-11-29,106.87
CUST_03592,2025-11-29,160.48
CUST_01394,2025-11-29,87.75
CUST_00030,2025-11-29,8.5
CUST_03578,2025-11-29,15.33
CUST_00247,2025-11-29,3.14
CUST_02238,2025-11-29,25.72
CUST_03783,2025-11-29,66.53
CUST_01225,2025-11-29,90.18
CUST_02239,2025-11-29,33.09
CUST_04512,2025-11-29,2.0
CUST_03801,2025-11-29,18.83
CUST_02462,2025-11-29,12.71
CUST_02413,2025-11-29,34.16
CUST_01866,2025-11-30,62.58
CUST_03676,2025-11-30,6.23
CUST_01264,2025-11-30,5.42
CUST_00406,2025-11-30,19.4
CUST_02518,2025-11-30,6.18
CUST_04409,2025-11-30,308.48
CUST_03162,2025-11-30,108.64
CUST_02604,2025-11-30,48.42
CUST_01594,2025-11-30,8.58
CUST_02686,2025-11-30,46.92
CUST_04300,2025-11-30,95.1
CUST_00840,2025-11-30,26.66
CUST_01260,2025-11-30,34.06
CUST_01260,2025-11-30,8.79
CUST_02263,2025-11-30,8.92
CUST_04768,2025-11-30,78.15
CUST_02156,2025-11-30,11.4
CUST_03397,2025-11-30,34.98
CUST_01803,2025-11-30,34.28
CUST_01439,2025-11-30,3.03
CUST_01844,2025-12-01,10.26
CUST_00162,2025-12-01,13.84
CUST_02405,2025-12-01,32.49
CUST_03826,2025-12-01,12.88
CUST_01844,2025-12-01,18.12
CUST_02812,2025-12-01,31.43
CUST_01786,2025-12-01,7.87
CUST_02413,2025-12-01,500.38
CUST_02692,2025-12-01,98.81
CUST_00909,2025-12-01,44.67
CUST_00767,2025-12-01,35.22
CUST_01975,2025-12-01,18.88
CUST_02484,2025-12-01,60.17
CUST_02980,2025-12-01,7.29
CUST_04998,2025-12-01,72.1
CUST_00552,2025-12-01,16.93
CUST_02539,2025-12-01,5.27
CUST_01347,2025-12-01,8.19
CUST_03315,2025-12-01,20.54
CUST_00712,2025-12-01,27.07
CUST_02564,2025-12-02,16.67
CUST_04745,2025-12-02,4.61
CUST_02413,2025-12-02,28.0
CUST_04782,2025-12-02,7.25
CUST_02249,2025-12-02,7.15
CUST_03499,2025-12-02,80.88
CUST_01130,2025-12-02,17.91
CUST_00472,2025-12-02,26.45
CUST_01525,2025-12-02,20.05
CUST_01656,2025-12-02,4.04
CUST_03713,2025-12-02,28.76
CUST_04678,2025-12-02,4.59
CUST_00619,2025-12-02,5.71
CUST_04281,2025-12-02,19.84
CUST_04603,2025-12-02,45.06
CUST_04960,2025-12-02,24.43
CUST_03921,2025-12-02,8.39
CUST_02539,2025-12-02,29.92
CUST_02286,2025-12-03,5.23
CUST_00731,2025-12-03,61.52
CUST_02353,2025-12-03,6.47
CUST_03102,2025-12-03,61.33
CUST_04244,2025-12-03,14.73
CUST_01331,2025-12-03,5.05
CUST_02413,2025-12-03,25.42
CUST_03669,2025-12-03,8.76
CUST_01629,2025-12-03,20.17
CUST_03132,2025-12-03,16.12
CUST_02699,2025-12-03,9.9
CUST_01191,2025-12-03,8.01
CUST_01553,2025-12-03,5.97
CUST_04341,2025-12-03,3.12
CUST_03869,2025-12-03,24.31
CUST_04239,2025-12-03,12.53
CUST_04216,2025-12-03,105.21
CUST_00251,2025-12-03,14.61
CUST_03232,2025-12-04,29.45
CUST_03813,2025-12-04,26.95
CUST_00973,2025-12-04,83.45
CUST_03965,2025-12-04,19.57
CUST_00691,2025-12-04,7.31
CUST_00414,2025-12-04,37.9
CUST_04798,2025-12-04,6.16
CUST_02927,2025-12-04,20.66
CUST_04593,2025-12-04,27.39
CUST_03563,2025-12-04,13.31
CUST_02972,2025-12-04,56.62
CUST_00984,2025-12-04,3.32
CUST_02413,2025-12-04,2.33
CUST_03691,2025-12-04,14.53
CUST_04440,2025-12-04,18.46
CUST_01080,2025-12-04,7.18
CUST_01065,2025-12-04,228.22
CUST_03478,2025-12-05,84.49
CUST_04519,2025-12-05,41.76
CUST_00121,2025-12-05,8.26
CUST_01495,2025-12-05,140.77
CUST_03391,2025-12-05,18.67
CUST_01220,2025-12-05,23.5
CUST_03846,2025-12-05,12.15
CUST_03402,2025-12-05,21.74
CUST_03063,2025-12-05,8.81
CUST_01530,2025-12-05,36.73
CUST_04232,2025-12-05,76.22
CUST_04098,2025-12-05,73.86
CUST_00373,2025-12-05,7.84
CUST_01236,2025-12-05,48.97
CUST_02036,2025-12-05,46.8
CUST_03580,2025-12-05,57.69
CUST_04877,2025-12-05,14.93
CUST_02787,2025-12-05,5.44
CUST_04560,2025-12-06,20.64
CUST_03133,2025-12-06,43.86
CUST_02703,2025-12-06,30.22
CUST_00206,2025-12-06,79.49
CUST_04855,2025-12-06,16.01
CUST_00038,2025-12-06,13.03
CUST_02588,2025-12-06,9.57
CUST_02213,2025-12-06,19.61
CUST_00253,2025-12-06,4.87
CUST_01698,2025-12-06,9.59
CUST_01880,2025-12-06,9.33
CUST_00345,2025-12-06,19.77
CUST_02125,2025-12-06,15.82
CUST_02496,2025-12-06,22.92
CUST_01018,2025-12-06,54.66
CUST_03921,2025-12-06,39.35
CUST_01403,2025-12-06,6.71
CUST_04810,2025-12-06,100.51
CUST_02539,2025-12-06,98.94
CUST_02428,2025-12-06,19.49
CUST_00907,2025-12-06,36.52
CUST_04637,2025-12-07,6.7
CUST_02523,2025-12-07,24.4
CUST_02176,2025-12-07,42.41
CUST_00982,2025-12-07,84.67
CUST_04281,2025-12-07,4.7
CUST_04628,2025-12-07,44.67
CUST_01377,2025-12-07,19.53
CUST_01590,2025-12-07,73.66
CUST_04321,2025-12-07,10.84
CUST_00189,2025-12-07,8.81
CUST_02890,2025-12-07,4.12
CUST_03196,2025-12-07,13.2
CUST_02614,2025-12-07,13.15
CUST_02867,2025-12-07,42.76
CUST_01133,2025-12-07,14.47
CUST_04483,2025-12-07,7.12
CUST_01260,2025-12-07,81.87
CUST_03678,2025-12-07,43.69
CUST_03001,2025-12-07,14.29
CUST_04525,2025-12-07,43.82
CUST_03926,2025-12-07,94.07
CUST_02025,2025-12-07,27.1
CUST_04191,2025-12-07,17.5
CUST_01195,2025-12-08,26.52
CUST_02938,2025-12-08,30.52
CUST_03001,2025-12-08,15.2
CUST_03925,2025-12-08,13.82
CUST_00187,2025-12-08,16.94
CUST_03757,2025-12-08,3.74
CUST_01378,2025-12-08,21.94
CUST_03289,2025-12-08,16.75
CUST_01995,2025-12-08,8.04
CUST_00035,2025-12-08,16.16
CUST_03392,2025-12-08,67.77
CUST_02351,2025-12-08,82.54
CUST_00893,2025-12-08,6.89
CUST_02764,2025-12-08,114.56
CUST_00888,2025-12-08,6.82
CUST_03327,2025-12-08,6.67
CUST_00622,2025-12-08,46.1
CUST_04244,2025-12-08,18.86
CUST_02611,2025-12-08,8.56
CUST_04900,2025-12-08,2.51
CUST_03564,2025-12-09,2.36
CUST_01375,2025-12-09,8.5
CUST_02021,2025-12-09,16.78
CUST_01347,2025-12-09,18.81
CUST_02479,2025-12-09,11.43
CUST_04593,2025-12-09,20.45
CUST_04135,2025-12-09,12.21
CUST_04810,2025-12-09,19.05
CUST_00541,2025-12-09,82.58
CUST_01265,2025-12-09,4.13
CUST_03988,2025-12-09,46.01
CUST_03510,2025-12-09,16.27
CUST_02106,2025-12-09,36.3
CUST_03456,2025-12-09,3.13
CUST_00240,2025-12-09,12.71
CUST_03840,2025-12-10,151.01
CUST_04244,2025-12-10,1.9
CUST_01611,2025-12-10,9.25
CUST_04046,2025-12-10,6.1
CUST_04689,2025-12-10,15.44
CUST_04753,2025-12-10,10.27
CUST_02124,2025-12-10,38.01
CUST_00929,2025-12-10,42.36
CUST_02094,2025-12-10,19.25
CUST_03672,2025-12-10,22.09
CUST_03683,2025-12-10,92.97
CUST_01031,2025-12-10,15.31
CUST_04519,2025-12-10,27.75
CUST_03953,2025-12-10,91.14
CUST_02721,2025-12-10,8.22
CUST_02422,2025-12-10,43.21
CUST_02413,2025-12-10,30.81
CUST_03826,2025-12-10,32.71
CUST_02529,2025-12-10,18.52
CUST_04783,2025-12-10,16.2
CUST_01095,2025-12-10,96.07
CUST_01394,2025-12-10,29.85
CUST_02748,2025-12-10,7.14
CUST_04296,2025-12-10,9.71
CUST_04823,2025-12-10,259.5
CUST_04658,2025-12-10,80.17
CUST_03384,2025-12-11,80.26
CUST_03763,2025-12-11,4.37
CUST_00934,2025-12-11,22.08
CUST_04877,2025-12-11,54.45
CUST_01267,2025-12-11,33.33
CUST_00579,2025-12-11,55.38
CUST_04872,2025-12-11,9.4
CUST_01961,2025-12-11,6.91
CUST_02011,2025-12-11,12.76
CUST_04880,2025-12-11,9.92
CUST_03591,2025-12-11,13.3
CUST_01444,2025-12-11,84.02
CUST_04295,2025-12-11,35.2
CUST_04430,2025-12-11,7.7
CUST_03111,2025-12-11,13.26
CUST_02611,2025-12-11,97.17
CUST_00336,2025-12-11,172.36
CUST_03668,2025-12-11,40.24
CUST_02628,2025-12-11,6.77
CUST_04189,2025-12-11,10.66
CUST_02802,2025-12-11,54.87
CUST_04476,2025-12-11,47.91
CUST_03592,2025-12-11,10.14
CUST_04767,2025-12-11,17.79
CUST_01366,2025-12-11,72.18
CUST_04323,2025-12-11,5.01
CUST_03579,2025-12-11,26.61
CUST_00076,2025-12-12,38.98
CUST_03054,2025-12-12,4.28
CUST_00307,2025-12-12,10.21
CUST_01147,2025-12-12,33.37
CUST_04835,2025-12-12,29.92
CUST_02119,2025-12-12,21.87
CUST_03335,2025-12-12,15.33
CUST_02993,2025-12-12,45.66
CUST_03668,2025-12-12,19.51
CUST_00643,2025-12-12,4.26
CUST_02428,2025-12-12,4.72
CUST_01705,2025-12-12,12.38
CUST_04790,2025-12-13,151.78
CUST_01836,2025-12-13,4.69
CUST_02078,2025-12-13,21.41
CUST_02539,2025-12-13,54.89
CUST_02539,2025-12-13,91.97
CUST_04391,2025-12-13,40.43
CUST_01455,2025-12-13,26.49
CUST_04263,2025-12-13,4.74
CUST_02508,2025-12-13,15.77
CUST_03399,2025-12-13,107.48
CUST_01298,2025-12-13,35.94
CUST_03668,2025-12-13,40.16
CUST_02413,2025-12-13,23.78
CUST_04300,2025-12-13,26.23
CUST_04519,2025-12-13,26.35
CUST_02900,2025-12-13,140.42
CUST_04873,2025-12-13,28.7
CUST_00186,2025-12-13,9.97
CUST_04941,2025-12-13,27.48
CUST_02199,2025-12-14,6.79
CUST_04713,2025-12-14,1.04
CUST_03456,2025-12-14,12.29
CUST_03864,2025-12-14,16.19
CUST_04937,2025-12-14,14.16
CUST_04189,2025-12-14,14.76
CUST_02888,2025-12-14,57.44
CUST_04391,2025-12-14,44.31
CUST_00702,2025-12-14,63.97
CUST_04092,2025-12-14,71.28
CUST_04363,2025-12-14,52.25
CUST_01894,2025-12-15,35.14
CUST_00882,2025-12-15,6.64
CUST_01575,2025-12-15,6.87
CUST_01939,2025-12-15,45.83
CUST_00012,2025-12-15,56.75
CUST_04385,2025-12-15,30.41
CUST_02806,2025-12-15,4.63
CUST_02373,2025-12-15,112.88
CUST_01696,2025-12-15,9.68
CUST_02143,2025-12-15,8.51
CUST_01534,2025-12-15,37.87
CUST_01245,2025-12-15,23.87
CUST_01299,2025-12-15,61.29
CUST_00948,2025-12-15,4.95
CUST_01859,2025-12-15,23.83
CUST_02980,2025-12-15,13.06
CUST_03286,2025-12-15,19.77
CUST_02367,2025-12-15,46.0
CUST_04147,2025-12-15,45.46
CUST_01051,2025-12-15,32.81
CUST_00434,2025-12-15,10.26
CUST_00959,2025-12-15,46.57
CUST_03034,2025-12-15,11.91
CUST_02109,2025-12-15,52.93
CUST_00779,2025-12-15,12.63
CUST_00702,2025-12-15,21.76
CUST_04835,2025-12-15,4.88
CUST_03935,2025-12-15,19.73
CUST_04885,2025-12-15,20.45
CUST_00250,2025-12-16,12.87
CUST_00552,2025-12-16,114.42
CUST_04023,2025-12-16,44.96
CUST_04912,2025-12-16,5.94
CUST_02597,2025-12-16,10.94
CUST_04300,2025-12-16,10.32
CUST_02445,2025-12-16,6.54
CUST_01247,2025-12-16,39.26
CUST_04555,2025-12-16,55.95
CUST_04213,2025-12-16,25.1
CUST_04462,2025-12-16,35.06
CUST_00822,2025-12-16,56.4
CUST_02693,2025-12-16,24.16
CUST_02980,2025-12-16,14.61
CUST_00767,2025-12-16,15.96
CUST_03220,2025-12-16,12.29
CUST_01212,2025-12-16,2.7
CUST_01786,2025-12-16,7.8
CUST_01126,2025-12-16,54.75
CUST_03226,2025-12-16,3.2
CUST_01991,2025-12-17,10.02
CUST_03806,2025-12-17,39.57
CUST_03456,2025-12-17,17.78
CUST_02971,2025-12-17,21.27
CUST_01213,2025-12-17,7.63
CUST_00187,2025-12-17,42.64
CUST_01704,2025-12-17,21.89
CUST_04300,2025-12-17,13.33
CUST_00910,2025-12-17,100.12
CUST_01024,2025-12-17,17.92
CUST_01614,2025-12-17,5.72
CUST_00598,2025-12-17,9.75
CUST_04128,2025-12-17,5.95
CUST_00533,2025-12-17,66.74
CUST_02667,2025-12-17,11.68
CUST_04519,2025-12-17,15.79
CUST_04397,2025-12-17,12.29
CUST_03182,2025-12-17,33.31
CUST_04483,2025-12-18,18.14
CUST_01639,2025-12-18,8.86
CUST_00676,2025-12-18,11.31
CUST_00447,2025-12-18,93.02
CUST_04070,2025-12-18,16.48
CUST_00318,2025-12-18,29.65
CUST_04961,2025-12-18,1.0
CUST_01112,2025-12-18,35.44
CUST_02960,2025-12-18,32.72
CUST_04391,2025-12-18,7.69
CUST_02113,2025-12-18,4.7
CUST_03418,2025-12-18,26.75
CUST_04727,2025-12-18,85.87
CUST_04141,2025-12-18,34.94
CUST_00237,2025-12-18,113.48
CUST_04520,2025-12-18,28.26
CUST_02794,2025-12-18,8.39
CUST_02024,2025-12-19,21.05
CUST_04281,2025-12-19,82.66
CUST_00100,2025-12-19,24.68
CUST_03564,2025-12-19,49.34
CUST_03339,2025-12-19,16.74
CUST_04792,2025-12-19,35.35
CUST_03240,2025-12-19,40.39
CUST_02301,2025-12-19,7.16
CUST_03854,2025-12-19,11.67
CUST_04391,2025-12-19,5.19
CUST_02832,2025-12-19,72.18
CUST_04023,2025-12-19,26.52
CUST_02005,2025-12-19,7.01
CUST_02229,2025-12-19,3.88
CUST_03520,2025-12-19,22.23
CUST_04434,2025-12-19,2.86
CUST_03054,2025-12-19,15.03
CUST_04140,2025-12-19,20.3
CUST_03013,2025-12-19,5.86
CUST_01245,2025-12-19,69.72
CUST_00185,2025-12-19,27.61
CUST_03783,2025-12-19,10.9
CUST_00361,2025-12-19,10.06
CUST_01027,2025-12-20,6.23
CUST_00643,2025-12-20,51.05
CUST_00333,2025-12-20,12.42
CUST_04097,2025-12-20,2.32
CUST_04747,2025-12-20,19.56
CUST_00587,2025-12-20,20.6
CUST_02564,2025-12-20,17.39
CUST_01119,2025-12-20,7.73
CUST_02672,2025-12-20,9.76
CUST_00825,2025-12-20,15.18
CUST_02697,2025-12-20,106.92
CUST_02428,2025-12-20,202.44
CUST_02898,2025-12-20,13.54
CUST_04136,2025-12-20,12.46
CUST_02366,2025-12-20,68.65
CUST_03835,2025-12-21,5.99
CUST_03977,2025-12-21,20.73
CUST_01011,2025-12-21,14.74
CUST_02442,2025-12-21,15.69
CUST_02333,2025-12-21,26.14
CUST_04300,2025-12-21,68.69
CUST_04312,2025-12-21,6.55
CUST_04883,2025-12-21,27.86
CUST_02413,2025-12-21,13.36
CUST_01704,2025-12-21,13.75
CUST_04682,2025-12-21,22.11
CUST_04855,2025-12-21,1.3
CUST_01100,2025-12-21,28.96
CUST_04059,2025-12-21,13.96
CUST_00541,2025-12-21,5.24
CUST_03527,2025-12-21,28.92
CUST_00012,2025-12-21,5.82
CUST_04043,2025-12-21,12.7
CUST_04666,2025-12-22,21.43
CUST_04321,2025-12-22,114.86
CUST_03380,2025-12-22,39.12
CUST_02638,2025-12-22,4.86
CUST_00702,2025-12-22,154.45
CUST_04741,2025-12-22,17.17
CUST_03785,2025-12-22,6.21
CUST_04986,2025-12-22,47.71
CUST_02715,2025-12-22,33.68
CUST_01018,2025-12-22,27.03
CUST_02301,2025-12-22,19.59
CUST_03546,2025-12-22,11.32
CUST_03919,2025-12-22,79.7
CUST_04607,2025-12-22,88.19
CUST_02238,2025-12-22,9.38
CUST_00730,2025-12-22,23.01
CUST_04244,2025-12-22,80.51
CUST_01126,2025-12-22,24.2
CUST_03558,2025-12-22,52.13
CUST_01164,2025-12-22,55.58
CUST_02556,2025-12-22,10.46
CUST_01170,2025-12-22,29.97
CUST_03054,2025-12-22,25.45
CUST_04408,2025-12-22,20.85
CUST_03866,2025-12-23,3.71
CUST_04823,2025-12-23,19.11
CUST_01739,2025-12-23,51.69
CUST_04456,2025-12-23,14.54
CUST_01945,2025-12-23,30.01
CUST_01846,2025-12-23,20.54
CUST_02623,2025-12-23,16.65
CUST_03783,2025-12-23,5.46
CUST_04189,2025-12-23,18.83
CUST_02806,2025-12-23,56.0
CUST_03845,2025-12-23,29.87
CUST_01894,2025-12-23,100.28
CUST_00554,2025-12-23,22.43
CUST_04649,2025-12-23,17.09
CUST_01543,2025-12-23,148.41
CUST_01149,2025-12-23,23.28
CUST_03821,2025-12-23,28.03
CUST_01835,2025-12-23,7.91
CUST_02270,2025-12-23,39.95
CUST_04141,2025-12-23,13.18
CUST_03668,2025-12-23,27.56
CUST_01463,2025-12-23,11.65
CUST_00694,2025-12-23,5.28
CUST_01331,2025-12-23,19.76
CUST_04281,2025-12-23,27.51
CUST_00752,2025-12-23,81.44
CUST_00643,2025-12-23,16.12
CUST_04597,2025-12-24,98.59
CUST_04170,2025-12-24,37.34
CUST_01407,2025-12-24,31.68
CUST_03317,2025-12-24,36.78
CUST_00287,2025-12-24,41.89
CUST_00692,2025-12-24,109.84
CUST_02435,2025-12-24,4.33
CUST_04593,2025-12-24,62.65
CUST_04593,2025-12-24,236.27
CUST_03540,2025-12-24,5.71
CUST_04959,2025-12-24,2.46
CUST_03836,2025-12-24,75.02
CUST_03171,2025-12-24,6.68
CUST_00339,2025-12-24,9.36
CUST_01849,2025-12-24,29.27
CUST_00552,2025-12-24,8.99
CUST_02539,2025-12-24,106.69
CUST_02351,2025-12-24,30.86
CUST_03124,2025-12-24,14.66
CUST_02873,2025-12-24,8.57
CUST_02413,2025-12-24,17.52
CUST_01430,2025-12-24,25.22
CUST_01960,2025-12-24,42.37
CUST_00044,2025-12-24,24.38
CUST_01767,2025-12-25,34.13
CUST_03999,2025-12-25,36.69
CUST_04376,2025-12-25,14.32
CUST_03271,2025-12-25,7.81
CUST_03727,2025-12-25,9.05
CUST_02351,2025-12-25,30.71
CUST_01888,2025-12-25,6.36
CUST_03764,2025-12-25,2.78
CUST_04519,2025-12-25,23.23
CUST_04014,2025-12-25,51.98
CUST_01838,2025-12-25,13.97
CUST_02748,2025-12-25,24.24
CUST_04281,2025-12-25,12.28
CUST_03466,2025-12-25,18.17
CUST_03489,2025-12-25,41.57
CUST_04998,2025-12-25,48.36
CUST_04673,2025-12-25,4.79
CUST_04228,2025-12-25,60.03
CUST_03327,2025-12-25,23.63
CUST_00466,2025-12-25,10.45
CUST_01430,2025-12-25,46.88
CUST_03319,2025-12-25,73.58
CUST_01761,2025-12-25,31.86
CUST_02238,2025-12-25,18.23
CUST_03802,2025-12-25,14.55
CUST_00942,2025-12-26,17.41
CUST_00982,2025-12-26,59.42
CUST_04085,2025-12-26,84.84
CUST_04141,2025-12-26,5.18
CUST_04130,2025-12-26,30.94
CUST_00702,2025-12-26,44.87
CUST_04603,2025-12-26,7.58
CUST_04340,2025-12-26,27.29
CUST_00632,2025-12-26,42.9
CUST_04244,2025-12-26,5.82
CUST_04528,2025-12-26,11.34
CUST_02672,2025-12-26,41.85
CUST_03064,2025-12-26,39.79
CUST_04910,2025-12-26,44.38
CUST_02707,2025-12-26,14.31
CUST_04883,2025-12-26,50.59
CUST_04745,2025-12-26,36.4
CUST_04747,2025-12-26,71.27
CUST_00074,2025-12-26,6.97
CUST_04719,2025-12-26,16.32
CUST_04300,2025-12-26,11.8
CUST_03439,2025-12-26,1.78
CUST_02077,2025-12-26,9.48
CUST_02737,2025-12-26,45.53
CUST_02364,2025-12-26,9.76
CUST_00108,2025-12-26,9.54
CUST_00579,2025-12-26,70.81
CUST_00337,2025-12-26,1.0
CUST_03036,2025-12-26,42.69
CUST_02391,2025-12-26,102.99
CUST_02913,2025-12-27,14.19
CUST_02163,2025-12-27,11.81
CUST_00981,2025-12-27,12.66
CUST_00655,2025-12-27,46.18
CUST_01514,2025-12-27,11.98
CUST_04189,2025-12-27,43.11
CUST_00897,2025-12-27,9.24
CUST_04809,2025-12-27,12.72
CUST_02534,2025-12-27,12.94
CUST_02545,2025-12-27,25.67
CUST_04792,2025-12-27,90.77
CUST_03898,2025-12-27,32.42
CUST_04520,2025-12-27,8.35
CUST_04506,2025-12-27,3.06
CUST_03852,2025-12-27,12.53
CUST_01079,2025-12-27,29.8
CUST_04577,2025-12-27,16.55
CUST_00204,2025-12-27,13.67
CUST_02026,2025-12-27,78.59
CUST_04410,2025-12-27,15.4
CUST_04244,2025-12-27,16.68
CUST_01997,2025-12-27,23.48
CUST_04628,2025-12-27,21.64
CUST_03372,2025-12-27,10.91
CUST_04623,2025-12-27,38.87
CUST_02347,2025-12-27,18.21
CUST_02413,2025-12-27,18.76
CUST_02159,2025-12-27,4.48
CUST_03218,2025-12-27,12.6
CUST_03063,2025-12-28,22.21
CUST_02444,2025-12-28,4.3
CUST_04260,2025-12-28,32.54
CUST_03520,2025-12-28,27.92
CUST_04927,2025-12-28,6.25
CUST_04461,2025-12-28,6.57
CUST_03581,2025-12-28,39.09
CUST_00161,2025-12-28,19.36
CUST_00703,2025-12-28,4.81
CUST_04623,2025-12-28,16.63
CUST_01083,2025-12-28,13.76
CUST_02887,2025-12-28,54.2
CUST_00442,2025-12-28,5.99
CUST_00534,2025-12-28,5.56
CUST_00128,2025-12-28,3.83
CUST_01267,2025-12-28,20.52
CUST_03385,2025-12-28,6.89
CUST_00682,2025-12-28,6.99
CUST_01629,2025-12-28,24.55
CUST_03572,2025-12-29,9.84
CUST_04271,2025-12-29,28.39
CUST_01315,2025-12-29,7.14
CUST_04281,2025-12-29,9.43
CUST_04402,2025-12-29,35.81
CUST_03282,2025-12-29,12.7
CUST_02413,2025-12-29,16.78
CUST_04767,2025-12-29,4.8
CUST_00877,2025-12-29,33.86
CUST_03679,2025-12-29,67.97
CUST_00015,2025-12-29,2.19
CUST_02351,2025-12-29,23.91
CUST_03783,2025-12-29,22.5
CUST_01690,2025-12-29,15.48
CUST_00909,2025-12-29,13.37
CUST_02732,2025-12-29,39.07
CUST_01534,2025-12-29,86.88
CUST_02672,2025-12-29,10.75
CUST_03988,2025-12-29,33.68
CUST_01260,2025-12-29,7.14
CUST_04855,2025-12-30,10.51
CUST_01832,2025-12-30,25.12
CUST_04855,2025-12-30,24.93
CUST_01113,2025-12-30,5.85
CUST_03838,2025-12-30,55.69
CUST_01772,2025-12-30,24.85
CUST_00143,2025-12-30,140.33
CUST_03236,2025-12-30,12.6
CUST_04823,2025-12-30,10.09
CUST_01281,2025-12-30,34.25
CUST_03384,2025-12-30,48.74
CUST_02230,2025-12-30,137.69
CUST_00704,2025-12-30,1.71
CUST_02443,2025-12-30,40.4
CUST_02704,2025-12-30,8.96
CUST_04007,2025-12-30,30.38
CUST_04480,2025-12-30,19.9
CUST_03668,2025-12-31,11.0
CUST_03783,2025-12-31,11.22
CUST_04244,2025-12-31,34.26
CUST_02020,2025-12-31,91.55
CUST_02178,2025-12-31,43.06
CUST_01995,2025-12-31,3.84
CUST_00476,2025-12-31,2.01
CUST_04187,2025-12-31,18.46
CUST_00149,2025-12-31,3.11
CUST_01909,2025-12-31,10.01
CUST_03320,2025-12-31,3.56
CUST_03113,2025-12-31,69.68
CUST_04726,2025-12-31,23.96
CUST_01639,2025-12-31,114.29
CUST_01656,2025-12-31,8.83
CUST_04931,2025-12-31,12.36
CUST_04927,2025-12-31,25.01
CUST_01245,2025-12-31,1.93
CUST_03592,2025-12-31,38.69
CUST_02484,2025-12-31,30.14
CUST_00333,2025-12-31,63.76
CUST_04798,2025-12-31,16.08
CUST_02766,2025-12-31,15.68
CUST_03054,2025-12-31,6.92
CUST_01315,2025-12-31,4.82
CUST_02664,2025-12-31,8.3
