customer_id,recency,frequency,monetary,predicted_churn
CUST_00001,336,1,31.38,1
CUST_00002,198,1,64.78,0
CUST_00003,283,1,19.81,0
CUST_00004,242,1,9.19,0
CUST_00005,119,1,11.2,0
CUST_00006,223,1,13.84,0
CUST_00007,274,1,13.0,0
CUST_00008,616,1,3.61,1
CUST_00009,77,3,182.47,0
CUST_00010,600,1,27.0,1
CUST_00011,450,1,68.16,1
CUST_00012,10,29,1121.45,0
CUST_00013,191,2,74.1,0
CUST_00014,301,1,17.48,0
CUST_00015,2,8,272.02,0
CUST_00016,41,16,398.84,0
CUST_00017,126,1,17.03,0
CUST_00018,284,2,46.57,0
CUST_00019,332,1,10.56,0
CUST_00020,721,1,20.59,1
CUST_00021,140,1,50.19,0
CUST_00022,627,1,13.42,1
CUST_00023,627,1,6.91,1
CUST_00024,182,2,26.46,0
CUST_00025,388,1,22.5,1
CUST_00026,384,1,8.07,1
CUST_00027,595,1,8.88,1
CUST_00028,483,1,7.35,1
CUST_00029,329,1,52.56,0
CUST_00030,32,5,70.22999999999999,0
CUST_00031,492,1,19.28,1
CUST_00032,428,1,43.34,1
CUST_00033,39,4,134.47,0
CUST_00034,315,1,16.77,0
CUST_00035,23,2,27.92,0
CUST_00036,384,1,45.6,1
CUST_00037,196,1,51.74,0
CUST_00038,25,1,13.03,0
CUST_00039,73,2,44.510000000000005,0
CUST_00040,689,1,22.98,1
CUST_00041,571,1,7.05,1
CUST_00042,455,2,59.72,1
CUST_00043,503,2,49.8,1
CUST_00044,7,8,86.17,0
CUST_00045,692,1,19.96,1
CUST_00046,149,9,120.07,0
CUST_00047,59,1,65.4,0
CUST_00048,105,7,206.21,0
CUST_00049,139,3,161.69,0
CUST_00050,656,1,24.05,1
CUST_00051,53,2,39.77,0
CUST_00052,256,1,23.06,0
CUST_00053,304,3,13.35,0
CUST_00054,700,1,15.14,1
CUST_00055,373,1,35.28,1
CUST_00056,41,8,166.59,0
CUST_00057,712,1,17.71,1
CUST_00058,64,3,123.75,0
CUST_00059,314,1,23.67,0
CUST_00060,55,11,342.74,0
CUST_00061,426,1,15.79,1
CUST_00062,265,1,6.97,0
CUST_00063,159,10,342.0,0
CUST_00064,590,1,27.71,1
CUST_00065,36,11,345.6,0
CUST_00066,163,3,147.42000000000002,0
CUST_00067,526,1,8.67,1
CUST_00068,648,1,12.05,1
CUST_00069,599,1,22.52,1
CUST_00070,395,1,34.09,1
CUST_00071,234,5,345.52,1
CUST_00072,97,11,587.46,0
CUST_00073,148,1,66.51,0
CUST_00074,5,2,47.23,0
CUST_00075,166,3,32.06,0
CUST_00076,19,4,139.79,0
CUST_00077,253,2,98.23,0
CUST_00078,61,1,32.87,0
CUST_00079,704,1,31.59,1
CUST_00080,334,1,299.13,1
CUST_00081,209,1,18.61,0
CUST_00082,54,4,93.29,0
CUST_00083,585,1,19.37,1
CUST_00084,162,6,122.8,0
CUST_00085,398,2,32.54,1
CUST_00086,51,1,15.76,0
CUST_00087,491,1,8.31,1
CUST_00088,74,1,45.18,0
CUST_00089,372,1,12.93,1
CUST_00090,353,1,64.33,1
CUST_00091,346,1,143.98,1
CUST_00092,56,1,5.29,0
CUST_00093,366,1,63.55,1
CUST_00094,244,2,10.28,0
CUST_00095,419,1,14.68,1
CUST_00096,287,11,269.76,1
CUST_00097,152,1,34.56,0
CUST_00098,170,4,43.16,0
CUST_00099,618,1,29.23,1
CUST_00100,12,3,59.67,0
CUST_00101,425,1,45.93,1
CUST_00102,84,5,227.04,0
CUST_00103,84,2,45.47,0
CUST_00104,119,1,4.55,0
CUST_00105,124,1,1.31,0
CUST_00106,74,1,21.6,0
CUST_00107,57,1,57.96,0
CUST_00108,5,1,9.54,0
CUST_00109,429,1,11.71,1
CUST_00110,528,1,19.88,1
CUST_00111,255,1,35.8,0
CUST_00112,86,7,133.49,0
CUST_00113,162,3,87.42,0
CUST_00114,659,1,12.61,1
CUST_00115,237,1,11.46,0
CUST_00116,556,2,64.87,1
CUST_00117,153,2,96.28,0
CUST_00118,310,1,41.46,0
CUST_00119,82,1,120.51,0
CUST_00120,678,1,8.19,1
CUST_00121,26,7,165.48,0
CUST_00122,114,1,81.06,0
CUST_00123,244,1,24.62,0
CUST_00124,96,4,87.15,0
CUST_00125,246,1,4.0,0
CUST_00126,412,1,21.53,1
CUST_00127,649,1,8.47,1
CUST_00128,3,1,3.83,0
CUST_00129,630,1,123.09,1
CUST_00130,375,1,7.85,1
CUST_00131,720,1,146.19,1
CUST_00132,181,1,7.52,0
CUST_00133,609,1,18.53,1
CUST_00134,37,5,296.89,0
CUST_00135,128,1,13.95,0
CUST_00136,492,1,18.74,1
CUST_00137,312,2,85.6,1
CUST_00138,499,1,29.05,1
CUST_00139,170,2,226.02,1
CUST_00140,82,1,26.6,0
CUST_00141,436,1,7.99,1
CUST_00142,39,2,17.82,0
CUST_00143,1,8,310.79,0
CUST_00144,168,3,114.49,0
CUST_00145,107,4,163.01,0
CUST_00146,675,1,14.45,1
CUST_00147,471,1,30.04,1
CUST_00148,90,8,230.74,0
CUST_00149,0,22,618.64,0
CUST_00150,82,10,164.83,0
CUST_00151,701,1,27.08,1
CUST_00152,336,1,65.77,1
CUST_00153,141,1,2.81,0
CUST_00154,148,1,5.68,0
CUST_00155,318,1,140.33,1
CUST_00156,107,11,211.04,0
CUST_00157,533,1,13.84,1
CUST_00158,317,2,33.14,0
CUST_00159,74,8,160.66,0
CUST_00160,207,1,38.74,0
CUST_00161,3,20,993.21,0
CUST_00162,30,19,509.87,0
CUST_00163,60,1,28.95,0
CUST_00164,537,1,33.33,1
CUST_00165,92,3,39.17,0
CUST_00166,716,1,37.82,1
CUST_00167,197,1,7.41,0
CUST_00168,52,6,157.51999999999998,0
CUST_00169,248,5,65.7,0
CUST_00170,614,1,20.97,1
CUST_00171,727,1,55.66,1
CUST_00172,502,1,12.93,1
CUST_00173,631,1,11.31,1
CUST_00174,54,1,120.88,0
CUST_00175,227,1,58.5,0
CUST_00176,213,5,185.78,0
CUST_00177,80,3,68.57,0
CUST_00178,77,8,185.17,0
CUST_00179,396,1,40.26,1
CUST_00180,416,1,4.93,1
CUST_00181,64,3,69.07,0
CUST_00182,592,1,126.65,1
CUST_00183,168,10,528.92,0
CUST_00184,459,2,30.57,1
CUST_00185,12,16,462.81,0
CUST_00186,18,2,40.35,0
CUST_00187,14,5,104.17,0
CUST_00188,612,1,49.78,1
CUST_00189,24,1,8.81,0
CUST_00190,213,4,123.57,0
CUST_00191,87,10,504.27,0
CUST_00192,93,3,124.42,0
CUST_00193,512,1,23.24,1
CUST_00194,47,8,285.86,0
CUST_00195,310,1,22.21,0
CUST_00196,680,1,36.83,1
CUST_00197,164,3,49.66,0
CUST_00198,343,1,9.28,0
CUST_00199,686,1,74.16,1
CUST_00200,453,1,5.89,1
CUST_00201,164,2,50.43,0
CUST_00202,337,1,6.82,0
CUST_00203,408,2,137.54,1
CUST_00204,4,4,71.87,0
CUST_00205,288,5,127.46,0
CUST_00206,25,21,991.45,0
CUST_00207,416,1,13.33,1
CUST_00208,706,1,21.56,1
CUST_00209,614,1,138.47,1
CUST_00210,532,1,4.66,1
CUST_00211,75,1,22.76,0
CUST_00212,172,5,107.18,0
CUST_00213,498,1,68.89,1
CUST_00214,53,1,42.01,0
CUST_00215,418,1,28.28,1
CUST_00216,220,1,69.47,0
CUST_00217,448,1,26.79,1
CUST_00218,80,1,20.03,0
CUST_00219,515,1,72.65,1
CUST_00220,189,1,141.93,0
CUST_00221,460,1,88.96,1
CUST_00222,291,1,8.92,0
CUST_00223,688,1,18.67,1
CUST_00224,391,2,62.7,1
CUST_00225,69,2,64.15,0
CUST_00226,156,1,12.94,0
CUST_00227,147,4,86.71,0
CUST_00228,258,2,33.21,0
CUST_00229,644,1,20.46,1
CUST_00230,372,1,55.61,1
CUST_00231,346,1,11.07,0
CUST_00232,613,1,52.34,1
CUST_00233,137,8,225.54,0
CUST_00234,43,6,169.69,0
CUST_00235,81,1,78.88,0
CUST_00236,452,1,13.29,1
CUST_00237,13,3,307.45,0
CUST_00238,60,5,218.76,0
CUST_00239,46,4,169.78,0
CUST_00240,22,1,12.71,0
CUST_00241,276,1,23.39,0
CUST_00242,689,1,80.22,1
CUST_00243,608,2,71.84,1
CUST_00244,104,2,69.49,0
CUST_00245,355,1,50.76,1
CUST_00246,648,1,9.9,1
CUST_00247,32,3,29.81,0
CUST_00248,475,1,4.13,1
CUST_00249,105,5,180.09,0
CUST_00250,15,1,12.87,0
CUST_00251,28,7,213.65,0
CUST_00252,195,1,14.21,0
CUST_00253,25,1,4.87,0
CUST_00254,147,1,35.92,0
CUST_00255,348,1,12.84,1
CUST_00256,130,1,67.94,0
CUST_00257,191,1,63.05,0
CUST_00258,258,2,170.86999999999998,1
CUST_00259,94,1,6.9,0
CUST_00260,40,1,1.85,0
CUST_00261,541,1,24.76,1
CUST_00262,73,2,82.61,0
CUST_00263,636,1,49.24,1
CUST_00264,40,10,207.83,0
CUST_00265,486,1,4.25,1
CUST_00266,71,1,38.66,0
CUST_00267,99,3,56.07,0
CUST_00268,224,2,14.81,0
CUST_00269,283,1,27.19,0
CUST_00270,403,1,20.34,1
CUST_00271,108,10,248.09,0
CUST_00272,78,8,341.9,0
CUST_00273,518,1,32.29,1
CUST_00274,585,1,21.15,1
CUST_00275,41,12,241.53,0
CUST_00276,176,1,17.49,0
CUST_00277,504,1,20.15,1
CUST_00278,36,1,16.41,0
CUST_00279,283,1,7.87,0
CUST_00280,545,1,2.9,1
CUST_00281,318,5,57.09,1
CUST_00282,145,1,32.99,0
CUST_00283,592,1,6.93,1
CUST_00284,475,3,120.26,1
CUST_00285,712,1,17.71,1
CUST_00286,406,1,100.81,1
CUST_00287,7,6,244.7,0
CUST_00288,46,1,8.1,0
CUST_00289,247,1,213.0,1
CUST_00290,179,6,109.22,0
CUST_00291,85,5,156.57,0
CUST_00292,283,2,50.46,0
CUST_00293,495,1,51.32,1
CUST_00294,435,1,4.39,1
CUST_00295,331,2,45.81,0
CUST_00296,90,1,8.42,0
CUST_00297,311,3,113.76,1
CUST_00298,278,1,7.01,0
CUST_00299,153,1,2.49,0
CUST_00300,393,1,11.48,1
CUST_00301,283,1,16.77,0
CUST_00302,147,1,99.79,0
CUST_00303,58,1,48.78,0
CUST_00304,581,1,16.48,1
CUST_00305,471,1,15.59,1
CUST_00306,409,3,140.12,1
CUST_00307,19,1,10.21,0
CUST_00308,406,1,15.7,1
CUST_00309,95,6,247.24,0
CUST_00310,394,1,8.57,1
CUST_00311,210,2,15.19,0
CUST_00312,207,1,96.99,0
CUST_00313,494,1,6.08,1
CUST_00314,421,1,1.47,1
CUST_00315,113,2,166.64,0
CUST_00316,89,1,34.59,0
CUST_00317,415,1,6.4,1
CUST_00318,13,1,29.65,0
CUST_00319,684,1,68.85,1
CUST_00320,381,1,22.26,1
CUST_00321,608,1,37.89,1
CUST_00322,275,1,25.93,0
CUST_00323,183,7,278.72,1
CUST_00324,48,1,31.69,0
CUST_00325,416,1,22.62,1
CUST_00326,141,12,462.57,0
CUST_00327,636,1,22.96,1
CUST_00328,178,1,39.18,0
CUST_00329,178,1,59.99,0
CUST_00330,380,1,45.75,1
CUST_00331,440,1,34.98,1
CUST_00332,297,1,27.18,0
CUST_00333,0,64,2238.62,0
CUST_00334,669,1,11.12,1
CUST_00335,557,1,90.37,1
CUST_00336,20,7,401.94,0
CUST_00337,5,3,59.31,0
CUST_00338,123,1,36.44,0
CUST_00339,7,1,9.36,0
CUST_00340,142,3,191.9,0
CUST_00341,531,1,22.75,1
CUST_00342,708,1,29.82,1
CUST_00343,55,15,569.83,0
CUST_00344,632,1,6.6,1
CUST_00345,25,9,472.25,0
CUST_00346,151,7,124.45,0
CUST_00347,235,1,14.6,0
CUST_00348,41,5,101.43,0
CUST_00349,310,1,67.98,1
CUST_00350,701,1,6.61,1
CUST_00351,646,1,29.54,1
CUST_00352,121,2,70.06,0
CUST_00353,366,1,89.32,1
CUST_00354,156,1,11.42,0
CUST_00355,75,6,201.2,0
CUST_00356,617,1,41.13,1
CUST_00357,223,1,2.45,0
CUST_00358,185,3,30.77,0
CUST_00359,74,1,42.54,0
CUST_00360,42,1,10.23,0
CUST_00361,12,2,33.49,0
CUST_00362,182,2,12.62,0
CUST_00363,302,1,8.84,0
CUST_00364,284,4,108.64,0
CUST_00365,685,1,16.8,1
CUST_00366,91,2,41.34,0
CUST_00367,119,1,21.87,0
CUST_00368,321,2,39.17,0
CUST_00369,59,19,671.83,0
CUST_00370,696,1,23.27,1
CUST_00371,165,1,20.48,0
CUST_00372,217,1,10.02,0
CUST_00373,26,1,7.84,0
CUST_00374,81,1,28.67,0
CUST_00375,218,2,213.09,1
CUST_00376,261,4,72.88,0
CUST_00377,357,2,81.99,1
CUST_00378,274,1,20.18,0
CUST_00379,177,4,169.16,0
CUST_00380,158,4,138.26999999999998,0
CUST_00381,54,2,156.3,0
CUST_00382,613,2,31.26,1
CUST_00383,644,1,4.18,1
CUST_00384,180,5,133.11,0
CUST_00385,89,18,615.93,0
CUST_00386,433,1,26.97,1
CUST_00387,281,5,125.48,0
CUST_00388,243,1,9.42,0
CUST_00389,171,1,100.97,0
CUST_00390,414,1,52.54,1
CUST_00391,150,1,7.26,0
CUST_00392,134,1,29.95,0
CUST_00393,358,1,8.33,1
CUST_00394,83,1,38.08,0
CUST_00395,625,1,5.38,1
CUST_00396,630,1,23.28,1
CUST_00397,113,1,37.43,0
CUST_00398,336,1,18.18,0
CUST_00399,126,1,59.44,0
CUST_00400,110,2,23.02,0
CUST_00401,479,1,26.58,1
CUST_00402,151,5,111.88,0
CUST_00403,648,1,26.47,1
CUST_00404,107,3,262.62,0
CUST_00405,64,8,279.04,0
CUST_00406,31,1,19.4,0
CUST_00407,280,1,15.13,0
CUST_00408,76,4,81.56,0
CUST_00409,185,2,129.81,0
CUST_00410,380,1,30.46,1
CUST_00411,200,8,145.01,0
CUST_00412,73,1,14.33,0
CUST_00413,74,1,22.34,0
CUST_00414,27,1,37.9,0
CUST_00415,175,1,40.26,0
CUST_00416,653,1,17.44,1
CUST_00417,39,8,103.34,0
CUST_00418,454,2,42.47,1
CUST_00419,423,1,10.41,1
CUST_00420,73,1,22.07,0
CUST_00421,90,2,83.38,0
CUST_00422,360,1,26.24,1
CUST_00423,319,2,15.22,0
CUST_00424,382,1,24.02,1
CUST_00425,151,1,16.59,0
CUST_00426,690,1,35.19,1
CUST_00427,728,1,19.05,1
CUST_00428,713,1,35.14,1
CUST_00429,237,1,3.94,0
CUST_00430,399,1,14.75,1
CUST_00431,50,3,37.79,0
CUST_00432,67,3,142.64,0
CUST_00433,33,1,17.46,0
CUST_00434,16,2,85.52000000000001,0
CUST_00435,52,9,327.03000000000003,0
CUST_00436,139,8,503.89,0
CUST_00437,495,1,5.1,1
CUST_00438,325,1,19.95,0
CUST_00439,262,5,80.43,0
CUST_00440,225,1,8.33,0
CUST_00441,566,1,73.15,1
CUST_00442,3,7,105.23,0
CUST_00443,376,4,166.29999999999998,1
CUST_00444,366,2,40.26,1
CUST_00445,286,1,22.63,0
CUST_00446,283,1,14.43,0
CUST_00447,13,1,93.02,0
CUST_00448,433,2,101.04,1
CUST_00449,146,1,12.22,0
CUST_00450,357,1,8.28,1
CUST_00451,678,1,13.78,1
CUST_00452,91,6,114.51,0
CUST_00453,182,1,72.63,0
CUST_00454,713,1,60.22,1
CUST_00455,245,1,7.24,0
CUST_00456,296,1,9.96,0
CUST_00457,461,1,175.02,1
CUST_00458,567,1,74.99,1
CUST_00459,411,1,52.92,1
CUST_00460,373,2,34.2,1
CUST_00461,171,1,12.78,0
CUST_00462,97,13,354.33,0
CUST_00463,62,5,120.73,0
CUST_00464,152,2,14.079999999999998,0
CUST_00465,509,1,22.85,1
CUST_00466,6,10,271.17,0
CUST_00467,444,1,31.44,1
CUST_00468,362,1,28.26,1
CUST_00469,196,1,15.01,0
CUST_00470,237,3,113.06,0
CUST_00471,444,3,159.52,1
CUST_00472,29,1,26.45,0
CUST_00473,278,1,6.04,0
CUST_00474,154,2,22.36,0
CUST_00475,291,3,70.51,0
CUST_00476,0,1,2.01,0
CUST_00477,332,1,28.36,0
CUST_00478,386,1,7.91,1
CUST_00479,649,2,121.28,1
CUST_00480,62,15,684.08,0
CUST_00481,460,1,39.53,1
CUST_00482,687,1,8.17,1
CUST_00483,563,1,43.45,1
CUST_00484,35,8,209.43,0
CUST_00485,46,1,13.11,0
CUST_00486,674,1,6.69,1
CUST_00487,100,2,28.14,0
CUST_00488,399,1,9.41,1
CUST_00489,315,1,26.5,0
CUST_00490,549,1,16.57,1
CUST_00491,208,14,508.76,0
CUST_00492,235,2,136.1,0
CUST_00493,44,1,31.56,0
CUST_00494,286,1,28.9,0
CUST_00495,108,2,25.74,0
CUST_00496,427,1,7.42,1
CUST_00497,67,2,35.18,0
CUST_00498,307,1,64.13,1
CUST_00499,212,4,82.55,0
CUST_00500,614,1,18.51,1
CUST_00501,439,1,46.82,1
CUST_00502,547,1,41.37,1
CUST_00503,307,1,17.27,0
CUST_00504,50,20,645.4300000000001,0
CUST_00505,181,2,155.97,0
CUST_00506,175,1,71.74,0
CUST_00507,65,1,31.1,0
CUST_00508,589,1,6.41,1
CUST_00509,85,10,196.65,0
CUST_00510,218,1,15.81,0
CUST_00511,640,1,23.91,1
CUST_00512,419,1,32.26,1
CUST_00513,170,3,54.78,0
CUST_00514,522,1,227.26,1
CUST_00515,460,1,11.85,1
CUST_00516,668,1,2.68,1
CUST_00517,570,1,41.88,1
CUST_00518,695,1,14.93,1
CUST_00519,68,9,183.96,0
CUST_00520,326,1,52.59,0
CUST_00521,346,1,20.95,1
CUST_00522,334,1,14.17,0
CUST_00523,219,1,7.83,0
CUST_00524,126,3,50.68,0
CUST_00525,184,1,7.66,0
CUST_00526,329,2,50.81,0
CUST_00527,403,1,18.95,1
CUST_00528,508,1,3.18,1
CUST_00529,280,2,131.2,0
CUST_00530,339,1,11.93,0
CUST_00531,114,2,122.06,0
CUST_00532,50,1,25.78,0
CUST_00533,14,5,302.83,0
CUST_00534,3,1,5.56,0
CUST_00535,487,2,32.86,1
CUST_00536,541,1,14.49,1
CUST_00537,601,1,18.87,1
CUST_00538,88,1,16.25,0
CUST_00539,104,2,73.82,0
CUST_00540,412,1,4.62,1
CUST_00541,10,9,483.24,0
CUST_00542,229,1,32.3,0
CUST_00543,582,1,19.25,1
CUST_00544,626,1,17.71,1
CUST_00545,265,1,10.93,0
CUST_00546,56,11,441.09,0
CUST_00547,512,1,38.55,1
CUST_00548,255,1,12.01,0
CUST_00549,569,1,66.02,1
CUST_00550,569,1,4.91,1
CUST_00551,504,2,25.53,1
CUST_00552,7,10,426.96,0
CUST_00553,309,1,7.32,0
CUST_00554,8,5,136.69,0
CUST_00555,117,2,89.83999999999999,0
CUST_00556,238,1,37.92,0
CUST_00557,252,1,38.77,0
CUST_00558,564,2,31.03,1
CUST_00559,125,1,14.39,0
CUST_00560,45,7,369.67,0
CUST_00561,205,1,8.28,0
CUST_00562,263,6,114.23,0
CUST_00563,76,1,38.59,0
CUST_00564,52,2,88.4,0
CUST_00565,699,1,585.12,1
CUST_00566,554,1,14.74,1
CUST_00567,627,1,25.07,1
CUST_00568,134,1,18.33,0
CUST_00569,696,1,20.45,1
CUST_00570,332,1,11.87,0
CUST_00571,134,6,239.8,0
CUST_00572,75,3,147.71,0
CUST_00573,192,1,11.34,0
CUST_00574,59,12,268.28,0
CUST_00575,530,1,19.55,1
CUST_00576,206,7,485.47,0
CUST_00577,371,1,4.15,1
CUST_00578,625,1,39.15,1
CUST_00579,5,16,480.85,0
CUST_00580,328,4,86.25,1
CUST_00581,102,1,11.3,0
CUST_00582,188,3,139.20999999999998,0
CUST_00583,326,1,177.4,1
CUST_00584,255,3,40.85,0
CUST_00585,100,1,37.03,0
CUST_00586,251,1,111.62,0
CUST_00587,11,4,158.55,0
CUST_00588,130,1,12.7,0
CUST_00589,236,1,1.42,0
CUST_00590,312,1,21.04,0
CUST_00591,94,16,528.57,0
CUST_00592,180,6,144.64,0
CUST_00593,237,1,25.01,0
CUST_00594,381,1,13.75,1
CUST_00595,88,5,342.53000000000003,0
CUST_00596,34,20,409.42,0
CUST_00597,216,4,138.29999999999998,0
CUST_00598,14,26,696.53,0
CUST_00599,177,1,9.83,0
CUST_00600,292,1,10.19,0
CUST_00601,459,1,5.25,1
CUST_00602,98,1,2.48,0
CUST_00603,504,1,31.96,1
CUST_00604,93,1,53.96,0
CUST_00605,191,2,270.19,1
CUST_00606,68,6,168.95999999999998,0
CUST_00607,93,1,16.56,0
CUST_00608,41,1,48.63,0
CUST_00609,172,3,89.41000000000001,0
CUST_00610,710,1,44.54,1
CUST_00611,588,1,12.75,1
CUST_00612,218,4,109.68,0
CUST_00613,270,1,40.27,0
CUST_00614,679,1,190.93,1
CUST_00615,462,2,22.8,1
CUST_00616,38,1,3.08,0
CUST_00617,598,2,32.34,1
CUST_00618,388,1,11.9,1
CUST_00619,29,8,221.94,0
CUST_00620,126,1,65.77,0
CUST_00621,131,3,84.81,0
CUST_00622,23,3,92.46,0
CUST_00623,570,1,74.85,1
CUST_00624,221,1,18.71,0
CUST_00625,301,2,72.43,1
CUST_00626,142,1,17.99,0
CUST_00627,200,2,65.94,0
CUST_00628,201,1,54.33,0
CUST_00629,362,1,12.49,1
CUST_00630,43,20,498.39,0
CUST_00631,121,1,6.02,0
CUST_00632,5,3,71.83,0
CUST_00633,557,1,4.71,1
CUST_00634,325,1,49.47,0
CUST_00635,329,1,3.44,0
CUST_00636,293,1,207.84,1
CUST_00637,68,2,20.92,0
CUST_00638,127,8,282.29,0
CUST_00639,605,2,39.32,1
CUST_00640,367,1,85.33,1
CUST_00641,333,1,10.96,0
CUST_00642,410,2,31.18,1
CUST_00643,8,26,797.35,0
CUST_00644,213,1,23.76,0
CUST_00645,340,1,42.41,1
CUST_00646,56,1,4.65,0
CUST_00647,632,1,10.87,1
CUST_00648,549,1,3.85,1
CUST_00649,184,2,115.3,0
CUST_00650,624,1,24.21,1
CUST_00651,635,1,6.78,1
CUST_00652,452,3,62.63,1
CUST_00653,494,1,25.28,1
CUST_00654,678,1,34.07,1
CUST_00655,4,9,261.79,0
CUST_00656,148,1,26.62,0
CUST_00657,181,1,38.53,0
CUST_00658,367,2,107.34,1
CUST_00659,62,6,101.99,0
CUST_00660,232,1,7.52,0
CUST_00661,545,1,15.1,1
CUST_00662,350,2,89.47,1
CUST_00663,595,1,64.26,1
CUST_00664,268,3,56.51,0
CUST_00665,169,4,161.73000000000002,0
CUST_00666,726,1,153.92,1
CUST_00667,137,7,211.17,0
CUST_00668,222,6,188.49,0
CUST_00669,374,1,218.78,1
CUST_00670,311,1,15.14,0
CUST_00671,526,1,151.75,1
CUST_00672,310,1,34.01,0
CUST_00673,152,2,77.44,0
CUST_00674,152,1,255.1,1
CUST_00675,697,1,32.74,1
CUST_00676,13,7,90.48,0
CUST_00677,113,1,20.27,0
CUST_00678,515,1,35.7,1
CUST_00679,62,4,178.34,0
CUST_00680,298,10,174.4,1
CUST_00681,514,1,62.72,1
CUST_00682,3,2,39.85,0
CUST_00683,467,1,16.75,1
CUST_00684,404,1,34.87,1
CUST_00685,33,1,11.15,0
CUST_00686,113,3,92.53,0
CUST_00687,322,1,2.11,0
CUST_00688,470,1,23.79,1
CUST_00689,251,1,24.78,0
CUST_00690,346,2,362.51,1
CUST_00691,27,5,44.08,0
CUST_00692,7,1,109.84,0
CUST_00693,155,5,151.12,0
CUST_00694,8,1,5.28,0
CUST_00695,384,2,39.04,1
CUST_00696,627,1,27.54,1
CUST_00697,518,1,30.74,1
CUST_00698,52,4,161.04999999999998,0
CUST_00699,218,1,17.06,0
CUST_00700,48,1,28.99,0
CUST_00701,459,1,26.57,1
CUST_00702,5,37,1512.81,0
CUST_00703,3,1,4.81,0
CUST_00704,1,21,1107.04,0
CUST_00705,42,20,586.47,0
CUST_00706,195,1,66.31,0
CUST_00707,196,1,8.91,0
CUST_00708,533,1,166.86,1
CUST_00709,678,1,6.02,1
CUST_00710,353,1,6.95,1
CUST_00711,55,1,81.8,0
CUST_00712,30,10,432.78,0
CUST_00713,477,1,46.36,1
CUST_00714,291,1,22.8,0
CUST_00715,182,1,7.2,0
CUST_00716,361,2,51.23,1
CUST_00717,175,1,23.08,0
CUST_00718,573,1,24.37,1
CUST_00719,646,1,3.59,1
CUST_00720,689,1,7.52,1
CUST_00721,597,1,27.74,1
CUST_00722,509,1,21.53,1
CUST_00723,502,1,104.97,1
CUST_00724,612,1,11.77,1
CUST_00725,120,5,115.3,0
CUST_00726,56,3,90.36,0
CUST_00727,172,1,7.38,0
CUST_00728,34,10,289.64,0
CUST_00729,94,2,18.02,0
CUST_00730,9,7,222.39,0
CUST_00731,28,3,108.12,0
CUST_00732,275,1,14.39,0
CUST_00733,148,7,209.87,0
CUST_00734,334,1,32.51,0
CUST_00735,390,1,8.99,1
CUST_00736,300,2,55.8,0
CUST_00737,685,1,8.64,1
CUST_00738,504,1,12.92,1
CUST_00739,590,1,25.94,1
CUST_00740,69,7,326.05,0
CUST_00741,513,1,6.27,1
CUST_00742,51,1,110.95,0
CUST_00743,288,1,36.34,0
CUST_00744,632,1,9.63,1
CUST_00745,638,1,17.2,1
CUST_00746,102,2,10.63,0
CUST_00747,350,1,38.33,1
CUST_00748,130,1,7.85,0
CUST_00749,124,2,18.39,0
CUST_00750,165,8,158.21,0
CUST_00751,288,1,54.38,0
CUST_00752,8,11,763.99,0
CUST_00753,222,1,65.28,0
CUST_00754,693,1,3.05,1
CUST_00755,165,1,37.55,0
CUST_00756,591,1,24.98,1
CUST_00757,114,3,49.98,0
CUST_00758,87,1,26.28,0
CUST_00759,528,1,115.24,1
CUST_00760,170,3,53.870000000000005,0
CUST_00761,359,1,113.43,1
CUST_00762,434,1,15.97,1
CUST_00763,62,1,22.78,0
CUST_00764,444,1,14.93,1
CUST_00765,195,2,48.42,0
CUST_00766,599,1,50.67,1
CUST_00767,15,45,1332.88,0
CUST_00768,199,1,10.08,0
CUST_00769,698,1,9.99,1
CUST_00770,598,1,11.59,1
CUST_00771,367,1,18.52,1
CUST_00772,130,3,36.38,0
CUST_00773,200,6,138.88,0
CUST_00774,678,1,19.36,1
CUST_00775,178,1,17.76,0
CUST_00776,254,2,79.0,0
CUST_00777,77,2,26.58,0
CUST_00778,97,1,7.46,0
CUST_00779,16,2,27.270000000000003,0
CUST_00780,410,1,36.23,1
CUST_00781,39,10,480.6,0
CUST_00782,502,4,250.43,1
CUST_00783,441,1,4.02,1
CUST_00784,287,1,55.16,0
CUST_00785,393,1,38.26,1
CUST_00786,175,2,63.03,0
CUST_00787,568,1,11.72,1
CUST_00788,66,1,26.9,0
CUST_00789,411,1,60.79,1
CUST_00790,121,1,74.12,0
CUST_00791,627,1,47.65,1
CUST_00792,116,1,4.57,0
CUST_00793,182,2,39.05,0
CUST_00794,602,1,33.96,1
CUST_00795,111,1,56.94,0
CUST_00796,210,1,100.05,0
CUST_00797,522,1,8.37,1
CUST_00798,486,1,33.2,1
CUST_00799,240,1,20.31,0
CUST_00800,296,1,68.92,0
CUST_00801,229,1,14.34,0
CUST_00802,65,1,10.16,0
CUST_00803,296,1,20.45,0
CUST_00804,108,2,91.36,0
CUST_00805,64,1,13.13,0
CUST_00806,49,6,170.98000000000002,0
CUST_00807,213,6,188.15,0
CUST_00808,364,1,13.42,1
CUST_00809,122,8,223.84,0
CUST_00810,343,1,4.35,0
CUST_00811,115,2,4.54,0
CUST_00812,282,1,3.77,0
CUST_00813,57,4,230.91,0
CUST_00814,139,2,67.27000000000001,0
CUST_00815,596,1,19.83,1
CUST_00816,364,1,36.14,1
CUST_00817,672,1,9.73,1
CUST_00818,416,1,17.41,1
CUST_00819,357,1,36.58,1
CUST_00820,120,3,106.8,0
CUST_00821,51,1,15.92,0
CUST_00822,15,1,56.4,0
CUST_00823,413,1,13.57,1
CUST_00824,529,5,123.48,1
CUST_00825,11,1,15.18,0
CUST_00826,520,1,12.56,1
CUST_00827,160,1,67.73,0
CUST_00828,691,1,7.0,1
CUST_00829,691,1,9.24,1
CUST_00830,451,5,132.75,1
CUST_00831,467,1,17.68,1
CUST_00832,391,1,59.09,1
CUST_00833,324,1,39.46,0
CUST_00834,153,1,14.79,0
CUST_00835,581,1,397.68,1
CUST_00836,325,1,68.03,1
CUST_00837,548,1,53.02,1
CUST_00838,552,1,10.61,1
CUST_00839,299,1,34.77,0
CUST_00840,31,1,26.66,0
CUST_00841,332,3,143.13,1
CUST_00842,535,1,9.97,1
CUST_00843,108,3,166.99,0
CUST_00844,140,1,76.94,0
CUST_00845,356,1,182.71,1
CUST_00846,543,2,81.3,1
CUST_00847,545,1,43.74,1
CUST_00848,726,1,18.77,1
CUST_00849,117,1,118.25,0
CUST_00850,150,10,351.12,0
CUST_00851,188,2,41.64,0
CUST_00852,287,1,9.29,0
CUST_00853,244,4,93.94,0
CUST_00854,56,2,89.68,0
CUST_00855,159,1,179.48,0
CUST_00856,100,5,60.49,0
CUST_00857,442,1,171.75,1
CUST_00858,290,2,25.03,0
CUST_00859,183,1,14.44,0
CUST_00860,48,1,56.94,0
CUST_00861,38,1,98.22,0
CUST_00862,99,12,455.96,0
CUST_00863,374,1,41.52,1
CUST_00864,187,1,12.79,0
CUST_00865,268,3,30.13,0
CUST_00866,183,2,32.13,0
CUST_00867,133,1,37.69,0
CUST_00868,152,1,19.96,0
CUST_00869,668,1,11.08,1
CUST_00870,118,7,201.9,0
CUST_00871,237,1,16.33,0
CUST_00872,312,2,30.23,0
CUST_00873,623,1,33.7,1
CUST_00874,286,1,37.16,0
CUST_00875,46,4,135.76,0
CUST_00876,612,1,67.45,1
CUST_00877,2,32,1686.0,0
CUST_00878,508,1,21.33,1
CUST_00879,214,3,407.49,0
CUST_00880,383,1,19.62,1
CUST_00881,689,1,23.56,1
CUST_00882,16,4,41.07,0
CUST_00883,246,1,41.05,0
CUST_00884,539,1,3.13,1
CUST_00885,510,1,25.31,1
CUST_00886,365,1,57.42,1
CUST_00887,338,2,79.77000000000001,1
CUST_00888,23,4,111.14,0
CUST_00889,700,1,12.96,1
CUST_00890,542,1,62.1,1
CUST_00891,726,1,35.09,1
CUST_00892,276,1,20.85,0
CUST_00893,23,1,6.89,0
CUST_00894,102,5,123.53,0
CUST_00895,281,2,17.490000000000002,0
CUST_00896,373,1,9.34,1
CUST_00897,4,1,9.24,0
CUST_00898,193,1,11.44,0
CUST_00899,443,1,15.4,1
CUST_00900,669,1,41.5,1
CUST_00901,701,1,8.73,1
CUST_00902,700,1,34.32,1
CUST_00903,416,2,224.44,1
CUST_00904,328,1,33.53,0
CUST_00905,48,1,72.09,0
CUST_00906,618,1,24.78,1
CUST_00907,25,1,36.52,0
CUST_00908,126,1,31.67,0
CUST_00909,2,26,851.6800000000001,0
CUST_00910,14,5,201.15,0
CUST_00911,56,5,85.55,0
CUST_00912,166,6,103.59,0
CUST_00913,233,1,62.01,0
CUST_00914,268,1,28.61,0
CUST_00915,637,1,55.1,1
CUST_00916,262,7,269.58,1
CUST_00917,627,1,26.04,1
CUST_00918,344,1,7.59,0
CUST_00919,522,1,13.15,1
CUST_00920,338,1,32.88,1
CUST_00921,42,2,163.0,0
CUST_00922,190,1,24.47,0
CUST_00923,540,1,31.34,1
CUST_00924,50,2,22.66,0
CUST_00925,543,1,21.76,1
CUST_00926,573,1,6.54,1
CUST_00927,64,3,47.18,0
CUST_00928,623,1,11.6,1
CUST_00929,21,1,42.36,0
CUST_00930,181,2,26.610000000000003,0
CUST_00931,252,1,15.26,0
CUST_00932,332,1,2.33,0
CUST_00933,265,2,38.88,0
CUST_00934,20,22,979.39,0
CUST_00935,169,2,318.3,0
CUST_00936,362,2,81.75999999999999,1
CUST_00937,387,2,31.12,1
CUST_00938,80,1,19.25,0
CUST_00939,674,1,11.7,1
CUST_00940,379,1,18.68,1
CUST_00941,268,2,67.56,0
CUST_00942,5,1,17.41,0
CUST_00943,148,2,73.51,0
CUST_00944,239,1,12.59,0
CUST_00945,89,1,21.34,0
CUST_00946,612,1,30.23,1
CUST_00947,260,1,2.94,0
CUST_00948,16,8,126.79,0
CUST_00949,137,2,9.25,0
CUST_00950,127,1,111.37,0
CUST_00951,65,17,583.1,0
CUST_00952,723,1,8.79,1
CUST_00953,578,1,21.86,1
CUST_00954,75,13,212.49,0
CUST_00955,689,1,25.44,1
CUST_00956,94,1,28.01,0
CUST_00957,590,1,42.36,1
CUST_00958,438,1,43.23,1
CUST_00959,16,2,69.26,0
CUST_00960,125,1,12.36,0
CUST_00961,221,1,22.87,0
CUST_00962,116,1,78.93,0
CUST_00963,293,1,10.03,0
CUST_00964,680,1,75.19,1
CUST_00965,125,7,173.0,0
CUST_00966,161,2,34.19,0
CUST_00967,640,1,19.46,1
CUST_00968,348,1,9.14,1
CUST_00969,265,1,17.05,0
CUST_00970,621,1,27.44,1
CUST_00971,580,1,17.78,1
CUST_00972,708,1,9.92,1
CUST_00973,27,11,342.13,0
CUST_00974,605,4,86.78999999999999,1
CUST_00975,105,4,341.52000000000004,0
CUST_00976,244,2,29.04,0
CUST_00977,450,1,26.21,1
CUST_00978,539,1,8.88,1
CUST_00979,160,4,86.67,0
CUST_00980,393,1,10.7,1
CUST_00981,4,3,198.35,0
CUST_00982,5,32,957.84,0
CUST_00983,39,5,155.13,0
CUST_00984,27,8,95.11,0
CUST_00985,525,1,2.71,1
CUST_00986,77,4,135.2,0
CUST_00987,316,1,3.53,0
CUST_00988,278,1,10.24,0
CUST_00989,398,3,54.72,1
CUST_00990,640,2,130.17000000000002,1
CUST_00991,129,7,252.16,0
CUST_00992,562,1,24.71,1
CUST_00993,420,1,14.55,1
CUST_00994,301,1,23.3,0
CUST_00995,175,1,36.17,0
CUST_00996,471,1,22.55,1
CUST_00997,236,1,24.92,0
CUST_00998,64,4,93.13,0
CUST_00999,727,1,90.13,1
CUST_01000,54,1,38.12,0
CUST_01001,518,1,18.85,1
CUST_01002,171,1,44.09,0
CUST_01003,87,3,139.18,0
CUST_01004,256,2,39.14,0
CUST_01005,285,1,2.96,0
CUST_01006,388,1,11.5,1
CUST_01007,493,3,103.25,1
CUST_01008,530,1,17.72,1
CUST_01009,594,1,23.94,1
CUST_01010,135,1,28.42,0
CUST_01011,10,2,24.700000000000003,0
CUST_01012,101,4,143.46,0
CUST_01013,458,1,37.14,1
CUST_01014,117,1,28.74,0
CUST_01015,222,1,16.72,0
CUST_01016,96,14,397.84,0
CUST_01017,34,21,566.68,0
CUST_01018,9,15,419.74,0
CUST_01019,388,1,16.23,1
CUST_01020,336,1,25.5,1
CUST_01021,155,1,56.99,0
CUST_01022,424,1,5.36,1
CUST_01023,675,1,56.66,1
CUST_01024,14,7,189.75,0
CUST_01025,113,4,253.25000000000003,0
CUST_01026,610,1,10.56,1
CUST_01027,11,1,6.23,0
CUST_01028,613,1,55.6,1
CUST_01029,726,1,112.3,1
CUST_01030,184,3,31.26,0
CUST_01031,21,2,82.0,0
CUST_01032,97,1,28.59,0
CUST_01033,48,3,20.77,0
CUST_01034,465,1,10.21,1
CUST_01035,167,1,4.41,0
CUST_01036,357,1,45.51,1
CUST_01037,161,3,75.49000000000001,0
CUST_01038,512,1,17.31,1
CUST_01039,167,11,379.57,0
CUST_01040,230,1,14.98,0
CUST_01041,650,1,10.03,1
CUST_01042,182,1,17.96,0
CUST_01043,480,1,51.99,1
CUST_01044,125,1,38.21,0
CUST_01045,535,1,20.66,1
CUST_01046,338,3,113.82,1
CUST_01047,113,3,51.54,0
CUST_01048,354,2,61.17,1
CUST_01049,136,10,184.21,0
CUST_01050,589,1,32.61,1
CUST_01051,16,12,514.6,0
CUST_01052,559,1,8.74,1
CUST_01053,341,1,82.05,1
CUST_01054,707,1,15.28,1
CUST_01055,261,1,33.79,0
CUST_01056,193,1,1.16,0
CUST_01057,465,1,11.29,1
CUST_01058,461,1,1.35,1
CUST_01059,402,1,42.28,1
CUST_01060,553,1,47.28,1
CUST_01061,75,1,9.1,0
CUST_01062,140,1,10.77,0
CUST_01063,385,1,30.35,1
CUST_01064,715,1,33.79,1
CUST_01065,27,9,481.86,0
CUST_01066,611,1,8.08,1
CUST_01067,227,2,97.64,0
CUST_01068,613,1,3.85,1
CUST_01069,346,4,152.82,1
CUST_01070,76,6,101.86,0
CUST_01071,347,1,10.98,1
CUST_01072,137,1,376.28,0
CUST_01073,150,2,134.26999999999998,0
CUST_01074,324,3,48.17,0
CUST_01075,513,1,21.95,1
CUST_01076,145,1,32.19,0
CUST_01077,552,1,17.14,1
CUST_01078,304,1,15.07,0
CUST_01079,4,6,100.26,0
CUST_01080,27,1,7.18,0
CUST_01081,275,4,57.47,0
CUST_01082,673,1,17.34,1
CUST_01083,3,1,13.76,0
CUST_01084,124,3,72.78,0
CUST_01085,124,4,140.47,0
CUST_01086,125,4,53.61,0
CUST_01087,308,1,20.59,0
CUST_01088,209,1,62.0,0
CUST_01089,180,3,97.07,0
CUST_01090,242,1,6.39,0
CUST_01091,543,1,22.79,1
CUST_01092,267,2,60.36,0
CUST_01093,106,1,15.4,0
CUST_01094,44,15,398.8,0
CUST_01095,21,10,740.9,0
CUST_01096,139,2,60.44,0
CUST_01097,125,8,140.79,0
CUST_01098,546,1,15.4,1
CUST_01099,539,1,13.66,1
CUST_01100,10,9,452.33,0
CUST_01101,626,1,7.16,1
CUST_01102,573,1,87.97,1
CUST_01103,352,1,22.86,1
CUST_01104,48,1,10.29,0
CUST_01105,38,3,36.74,0
CUST_01106,37,4,92.96,0
CUST_01107,675,1,20.63,1
CUST_01108,650,1,4.27,1
CUST_01109,348,1,28.49,1
CUST_01110,582,1,48.49,1
CUST_01111,322,1,32.04,0
CUST_01112,13,1,35.44,0
CUST_01113,1,3,73.61,0
CUST_01114,87,20,819.42,0
CUST_01115,534,1,9.95,1
CUST_01116,47,1,90.26,0
CUST_01117,92,1,21.59,0
CUST_01118,266,1,45.66,0
CUST_01119,11,1,7.73,0
CUST_01120,355,1,23.97,1
CUST_01121,534,2,36.17,1
CUST_01122,136,1,30.5,0
CUST_01123,194,2,31.880000000000003,0
CUST_01124,217,2,166.72,0
CUST_01125,438,1,24.23,1
CUST_01126,9,3,100.57,0
CUST_01127,671,1,25.19,1
CUST_01128,246,1,30.86,0
CUST_01129,689,1,24.4,1
CUST_01130,29,2,65.38,0
CUST_01131,247,1,9.87,0
CUST_01132,64,1,51.71,0
CUST_01133,24,2,18.36,0
CUST_01134,413,1,13.86,1
CUST_01135,291,1,20.51,0
CUST_01136,215,1,17.61,0
CUST_01137,223,4,275.72,1
CUST_01138,91,15,210.66,0
CUST_01139,706,1,20.54,1
CUST_01140,221,1,17.6,0
CUST_01141,102,1,217.82,0
CUST_01142,211,2,89.63,0
CUST_01143,237,1,11.24,0
CUST_01144,46,1,19.92,0
CUST_01145,34,1,4.63,0
CUST_01146,676,1,55.8,1
CUST_01147,19,4,112.74,0
CUST_01148,613,1,27.05,1
CUST_01149,8,4,51.78,0
CUST_01150,372,1,15.84,1
CUST_01151,256,1,14.56,0
CUST_01152,108,1,4.52,0
CUST_01153,550,2,27.25,1
CUST_01154,504,1,5.3,1
CUST_01155,77,16,784.61,0
CUST_01156,484,1,14.91,1
CUST_01157,138,2,43.82,0
CUST_01158,37,11,298.43,0
CUST_01159,608,1,10.35,1
CUST_01160,466,1,11.15,1
CUST_01161,443,1,25.03,1
CUST_01162,256,1,4.78,0
CUST_01163,94,3,58.56,0
CUST_01164,9,9,263.12,0
CUST_01165,273,1,19.67,0
CUST_01166,629,1,31.28,1
CUST_01167,67,1,5.99,0
CUST_01168,131,1,6.12,0
CUST_01169,190,1,91.73,0
CUST_01170,9,11,225.21,0
CUST_01171,429,3,37.35,1
CUST_01172,365,2,55.24,1
CUST_01173,570,1,12.74,1
CUST_01174,556,1,15.93,1
CUST_01175,107,8,177.82999999999998,0
CUST_01176,69,1,7.58,0
CUST_01177,414,1,4.69,1
CUST_01178,648,1,22.01,1
CUST_01179,335,1,33.43,1
CUST_01180,631,1,76.88,1
CUST_01181,274,2,17.42,0
CUST_01182,401,1,25.43,1
CUST_01183,416,1,5.79,1
CUST_01184,44,6,193.19,0
CUST_01185,555,1,6.97,1
CUST_01186,43,17,461.63,0
CUST_01187,408,1,73.28,1
CUST_01188,444,1,5.98,1
CUST_01189,685,1,20.73,1
CUST_01190,356,1,8.98,1
CUST_01191,28,2,30.770000000000003,0
CUST_01192,95,2,129.79,0
CUST_01193,460,1,1.96,1
CUST_01194,515,1,31.58,1
CUST_01195,23,43,1393.94,0
CUST_01196,510,1,18.62,1
CUST_01197,33,3,174.57,0
CUST_01198,597,1,2.39,1
CUST_01199,382,1,40.06,1
CUST_01200,101,1,45.68,0
CUST_01201,479,2,102.83,1
CUST_01202,231,1,9.29,0
CUST_01203,284,1,202.37,1
CUST_01204,378,1,49.41,1
CUST_01205,272,2,13.73,0
CUST_01206,619,1,3.36,1
CUST_01207,519,1,15.65,1
CUST_01208,327,1,17.09,0
CUST_01209,327,1,1.11,0
CUST_01210,632,1,66.21,1
CUST_01211,618,1,3.41,1
CUST_01212,15,1,2.7,0
CUST_01213,14,5,155.32,0
CUST_01214,523,1,126.27,1
CUST_01215,455,1,3.51,1
CUST_01216,156,3,142.14,0
CUST_01217,212,1,2.98,0
CUST_01218,363,1,9.11,1
CUST_01219,73,1,7.79,0
CUST_01220,26,5,148.56,0
CUST_01221,305,1,21.88,0
CUST_01222,411,1,16.16,1
CUST_01223,219,1,42.86,0
CUST_01224,624,1,14.38,1
CUST_01225,32,1,90.18,0
CUST_01226,400,1,10.21,1
CUST_01227,726,1,24.15,1
CUST_01228,568,1,8.25,1
CUST_01229,78,1,20.16,0
CUST_01230,91,5,393.68,0
CUST_01231,82,1,15.67,0
CUST_01232,575,1,53.53,1
CUST_01233,185,2,24.28,0
CUST_01234,517,6,149.47,1
CUST_01235,404,1,28.24,1
CUST_01236,26,1,48.97,0
CUST_01237,149,2,128.15,0
CUST_01238,170,1,60.69,0
CUST_01239,134,1,12.31,0
CUST_01240,228,2,26.73,0
CUST_01241,71,10,263.37,0
CUST_01242,448,1,17.59,1
CUST_01243,516,1,54.85,1
CUST_01244,349,1,12.09,1
CUST_01245,0,14,419.4,0
CUST_01246,119,4,122.88,0
CUST_01247,15,3,96.56,0
CUST_01248,347,2,12.48,1
CUST_01249,256,1,13.41,0
CUST_01250,212,1,3.87,0
CUST_01251,542,1,50.8,1
CUST_01252,95,2,45.38,0
CUST_01253,52,10,238.44,0
CUST_01254,49,5,106.41,0
CUST_01255,140,1,11.46,0
CUST_01256,182,1,38.75,0
CUST_01257,32,3,59.1,0
CUST_01258,428,3,33.12,1
CUST_01259,248,1,20.17,0
CUST_01260,2,80,3140.59,0
CUST_01261,546,1,8.74,1
CUST_01262,557,1,94.87,1
CUST_01263,450,1,25.68,1
CUST_01264,31,24,972.19,0
CUST_01265,22,1,4.13,0
CUST_01266,460,1,12.4,1
CUST_01267,3,5,179.28,0
CUST_01268,679,1,16.14,1
CUST_01269,197,1,46.29,0
CUST_01270,131,2,43.02,0
CUST_01271,201,2,15.74,0
CUST_01272,102,5,155.88,0
CUST_01273,171,7,146.16,0
CUST_01274,43,2,22.53,0
CUST_01275,298,2,16.07,0
CUST_01276,522,1,5.75,1
CUST_01277,144,2,33.78,0
CUST_01278,293,1,6.56,0
CUST_01279,351,1,86.41,1
CUST_01280,39,6,134.95,0
CUST_01281,1,10,414.95,0
CUST_01282,322,1,56.85,1
CUST_01283,206,1,45.26,0
CUST_01284,291,1,2.01,0
CUST_01285,636,1,17.24,1
CUST_01286,322,2,143.26,1
CUST_01287,89,2,32.04,0
CUST_01288,209,1,23.92,0
CUST_01289,547,1,6.44,1
CUST_01290,314,1,21.57,0
CUST_01291,36,4,204.2,0
CUST_01292,576,1,3.82,1
CUST_01293,226,6,98.42,0
CUST_01294,233,2,52.15,0
CUST_01295,55,7,197.06,0
CUST_01296,222,1,2.43,0
CUST_01297,545,1,31.21,1
CUST_01298,18,2,59.17,0
CUST_01299,16,7,162.15,0
CUST_01300,117,4,130.95,0
CUST_01301,505,1,362.09,1
CUST_01302,233,1,36.1,0
CUST_01303,196,1,151.59,0
CUST_01304,302,1,16.18,0
CUST_01305,184,4,83.12,0
CUST_01306,67,1,41.8,0
CUST_01307,232,1,4.34,0
CUST_01308,220,1,93.38,0
CUST_01309,489,1,11.46,1
CUST_01310,415,1,22.42,1
CUST_01311,41,6,139.0,0
CUST_01312,420,1,23.25,1
CUST_01313,423,1,21.08,1
CUST_01314,154,3,100.73,0
CUST_01315,0,13,271.97,0
CUST_01316,636,1,41.37,1
CUST_01317,98,1,25.31,0
CUST_01318,116,1,28.03,0
CUST_01319,113,11,336.34,0
CUST_01320,586,1,17.44,1
CUST_01321,108,1,20.11,0
CUST_01322,624,3,90.47,1
CUST_01323,283,3,127.44,0
CUST_01324,89,1,33.39,0
CUST_01325,158,1,17.5,0
CUST_01326,213,4,46.41,0
CUST_01327,123,2,279.6,0
CUST_01328,649,1,7.82,1
CUST_01329,248,1,35.19,0
CUST_01330,236,1,8.03,0
CUST_01331,8,3,31.200000000000003,0
CUST_01332,699,1,2.43,1
CUST_01333,95,1,10.77,0
CUST_01334,563,1,33.53,1
CUST_01335,653,1,11.36,1
CUST_01336,504,4,228.1,1
CUST_01337,544,1,30.76,1
CUST_01338,101,1,42.71,0
CUST_01339,211,2,11.79,0
CUST_01340,396,2,29.05,1
CUST_01341,392,1,18.86,1
CUST_01342,176,1,19.19,0
CUST_01343,627,1,43.3,1
CUST_01344,89,2,93.45,0
CUST_01345,441,1,67.59,1
CUST_01346,471,1,3.17,1
CUST_01347,22,19,460.61,0
CUST_01348,228,3,146.05,0
CUST_01349,663,1,7.33,1
CUST_01350,423,1,55.73,1
CUST_01351,401,1,9.1,1
CUST_01352,111,2,44.370000000000005,0
CUST_01353,73,1,36.32,0
CUST_01354,111,6,190.19,0
CUST_01355,148,1,58.0,0
CUST_01356,617,1,3.86,1
CUST_01357,78,5,145.8,0
CUST_01358,195,1,35.59,0
CUST_01359,671,1,15.24,1
CUST_01360,499,2,77.39,1
CUST_01361,486,1,22.49,1
CUST_01362,138,1,12.33,0
CUST_01363,125,1,12.02,0
CUST_01364,272,1,66.85,0
CUST_01365,514,1,33.28,1
CUST_01366,20,1,72.18,0
CUST_01367,671,1,15.33,1
CUST_01368,56,1,22.39,0
CUST_01369,174,1,7.15,0
CUST_01370,534,1,37.7,1
CUST_01371,484,1,21.64,1
CUST_01372,118,10,387.93,0
CUST_01373,102,5,96.48,0
CUST_01374,78,2,55.370000000000005,0
CUST_01375,22,17,523.3,0
CUST_01376,485,1,26.91,1
CUST_01377,24,16,397.76,0
CUST_01378,23,1,21.94,0
CUST_01379,226,1,11.52,0
CUST_01380,83,1,12.78,0
CUST_01381,603,1,9.52,1
CUST_01382,105,1,3.97,0
CUST_01383,381,1,5.3,1
CUST_01384,217,3,53.13,0
CUST_01385,115,1,114.93,0
CUST_01386,393,1,19.56,1
CUST_01387,454,1,15.54,1
CUST_01388,361,1,13.47,1
CUST_01389,533,1,18.07,1
CUST_01390,189,4,91.61,0
CUST_01391,197,6,196.96,0
CUST_01392,214,1,93.96,0
CUST_01393,50,6,120.59,0
CUST_01394,21,21,675.72,0
CUST_01395,162,1,37.44,0
CUST_01396,70,2,81.81,0
CUST_01397,200,5,67.09,0
CUST_01398,682,1,9.11,1
CUST_01399,406,1,57.83,1
CUST_01400,609,1,2.84,1
CUST_01401,607,1,12.4,1
CUST_01402,654,1,9.77,1
CUST_01403,25,2,63.9,0
CUST_01404,615,4,70.34,1
CUST_01405,459,1,19.78,1
CUST_01406,165,1,15.43,0
CUST_01407,7,17,488.42,0
CUST_01408,160,1,23.78,0
CUST_01409,659,1,39.81,1
CUST_01410,269,1,43.61,0
CUST_01411,202,1,181.24,0
CUST_01412,32,12,527.23,0
CUST_01413,699,1,58.61,1
CUST_01414,176,1,18.43,0
CUST_01415,210,1,11.61,0
CUST_01416,501,1,23.24,1
CUST_01417,710,1,17.87,1
CUST_01418,191,1,1.51,0
CUST_01419,334,1,10.23,0
CUST_01420,695,1,23.54,1
CUST_01421,115,4,101.67,0
CUST_01422,98,8,328.32,0
CUST_01423,129,2,282.43,0
CUST_01424,568,1,116.02,1
CUST_01425,615,1,36.82,1
CUST_01426,723,1,51.28,1
CUST_01427,708,1,4.33,1
CUST_01428,49,1,74.62,0
CUST_01429,62,3,107.08,0
CUST_01430,6,48,1555.19,0
CUST_01431,153,2,100.76,0
CUST_01432,186,1,5.16,0
CUST_01433,432,1,6.58,1
CUST_01434,284,1,14.09,0
CUST_01435,317,1,36.12,0
CUST_01436,187,1,25.24,0
CUST_01437,240,1,15.18,0
CUST_01438,154,1,35.19,0
CUST_01439,31,1,3.03,0
CUST_01440,89,2,62.66,0
CUST_01441,577,1,35.47,1
CUST_01442,106,2,23.79,0
CUST_01443,696,1,29.48,1
CUST_01444,20,14,720.57,0
CUST_01445,71,1,64.45,0
CUST_01446,586,1,45.73,1
CUST_01447,96,2,262.92,0
CUST_01448,421,1,18.55,1
CUST_01449,649,1,6.0,1
CUST_01450,302,2,22.26,0
CUST_01451,239,4,119.99,0
CUST_01452,240,3,98.17,0
CUST_01453,182,1,21.39,0
CUST_01454,616,1,68.61,1
CUST_01455,18,34,1153.07,0
CUST_01456,61,4,73.59,0
CUST_01457,41,1,39.08,0
CUST_01458,149,1,45.01,0
CUST_01459,555,1,29.73,1
CUST_01460,272,1,48.48,0
CUST_01461,318,1,4.9,0
CUST_01462,400,1,34.48,1
CUST_01463,8,14,576.93,0
CUST_01464,92,2,85.28,0
CUST_01465,190,1,11.52,0
CUST_01466,131,6,135.49,0
CUST_01467,341,5,144.18,1
CUST_01468,445,1,7.98,1
CUST_01469,136,2,9.23,0
CUST_01470,288,1,5.18,0
CUST_01471,513,1,120.82,1
CUST_01472,53,9,362.64,0
CUST_01473,379,1,31.57,1
CUST_01474,573,1,28.49,1
CUST_01475,494,1,22.68,1
CUST_01476,476,1,32.7,1
CUST_01477,222,6,204.82,0
CUST_01478,432,1,17.29,1
CUST_01479,331,1,39.61,0
CUST_01480,75,4,61.64999999999999,0
CUST_01481,725,1,290.58,1
CUST_01482,341,1,8.27,0
CUST_01483,283,6,168.71,1
CUST_01484,310,1,8.99,0
CUST_01485,87,1,9.34,0
CUST_01486,542,1,2.68,1
CUST_01487,74,1,2.6,0
CUST_01488,286,1,9.16,0
CUST_01489,589,1,20.46,1
CUST_01490,583,1,3.2,1
CUST_01491,45,7,222.87,0
CUST_01492,400,1,5.66,1
CUST_01493,299,3,41.17,0
CUST_01494,542,1,16.94,1
CUST_01495,26,5,434.83,0
CUST_01496,121,2,46.87,0
CUST_01497,402,1,27.64,1
CUST_01498,700,1,24.38,1
CUST_01499,600,1,3.11,1
CUST_01500,445,2,91.44,1
CUST_01501,563,1,7.01,1
CUST_01502,260,1,23.06,0
CUST_01503,70,5,86.28,0
CUST_01504,622,1,90.64,1
CUST_01505,464,1,2.89,1
CUST_01506,46,5,119.48,0
CUST_01507,345,2,63.92,1
CUST_01508,692,1,2.95,1
CUST_01509,188,1,53.62,0
CUST_01510,217,1,104.62,0
CUST_01511,248,1,7.63,0
CUST_01512,361,1,4.01,1
CUST_01513,66,11,156.48000000000002,0
CUST_01514,4,1,11.98,0
CUST_01515,716,1,11.56,1
CUST_01516,120,1,13.67,0
CUST_01517,40,1,28.37,0
CUST_01518,161,1,42.91,0
CUST_01519,586,2,30.07,1
CUST_01520,589,1,24.19,1
CUST_01521,88,3,108.06,0
CUST_01522,351,1,24.02,1
CUST_01523,314,1,9.35,0
CUST_01524,552,1,72.07,1
CUST_01525,29,2,44.89,0
CUST_01526,559,1,9.5,1
CUST_01527,263,3,36.370000000000005,0
CUST_01528,143,6,123.87,0
CUST_01529,106,1,95.58,0
CUST_01530,26,1,36.73,0
CUST_01531,507,1,6.26,1
CUST_01532,61,52,1522.11,0
CUST_01533,449,1,71.82,1
CUST_01534,2,12,431.01,0
CUST_01535,577,1,18.52,1
CUST_01536,497,1,49.84,1
CUST_01537,362,1,35.09,1
CUST_01538,398,1,62.71,1
CUST_01539,414,1,103.22,1
CUST_01540,630,1,28.7,1
CUST_01541,595,1,5.14,1
CUST_01542,34,6,143.62,0
CUST_01543,8,6,389.22,0
CUST_01544,235,4,56.09,0
CUST_01545,331,2,10.2,0
CUST_01546,672,1,3.82,1
CUST_01547,317,1,13.63,0
CUST_01548,409,1,16.67,1
CUST_01549,98,2,24.53,0
CUST_01550,339,1,27.49,1
CUST_01551,571,1,1.0,1
CUST_01552,114,6,293.15,0
CUST_01553,28,16,456.85,0
CUST_01554,619,2,153.54999999999998,1
CUST_01555,78,4,46.2,0
CUST_01556,319,1,35.72,0
CUST_01557,575,1,50.9,1
CUST_01558,229,3,193.3,0
CUST_01559,204,2,58.72,0
CUST_01560,619,1,12.17,1
CUST_01561,104,1,31.65,0
CUST_01562,304,4,145.7,1
CUST_01563,327,1,6.78,0
CUST_01564,299,1,51.93,0
CUST_01565,575,1,44.46,1
CUST_01566,214,1,33.33,0
CUST_01567,207,1,11.37,0
CUST_01568,392,1,51.64,1
CUST_01569,126,1,72.98,0
CUST_01570,714,1,75.77,1
CUST_01571,511,1,35.09,1
CUST_01572,214,1,3.65,0
CUST_01573,107,7,239.35,0
CUST_01574,119,1,4.73,0
CUST_01575,16,10,302.37,0
CUST_01576,34,7,238.87,0
CUST_01577,88,2,66.84,0
CUST_01578,230,1,10.8,0
CUST_01579,646,1,38.51,1
CUST_01580,129,3,42.57,0
CUST_01581,366,1,27.14,1
CUST_01582,156,1,12.51,0
CUST_01583,367,1,9.57,1
CUST_01584,410,1,13.82,1
CUST_01585,221,1,15.94,0
CUST_01586,75,1,21.49,0
CUST_01587,316,1,8.03,0
CUST_01588,137,1,30.7,0
CUST_01589,366,1,8.65,1
CUST_01590,24,4,114.82,0
CUST_01591,595,1,82.36,1
CUST_01592,96,7,295.49,0
CUST_01593,408,1,26.38,1
CUST_01594,31,23,863.0600000000001,0
CUST_01595,597,1,23.55,1
CUST_01596,236,1,1.92,0
CUST_01597,126,1,4.84,0
CUST_01598,344,1,21.97,1
CUST_01599,229,1,10.38,0
CUST_01600,242,1,19.07,0
CUST_01601,153,1,9.96,0
CUST_01602,322,1,50.6,0
CUST_01603,64,5,92.22,0
CUST_01604,601,1,7.84,1
CUST_01605,134,9,396.6,0
CUST_01606,552,1,56.71,1
CUST_01607,147,1,17.31,0
CUST_01608,154,3,44.82,0
CUST_01609,353,1,4.06,1
CUST_01610,637,1,7.26,1
CUST_01611,21,5,103.54,0
CUST_01612,481,1,114.89,1
CUST_01613,451,1,55.09,1
CUST_01614,14,16,327.68,0
CUST_01615,648,1,92.55,1
CUST_01616,409,1,11.23,1
CUST_01617,266,1,16.86,0
CUST_01618,126,1,14.12,0
CUST_01619,100,1,130.48,0
CUST_01620,401,2,36.87,1
CUST_01621,449,2,76.75,1
CUST_01622,63,3,86.00999999999999,0
CUST_01623,325,1,13.99,0
CUST_01624,175,2,46.87,0
CUST_01625,62,1,3.13,0
CUST_01626,530,1,12.06,1
CUST_01627,313,1,70.19,1
CUST_01628,577,1,62.55,1
CUST_01629,3,4,89.33,0
CUST_01630,409,1,7.76,1
CUST_01631,137,2,89.64,0
CUST_01632,268,1,3.24,0
CUST_01633,461,1,5.75,1
CUST_01634,73,7,216.24,0
CUST_01635,133,1,43.8,0
CUST_01636,297,3,126.58,0
CUST_01637,574,1,25.17,1
CUST_01638,563,1,157.17,1
CUST_01639,0,32,1294.14,0
CUST_01640,686,1,5.03,1
CUST_01641,167,7,268.43,1
CUST_01642,146,3,128.92000000000002,0
CUST_01643,256,1,39.78,0
CUST_01644,178,12,309.45,1
CUST_01645,57,1,14.45,0
CUST_01646,232,1,244.47,1
CUST_01647,58,1,31.57,0
CUST_01648,163,2,25.25,0
CUST_01649,264,1,23.4,0
CUST_01650,593,1,99.67,1
CUST_01651,81,1,48.56,0
CUST_01652,34,1,132.53,0
CUST_01653,520,1,23.84,1
CUST_01654,607,1,7.65,1
CUST_01655,663,1,15.67,1
CUST_01656,0,67,1838.73,0
CUST_01657,586,1,15.22,1
CUST_01658,215,1,19.76,0
CUST_01659,665,1,12.25,1
CUST_01660,159,1,9.14,0
CUST_01661,295,3,32.97,0
CUST_01662,648,2,48.77,1
CUST_01663,354,1,13.46,1
CUST_01664,488,1,4.5,1
CUST_01665,181,1,6.43,0
CUST_01666,351,1,36.74,1
CUST_01667,351,1,182.97,1
CUST_01668,225,4,71.5,0
CUST_01669,529,2,20.05,1
CUST_01670,566,2,41.67,1
CUST_01671,433,2,16.28,1
CUST_01672,95,4,106.64,0
CUST_01673,249,2,59.52,0
CUST_01674,94,2,36.39,0
CUST_01675,139,6,131.51,0
CUST_01676,389,1,192.27,1
CUST_01677,542,1,33.06,1
CUST_01678,649,1,172.42,1
CUST_01679,316,1,36.6,0
CUST_01680,626,1,81.15,1
CUST_01681,58,2,76.82,0
CUST_01682,270,1,70.61,0
CUST_01683,263,4,127.44,0
CUST_01684,523,1,7.1,1
CUST_01685,158,1,9.73,0
CUST_01686,181,4,218.28,1
CUST_01687,63,8,325.03,0
CUST_01688,505,1,37.88,1
CUST_01689,535,1,41.77,1
CUST_01690,2,2,36.81,0
CUST_01691,56,2,63.91,0
CUST_01692,594,1,45.54,1
CUST_01693,74,7,161.85,0
CUST_01694,580,1,9.75,1
CUST_01695,663,1,19.36,1
CUST_01696,16,2,17.86,0
CUST_01697,722,1,32.29,1
CUST_01698,25,8,139.69,0
CUST_01699,129,6,211.91,0
CUST_01700,484,1,21.78,1
CUST_01701,271,7,85.86,0
CUST_01702,548,1,35.1,1
CUST_01703,35,3,78.16,0
CUST_01704,10,15,385.95,0
CUST_01705,19,6,76.42999999999999,0
CUST_01706,323,1,29.99,0
CUST_01707,442,1,14.25,1
CUST_01708,494,1,14.57,1
CUST_01709,343,2,85.93,1
CUST_01710,519,1,9.36,1
CUST_01711,83,1,17.52,0
CUST_01712,579,1,5.32,1
CUST_01713,54,1,45.64,0
CUST_01714,343,1,18.31,1
CUST_01715,359,2,28.12,1
CUST_01716,278,1,31.77,0
CUST_01717,155,5,62.88,0
CUST_01718,156,1,12.06,0
CUST_01719,693,1,12.69,1
CUST_01720,312,1,19.66,0
CUST_01721,85,19,559.7,0
CUST_01722,45,2,288.22,0
CUST_01723,284,1,14.64,0
CUST_01724,577,1,15.02,1
CUST_01725,401,1,48.72,1
CUST_01726,119,1,2.62,0
CUST_01727,678,1,13.39,1
CUST_01728,717,1,21.95,1
CUST_01729,235,1,8.54,0
CUST_01730,94,8,315.59000000000003,0
CUST_01731,75,8,193.82,0
CUST_01732,363,1,71.0,1
CUST_01733,419,3,59.37,1
CUST_01734,342,1,25.61,1
CUST_01735,57,7,228.92,0
CUST_01736,267,1,46.95,0
CUST_01737,149,4,146.67,0
CUST_01738,131,1,80.77,0
CUST_01739,8,3,151.92000000000002,0
CUST_01740,575,1,5.62,1
CUST_01741,58,4,197.59,0
CUST_01742,109,4,165.29999999999998,0
CUST_01743,131,1,96.58,0
CUST_01744,631,1,23.6,1
CUST_01745,530,3,68.47999999999999,1
CUST_01746,237,1,134.88,0
CUST_01747,116,1,241.75,0
CUST_01748,428,1,10.57,1
CUST_01749,543,1,1.4,1
CUST_01750,267,1,61.88,0
CUST_01751,153,5,170.33,0
CUST_01752,668,1,10.2,1
CUST_01753,141,1,22.63,0
CUST_01754,207,3,44.82,0
CUST_01755,354,1,23.31,1
CUST_01756,146,1,7.17,0
CUST_01757,684,1,10.29,1
CUST_01758,441,3,59.6,1
CUST_01759,724,1,13.71,1
CUST_01760,688,1,17.48,1
CUST_01761,6,1,31.86,0
CUST_01762,530,1,11.81,1
CUST_01763,98,6,113.21,0
CUST_01764,153,1,1.13,0
CUST_01765,315,1,31.05,0
CUST_01766,65,4,129.57999999999998,0
CUST_01767,6,5,149.0,0
CUST_01768,270,1,98.89,0
CUST_01769,453,3,42.45,1
CUST_01770,61,1,82.56,0
CUST_01771,80,8,398.68,0
CUST_01772,1,25,529.33,0
CUST_01773,116,1,81.53,0
CUST_01774,276,1,6.08,0
CUST_01775,601,1,40.53,1
CUST_01776,106,3,124.27,0
CUST_01777,213,1,11.73,0
CUST_01778,165,6,277.73,1
CUST_01779,77,2,240.21,0
CUST_01780,154,1,58.92,0
CUST_01781,635,1,15.38,1
CUST_01782,692,1,30.05,1
CUST_01783,273,1,18.03,0
CUST_01784,351,1,10.51,1
CUST_01785,140,6,165.05,0
CUST_01786,15,24,926.13,0
CUST_01787,377,1,7.56,1
CUST_01788,252,1,171.01,0
CUST_01789,341,1,38.1,1
CUST_01790,563,1,43.05,1
CUST_01791,376,1,35.36,1
CUST_01792,505,3,64.6,1
CUST_01793,133,9,321.02000000000004,0
CUST_01794,488,1,32.54,1
CUST_01795,522,1,6.44,1
CUST_01796,256,1,41.71,0
CUST_01797,188,1,48.85,0
CUST_01798,138,1,39.17,0
CUST_01799,165,3,114.42,0
CUST_01800,606,1,73.08,1
CUST_01801,111,1,24.6,0
CUST_01802,44,1,35.2,0
CUST_01803,31,1,34.28,0
CUST_01804,168,1,29.32,0
CUST_01805,358,1,73.97,1
CUST_01806,139,2,230.89,0
CUST_01807,361,1,91.64,1
CUST_01808,411,1,36.46,1
CUST_01809,230,1,2.99,0
CUST_01810,705,1,59.01,1
CUST_01811,171,9,415.44,0
CUST_01812,400,1,141.69,1
CUST_01813,389,1,26.62,1
CUST_01814,730,1,6.05,1
CUST_01815,269,3,145.6,0
CUST_01816,444,1,6.37,1
CUST_01817,668,1,33.16,1
CUST_01818,163,1,17.64,0
CUST_01819,98,12,422.85,0
CUST_01820,418,1,1.74,1
CUST_01821,569,1,18.83,1
CUST_01822,492,1,11.35,1
CUST_01823,521,1,59.89,1
CUST_01824,677,1,3.0,1
CUST_01825,60,2,95.86,0
CUST_01826,186,5,121.96,0
CUST_01827,64,1,112.06,0
CUST_01828,416,1,19.28,1
CUST_01829,216,1,168.59,0
CUST_01830,98,1,181.5,0
CUST_01831,537,1,53.77,1
CUST_01832,1,1,25.12,0
CUST_01833,86,2,37.99,0
CUST_01834,86,1,20.94,0
CUST_01835,8,4,69.92,0
CUST_01836,18,2,20.03,0
CUST_01837,434,1,5.14,1
CUST_01838,6,11,238.2,0
CUST_01839,53,9,586.6,0
CUST_01840,312,4,235.03,1
CUST_01841,500,1,53.36,1
CUST_01842,66,11,285.89,0
CUST_01843,705,1,56.47,1
CUST_01844,30,20,526.68,0
CUST_01845,81,6,117.6,0
CUST_01846,8,10,505.36,0
CUST_01847,105,4,81.5,0
CUST_01848,72,8,325.45,0
CUST_01849,7,20,608.7,0
CUST_01850,442,1,20.11,1
CUST_01851,559,1,9.88,1
CUST_01852,509,1,18.58,1
CUST_01853,116,2,35.36,0
CUST_01854,606,1,13.33,1
CUST_01855,641,1,12.88,1
CUST_01856,515,1,27.06,1
CUST_01857,290,1,3.95,0
CUST_01858,105,3,148.77,0
CUST_01859,16,11,643.29,0
CUST_01860,362,4,51.7,1
CUST_01861,118,5,125.85,0
CUST_01862,158,1,4.4,0
CUST_01863,281,1,8.74,0
CUST_01864,434,1,28.03,1
CUST_01865,314,1,104.28,1
CUST_01866,31,1,62.58,0
CUST_01867,656,1,74.46,1
CUST_01868,157,2,68.47,0
CUST_01869,248,4,93.12,0
CUST_01870,109,1,6.06,0
CUST_01871,669,1,15.16,1
CUST_01872,649,1,22.58,1
CUST_01873,569,1,16.36,1
CUST_01874,240,5,100.92,0
CUST_01875,123,1,122.73,0
CUST_01876,87,2,29.18,0
CUST_01877,207,1,60.76,0
CUST_01878,170,1,6.59,0
CUST_01879,52,4,91.89,0
CUST_01880,25,1,9.33,0
CUST_01881,332,1,18.52,0
CUST_01882,355,1,64.17,1
CUST_01883,436,1,40.87,1
CUST_01884,259,2,107.11,0
CUST_01885,682,1,19.27,1
CUST_01886,175,1,15.35,0
CUST_01887,110,1,47.12,0
CUST_01888,6,1,6.36,0
CUST_01889,368,1,11.49,1
CUST_01890,412,1,5.13,1
CUST_01891,717,1,5.63,1
CUST_01892,489,1,17.78,1
CUST_01893,378,1,7.94,1
CUST_01894,8,13,432.94,0
CUST_01895,135,1,3.35,0
CUST_01896,656,1,8.59,1
CUST_01897,85,1,31.87,0
CUST_01898,621,2,122.81,1
CUST_01899,159,1,8.12,0
CUST_01900,147,1,15.49,0
CUST_01901,552,1,6.54,1
CUST_01902,66,2,13.7,0
CUST_01903,154,1,22.07,0
CUST_01904,428,1,35.45,1
CUST_01905,104,8,213.21,0
CUST_01906,203,2,94.01,0
CUST_01907,644,1,19.09,1
CUST_01908,371,1,134.18,1
CUST_01909,0,12,330.31,0
CUST_01910,273,1,20.45,0
CUST_01911,77,1,40.76,0
CUST_01912,522,1,52.97,1
CUST_01913,543,1,7.92,1
CUST_01914,238,1,18.4,0
CUST_01915,306,1,40.52,0
CUST_01916,316,1,11.65,0
CUST_01917,44,1,198.27,0
CUST_01918,123,2,12.9,0
CUST_01919,592,1,82.98,1
CUST_01920,702,1,3.66,1
CUST_01921,44,7,290.37,0
CUST_01922,477,7,440.57,1
CUST_01923,333,1,23.05,0
CUST_01924,201,1,105.51,0
CUST_01925,34,1,7.46,0
CUST_01926,537,1,74.58,1
CUST_01927,419,1,28.79,1
CUST_01928,255,1,3.68,0
CUST_01929,147,1,1.98,0
CUST_01930,212,1,54.21,0
CUST_01931,710,1,22.8,1
CUST_01932,669,1,9.5,1
CUST_01933,100,4,166.54000000000002,0
CUST_01934,124,1,33.75,0
CUST_01935,92,1,20.66,0
CUST_01936,564,1,45.15,1
CUST_01937,89,1,4.47,0
CUST_01938,435,1,16.78,1
CUST_01939,16,1,45.83,0
CUST_01940,38,9,347.97,0
CUST_01941,693,1,34.96,1
CUST_01942,274,1,8.26,0
CUST_01943,51,1,23.58,0
CUST_01944,84,2,54.91,0
CUST_01945,8,7,165.71,0
CUST_01946,221,2,13.46,0
CUST_01947,382,2,28.55,1
CUST_01948,574,2,125.49,1
CUST_01949,112,8,194.55,0
CUST_01950,637,1,19.67,1
CUST_01951,274,3,64.71,0
CUST_01952,163,4,305.49,1
CUST_01953,305,1,18.18,0
CUST_01954,282,1,25.31,0
CUST_01955,304,1,26.61,0
CUST_01956,633,1,21.48,1
CUST_01957,67,1,10.92,0
CUST_01958,255,1,5.65,0
CUST_01959,97,4,195.62,0
CUST_01960,7,5,118.22,0
CUST_01961,20,1,6.91,0
CUST_01962,192,1,8.88,0
CUST_01963,44,7,375.61,0
CUST_01964,180,3,54.84,0
CUST_01965,87,1,18.05,0
CUST_01966,128,2,31.27,0
CUST_01967,714,1,23.78,1
CUST_01968,402,1,10.38,1
CUST_01969,338,1,20.3,1
CUST_01970,421,1,10.39,1
CUST_01971,730,1,16.62,1
CUST_01972,690,1,33.14,1
CUST_01973,80,1,8.77,0
CUST_01974,285,1,51.7,0
CUST_01975,30,1,18.88,0
CUST_01976,577,1,38.48,1
CUST_01977,706,1,6.65,1
CUST_01978,135,2,56.19,0
CUST_01979,401,1,8.5,1
CUST_01980,128,1,6.29,0
CUST_01981,563,1,9.26,1
CUST_01982,110,2,23.14,0
CUST_01983,495,1,71.95,1
CUST_01984,563,1,12.95,1
CUST_01985,392,1,6.19,1
CUST_01986,276,1,28.98,0
CUST_01987,130,1,43.44,0
CUST_01988,638,2,25.72,1
CUST_01989,332,1,3.39,0
CUST_01990,173,1,24.89,0
CUST_01991,14,1,10.02,0
CUST_01992,466,1,3.97,1
CUST_01993,211,1,17.98,0
CUST_01994,48,1,17.57,0
CUST_01995,0,12,323.46,0
CUST_01996,685,1,4.89,1
CUST_01997,4,13,546.89,0
CUST_01998,637,1,16.55,1
CUST_01999,93,1,120.78,0
CUST_02000,362,1,2.45,1
CUST_02001,167,1,19.1,0
CUST_02002,524,1,9.67,1
CUST_02003,216,1,46.54,0
CUST_02004,124,1,12.35,0
CUST_02005,12,1,7.01,0
CUST_02006,163,15,354.37,0
CUST_02007,77,1,5.85,0
CUST_02008,373,1,62.66,1
CUST_02009,458,1,25.92,1
CUST_02010,311,1,76.49,1
CUST_02011,20,3,38.07,0
CUST_02012,272,1,8.52,0
CUST_02013,341,1,11.08,0
CUST_02014,325,3,64.64999999999999,1
CUST_02015,651,1,1031.23,1
CUST_02016,312,1,145.69,1
CUST_02017,74,3,152.72,0
CUST_02018,701,1,5.85,1
CUST_02019,162,4,54.13,0
CUST_02020,0,4,169.9,0
CUST_02021,22,1,16.78,0
CUST_02022,406,2,15.47,1
CUST_02023,398,1,25.0,1
CUST_02024,12,28,636.97,0
CUST_02025,24,1,27.1,0
CUST_02026,4,4,138.31,0
CUST_02027,108,4,69.16,0
CUST_02028,370,2,31.66,1
CUST_02029,498,1,2.77,1
CUST_02030,236,1,13.96,0
CUST_02031,471,1,10.82,1
CUST_02032,629,1,4.49,1
CUST_02033,194,2,44.41,0
CUST_02034,381,1,6.87,1
CUST_02035,63,1,20.34,0
CUST_02036,26,1,46.8,0
CUST_02037,633,1,24.6,1
CUST_02038,72,2,147.56,0
CUST_02039,146,1,25.05,0
CUST_02040,477,1,30.59,1
CUST_02041,67,3,50.15,0
CUST_02042,467,1,7.25,1
CUST_02043,281,2,51.81,0
CUST_02044,125,2,43.1,0
CUST_02045,656,1,6.4,1
CUST_02046,592,1,24.0,1
CUST_02047,119,16,495.01,0
CUST_02048,123,2,30.380000000000003,0
CUST_02049,233,1,4.1,0
CUST_02050,490,1,19.95,1
CUST_02051,81,3,30.83,0
CUST_02052,632,1,125.52,1
CUST_02053,153,5,77.6,0
CUST_02054,285,2,22.56,0
CUST_02055,87,1,7.01,0
CUST_02056,564,1,10.79,1
CUST_02057,468,1,17.41,1
CUST_02058,103,2,78.18,0
CUST_02059,111,4,215.24,0
CUST_02060,493,1,24.63,1
CUST_02061,81,12,441.26,0
CUST_02062,233,1,42.97,0
CUST_02063,280,3,165.22,1
CUST_02064,116,2,97.84,0
CUST_02065,53,1,13.61,0
CUST_02066,52,3,71.44,0
CUST_02067,192,1,12.57,0
CUST_02068,504,1,7.87,1
CUST_02069,469,1,19.54,1
CUST_02070,85,1,59.67,0
CUST_02071,626,2,28.25,1
CUST_02072,53,6,317.81,0
CUST_02073,527,1,2.91,1
CUST_02074,453,1,2.33,1
CUST_02075,615,1,148.97,1
CUST_02076,339,2,35.52,1
CUST_02077,5,5,70.17,0
CUST_02078,18,3,116.04,0
CUST_02079,76,4,54.69,0
CUST_02080,591,1,4.66,1
CUST_02081,323,1,5.41,0
CUST_02082,257,1,4.99,0
CUST_02083,114,1,10.57,0
CUST_02084,113,1,13.48,0
CUST_02085,474,1,22.25,1
CUST_02086,237,1,83.35,0
CUST_02087,643,1,13.34,1
CUST_02088,698,1,16.73,1
CUST_02089,102,3,218.95,0
CUST_02090,131,1,26.07,0
CUST_02091,453,1,21.56,1
CUST_02092,283,1,53.28,0
CUST_02093,335,1,17.97,0
CUST_02094,21,7,211.81,0
CUST_02095,293,2,92.99,1
CUST_02096,448,1,7.94,1
CUST_02097,407,3,118.77,1
CUST_02098,430,4,144.64,1
CUST_02099,283,1,56.82,0
CUST_02100,42,9,430.43,0
CUST_02101,628,1,67.65,1
CUST_02102,406,1,10.26,1
CUST_02103,309,2,13.57,0
CUST_02104,550,1,37.07,1
CUST_02105,579,1,28.61,1
CUST_02106,22,2,44.36,0
CUST_02107,472,1,28.09,1
CUST_02108,234,4,134.55,0
CUST_02109,16,1,52.93,0
CUST_02110,528,1,19.71,1
CUST_02111,221,1,42.92,0
CUST_02112,150,2,61.31999999999999,0
CUST_02113,13,1,4.7,0
CUST_02114,367,1,44.27,1
CUST_02115,395,1,19.8,1
CUST_02116,63,1,33.63,0
CUST_02117,704,1,38.76,1
CUST_02118,64,4,200.08,0
CUST_02119,19,1,21.87,0
CUST_02120,204,4,120.21,0
CUST_02121,53,9,146.73,0
CUST_02122,279,1,53.52,0
CUST_02123,435,1,65.59,1
CUST_02124,21,26,1097.42,0
CUST_02125,25,8,249.88,0
CUST_02126,676,1,11.77,1
CUST_02127,160,2,35.84,0
CUST_02128,577,1,65.41,1
CUST_02129,279,3,81.92,0
CUST_02130,531,1,44.37,1
CUST_02131,585,1,21.2,1
CUST_02132,411,1,9.99,1
CUST_02133,532,1,36.14,1
CUST_02134,299,2,150.98000000000002,1
CUST_02135,623,1,17.81,1
CUST_02136,239,1,34.85,0
CUST_02137,271,1,36.47,0
CUST_02138,364,4,117.77,1
CUST_02139,236,6,200.09,1
CUST_02140,351,1,49.51,1
CUST_02141,116,1,57.48,0
CUST_02142,515,2,49.36,1
CUST_02143,16,9,496.51,0
CUST_02144,100,2,71.97,0
CUST_02145,341,1,38.51,1
CUST_02146,394,1,5.49,1
CUST_02147,478,1,74.13,1
CUST_02148,91,1,71.64,0
CUST_02149,725,1,28.29,1
CUST_02150,317,1,8.93,0
CUST_02151,473,1,16.23,1
CUST_02152,280,1,7.21,0
CUST_02153,529,1,6.37,1
CUST_02154,61,10,250.71,0
CUST_02155,47,4,119.87,0
CUST_02156,31,14,631.05,0
CUST_02157,341,1,34.54,1
CUST_02158,304,1,12.1,0
CUST_02159,4,7,143.88,0
CUST_02160,687,1,26.18,1
CUST_02161,232,1,85.35,0
CUST_02162,200,1,19.89,0
CUST_02163,4,1,11.81,0
CUST_02164,50,10,424.09,0
CUST_02165,155,2,16.59,0
CUST_02166,449,2,24.14,1
CUST_02167,101,1,6.82,0
CUST_02168,390,1,31.07,1
CUST_02169,156,1,9.47,0
CUST_02170,70,3,69.97,0
CUST_02171,49,1,39.47,0
CUST_02172,173,1,20.26,0
CUST_02173,351,2,110.52,1
CUST_02174,369,1,27.36,1
CUST_02175,329,2,111.96,1
CUST_02176,24,1,42.41,0
CUST_02177,650,1,19.11,1
CUST_02178,0,1,43.06,0
CUST_02179,74,3,118.98,0
CUST_02180,628,1,32.65,1
CUST_02181,111,1,9.42,0
CUST_02182,317,1,18.7,0
CUST_02183,576,1,21.62,1
CUST_02184,699,1,32.8,1
CUST_02185,161,1,5.04,0
CUST_02186,56,4,426.46,0
CUST_02187,144,1,7.78,0
CUST_02188,215,1,46.19,0
CUST_02189,646,1,35.98,1
CUST_02190,436,1,7.81,1
CUST_02191,553,2,39.32,1
CUST_02192,689,1,30.66,1
CUST_02193,64,5,135.98,0
CUST_02194,83,2,37.85,0
CUST_02195,49,1,12.27,0
CUST_02196,562,1,10.68,1
CUST_02197,123,3,77.53,0
CUST_02198,254,2,23.25,0
CUST_02199,17,5,109.24,0
CUST_02200,40,3,25.44,0
CUST_02201,349,1,20.52,1
CUST_02202,334,1,36.18,1
CUST_02203,310,1,2.52,0
CUST_02204,174,4,107.36,0
CUST_02205,496,1,7.78,1
CUST_02206,602,1,18.33,1
CUST_02207,199,2,41.370000000000005,0
CUST_02208,66,6,116.7,0
CUST_02209,590,1,101.79,1
CUST_02210,360,1,40.29,1
CUST_02211,373,1,25.5,1
CUST_02212,282,1,15.94,0
CUST_02213,25,1,19.61,0
CUST_02214,393,1,71.26,1
CUST_02215,420,1,4.35,1
CUST_02216,75,9,190.11,0
CUST_02217,242,1,1.65,0
CUST_02218,35,8,240.62,0
CUST_02219,55,6,150.28,0
CUST_02220,193,4,122.17,0
CUST_02221,722,1,44.13,1
CUST_02222,218,2,11.510000000000002,0
CUST_02223,579,1,8.71,1
CUST_02224,64,3,37.53,0
CUST_02225,679,1,12.07,1
CUST_02226,621,1,17.41,1
CUST_02227,189,1,8.77,0
CUST_02228,636,1,5.46,1
CUST_02229,12,1,3.88,0
CUST_02230,1,5,282.83,0
CUST_02231,514,1,74.28,1
CUST_02232,336,1,4.79,0
CUST_02233,173,3,17.99,0
CUST_02234,80,14,270.99,0
CUST_02235,103,7,165.77,0
CUST_02236,358,1,24.09,1
CUST_02237,630,1,5.18,1
CUST_02238,6,35,1271.59,0
CUST_02239,32,30,942.61,0
CUST_02240,605,1,17.43,1
CUST_02241,524,1,12.39,1
CUST_02242,74,3,114.51,0
CUST_02243,606,1,5.12,1
CUST_02244,431,1,3.51,1
CUST_02245,98,4,63.42,0
CUST_02246,354,2,21.56,1
CUST_02247,36,1,6.77,0
CUST_02248,639,1,4.15,1
CUST_02249,29,3,38.61,0
CUST_02250,35,2,74.61,0
CUST_02251,201,1,4.65,0
CUST_02252,270,3,135.5,0
CUST_02253,83,1,10.72,0
CUST_02254,229,1,16.8,0
CUST_02255,542,1,99.77,1
CUST_02256,251,1,12.78,0
CUST_02257,241,3,135.57999999999998,0
CUST_02258,670,1,8.16,1
CUST_02259,255,1,10.17,0
CUST_02260,508,1,20.93,1
CUST_02261,308,5,135.57,1
CUST_02262,470,2,41.31,1
CUST_02263,31,3,144.73999999999998,0
CUST_02264,683,1,39.18,1
CUST_02265,364,1,4.94,1
CUST_02266,404,1,13.59,1
CUST_02267,465,1,14.52,1
CUST_02268,512,1,18.61,1
CUST_02269,605,1,30.27,1
CUST_02270,8,4,76.88,0
CUST_02271,242,1,35.9,0
CUST_02272,65,14,314.13,0
CUST_02273,241,1,19.87,0
CUST_02274,122,1,12.4,0
CUST_02275,132,4,152.24,0
CUST_02276,492,1,22.7,1
CUST_02277,379,1,21.21,1
CUST_02278,577,1,42.1,1
CUST_02279,136,8,196.4,0
CUST_02280,257,1,3.59,0
CUST_02281,74,2,31.92,0
CUST_02282,549,1,55.9,1
CUST_02283,162,2,59.92,0
CUST_02284,117,12,451.6,0
CUST_02285,185,4,73.25,0
CUST_02286,28,1,5.23,0
CUST_02287,178,3,187.49,0
CUST_02288,649,1,58.42,1
CUST_02289,37,2,22.08,0
CUST_02290,121,4,41.71,0
CUST_02291,94,4,103.99,0
CUST_02292,634,1,20.57,1
CUST_02293,90,3,170.16,0
CUST_02294,86,1,95.32,0
CUST_02295,225,1,14.15,0
CUST_02296,242,1,77.47,0
CUST_02297,627,1,22.17,1
CUST_02298,174,1,2.72,0
CUST_02299,125,4,131.04,0
CUST_02300,627,1,6.63,1
CUST_02301,9,58,2239.19,0
CUST_02302,45,10,160.24,0
CUST_02303,152,1,41.01,0
CUST_02304,673,1,4.35,1
CUST_02305,576,2,20.07,1
CUST_02306,130,1,110.4,0
CUST_02307,152,1,6.41,0
CUST_02308,609,1,31.05,1
CUST_02309,427,1,9.42,1
CUST_02310,688,1,14.78,1
CUST_02311,42,1,39.01,0
CUST_02312,143,1,14.37,0
CUST_02313,471,1,5.4,1
CUST_02314,349,1,29.26,1
CUST_02315,395,1,20.66,1
CUST_02316,550,5,81.4,1
CUST_02317,727,1,10.96,1
CUST_02318,622,1,41.97,1
CUST_02319,104,7,92.16,0
CUST_02320,495,1,7.37,1
CUST_02321,231,1,36.1,0
CUST_02322,113,1,11.41,0
CUST_02323,66,6,148.61,0
CUST_02324,605,1,26.46,1
CUST_02325,69,7,88.67999999999999,0
CUST_02326,129,1,6.0,0
CUST_02327,423,1,10.34,1
CUST_02328,100,3,78.82,0
CUST_02329,288,1,48.82,0
CUST_02330,413,3,52.26,1
CUST_02331,627,1,5.86,1
CUST_02332,398,1,15.35,1
CUST_02333,10,1,26.14,0
CUST_02334,157,1,5.7,0
CUST_02335,189,1,32.67,0
CUST_02336,275,1,17.51,0
CUST_02337,316,1,8.07,0
CUST_02338,292,1,18.23,0
CUST_02339,466,2,65.84,1
CUST_02340,42,8,127.98,0
CUST_02341,174,2,155.62,0
CUST_02342,255,3,50.75,0
CUST_02343,84,5,205.92,0
CUST_02344,79,6,227.02,0
CUST_02345,48,17,660.87,0
CUST_02346,452,1,23.83,1
CUST_02347,4,1,18.21,0
CUST_02348,110,3,189.74,0
CUST_02349,206,3,53.47,0
CUST_02350,370,2,41.37,1
CUST_02351,2,16,696.38,0
CUST_02352,435,1,26.45,1
CUST_02353,28,2,38.06,0
CUST_02354,521,1,8.03,1
CUST_02355,33,25,562.68,0
CUST_02356,243,1,11.03,0
CUST_02357,625,1,27.04,1
CUST_02358,90,1,8.48,0
CUST_02359,91,1,40.53,0
CUST_02360,508,1,81.68,1
CUST_02361,514,1,39.94,1
CUST_02362,96,1,4.04,0
CUST_02363,670,1,38.93,1
CUST_02364,5,19,609.52,0
CUST_02365,264,3,172.59,1
CUST_02366,11,4,277.46,0
CUST_02367,16,6,248.17,0
CUST_02368,105,15,511.5,0
CUST_02369,613,1,16.47,1
CUST_02370,596,1,88.2,1
CUST_02371,498,1,9.77,1
CUST_02372,665,1,8.8,1
CUST_02373,16,1,112.88,0
CUST_02374,406,1,13.05,1
CUST_02375,196,1,4.04,0
CUST_02376,413,1,96.23,1
CUST_02377,688,1,118.27,1
CUST_02378,527,1,16.75,1
CUST_02379,45,1,5.02,0
CUST_02380,220,1,76.48,0
CUST_02381,47,1,21.76,0
CUST_02382,720,1,8.63,1
CUST_02383,216,1,29.2,0
CUST_02384,587,1,37.15,1
CUST_02385,437,1,21.08,1
CUST_02386,406,1,1.63,1
CUST_02387,271,1,14.69,0
CUST_02388,683,1,64.2,1
CUST_02389,210,1,25.08,0
CUST_02390,573,1,9.96,1
CUST_02391,5,4,243.56,0
CUST_02392,323,2,35.88,0
CUST_02393,287,1,31.98,0
CUST_02394,351,1,16.53,1
CUST_02395,109,1,17.05,0
CUST_02396,472,2,26.35,1
CUST_02397,119,1,42.92,0
CUST_02398,99,11,167.82,0
CUST_02399,144,2,34.45,0
CUST_02400,45,4,396.06,0
CUST_02401,296,1,51.58,0
CUST_02402,293,2,76.4,1
CUST_02403,328,1,33.67,0
CUST_02404,447,1,10.61,1
CUST_02405,30,2,68.51,0
CUST_02406,232,2,41.2,0
CUST_02407,65,2,204.86,0
CUST_02408,447,4,38.06,1
CUST_02409,719,1,65.96,1
CUST_02410,148,1,4.46,0
CUST_02411,472,1,85.63,1
CUST_02412,214,1,6.45,0
CUST_02413,2,160,6243.24,0
CUST_02414,446,1,162.34,1
CUST_02415,599,1,2.16,1
CUST_02416,187,1,23.26,0
CUST_02417,375,1,25.44,1
CUST_02418,309,1,9.17,0
CUST_02419,286,1,96.4,1
CUST_02420,229,1,15.81,0
CUST_02421,594,1,19.92,1
CUST_02422,21,8,214.4,0
CUST_02423,346,4,173.66,1
CUST_02424,588,1,20.97,1
CUST_02425,446,1,39.48,1
CUST_02426,174,2,54.290000000000006,0
CUST_02427,115,10,305.67,0
CUST_02428,11,6,344.11,0
CUST_02429,477,2,13.29,1
CUST_02430,151,9,202.46,0
CUST_02431,237,1,12.79,0
CUST_02432,61,2,14.18,0
CUST_02433,228,1,29.58,0
CUST_02434,499,2,40.44,1
CUST_02435,7,6,96.26,0
CUST_02436,386,1,10.86,1
CUST_02437,62,1,33.21,0
CUST_02438,113,1,209.86,0
CUST_02439,666,1,5.84,1
CUST_02440,635,2,45.83,1
CUST_02441,673,1,142.12,1
CUST_02442,10,12,482.79,0
CUST_02443,1,1,40.4,0
CUST_02444,3,7,135.89,0
CUST_02445,15,1,6.54,0
CUST_02446,35,1,76.34,0
CUST_02447,499,1,74.61,1
CUST_02448,692,1,12.49,1
CUST_02449,312,1,33.94,0
CUST_02450,545,1,36.93,1
CUST_02451,228,1,28.34,0
CUST_02452,46,1,27.25,0
CUST_02453,180,2,45.870000000000005,0
CUST_02454,541,1,61.8,1
CUST_02455,318,2,225.8,1
CUST_02456,639,1,102.08,1
CUST_02457,176,1,15.89,0
CUST_02458,133,1,21.01,0
CUST_02459,254,1,23.02,0
CUST_02460,465,1,12.8,1
CUST_02461,65,3,115.7,0
CUST_02462,32,3,81.57000000000001,0
CUST_02463,686,2,31.58,1
CUST_02464,41,1,55.52,0
CUST_02465,508,1,9.56,1
CUST_02466,214,2,45.42999999999999,0
CUST_02467,144,2,86.75,0
CUST_02468,663,1,12.5,1
CUST_02469,585,1,20.77,1
CUST_02470,177,1,4.58,0
CUST_02471,69,1,2.74,0
CUST_02472,321,1,20.49,0
CUST_02473,88,1,10.49,0
CUST_02474,377,1,19.84,1
CUST_02475,550,1,17.14,1
CUST_02476,516,1,3.8,1
CUST_02477,151,1,12.36,0
CUST_02478,506,1,3.18,1
CUST_02479,22,2,37.74,0
CUST_02480,620,2,39.22,1
CUST_02481,546,1,10.44,1
CUST_02482,133,10,211.59,0
CUST_02483,670,1,59.2,1
CUST_02484,0,9,147.81,0
CUST_02485,609,1,105.65,1
CUST_02486,307,1,6.58,0
CUST_02487,265,2,73.12,0
CUST_02488,569,1,117.41,1
CUST_02489,110,1,11.34,0
CUST_02490,286,1,47.0,0
CUST_02491,288,1,15.22,0
CUST_02492,565,1,22.31,1
CUST_02493,317,1,36.45,0
CUST_02494,607,4,80.04,1
CUST_02495,85,1,34.49,0
CUST_02496,25,3,60.03,0
CUST_02497,85,1,15.56,0
CUST_02498,347,1,23.75,1
CUST_02499,296,1,2.26,0
CUST_02500,668,1,4.84,1
CUST_02501,373,1,9.54,1
CUST_02502,356,1,33.69,1
CUST_02503,614,1,41.38,1
CUST_02504,212,2,41.66,0
CUST_02505,156,1,33.4,0
CUST_02506,219,2,24.21,0
CUST_02507,564,1,75.74,1
CUST_02508,18,1,15.77,0
CUST_02509,238,1,15.64,0
CUST_02510,393,1,34.14,1
CUST_02511,131,1,6.84,0
CUST_02512,156,7,124.54,0
CUST_02513,215,2,18.43,0
CUST_02514,152,1,15.45,0
CUST_02515,81,1,62.39,0
CUST_02516,407,1,3.72,1
CUST_02517,362,1,37.79,1
CUST_02518,31,2,12.66,0
CUST_02519,541,1,95.3,1
CUST_02520,109,1,132.57,0
CUST_02521,566,1,21.79,1
CUST_02522,93,3,44.64,0
CUST_02523,24,4,108.5,0
CUST_02524,473,1,8.52,1
CUST_02525,209,1,33.75,0
CUST_02526,109,1,21.7,0
CUST_02527,487,1,46.02,1
CUST_02528,287,1,34.91,0
CUST_02529,21,39,1271.5,0
CUST_02530,40,3,59.78,0
CUST_02531,40,18,580.15,0
CUST_02532,202,3,54.06,0
CUST_02533,63,1,22.32,0
CUST_02534,4,1,12.94,0
CUST_02535,71,2,10.04,0
CUST_02536,553,1,16.17,1
CUST_02537,402,1,79.08,1
CUST_02538,696,1,96.27,1
CUST_02539,7,140,4212.18,0
CUST_02540,363,1,36.98,1
CUST_02541,174,1,29.62,0
CUST_02542,433,1,25.84,1
CUST_02543,343,1,52.59,1
CUST_02544,350,1,67.18,1
CUST_02545,4,6,146.69,0
CUST_02546,132,1,60.54,0
CUST_02547,523,1,8.52,1
CUST_02548,347,1,2.95,1
CUST_02549,187,1,52.77,0
CUST_02550,104,9,175.04,0
CUST_02551,50,6,169.79000000000002,0
CUST_02552,245,1,3.42,0
CUST_02553,369,1,25.27,1
CUST_02554,193,1,14.85,0
CUST_02555,447,1,205.42,1
CUST_02556,9,1,10.46,0
CUST_02557,449,1,32.11,1
CUST_02558,74,1,124.66,0
CUST_02559,701,1,39.29,1
CUST_02560,214,1,120.77,0
CUST_02561,81,1,9.31,0
CUST_02562,113,1,24.22,0
CUST_02563,609,1,15.71,1
CUST_02564,11,6,125.69,0
CUST_02565,162,1,23.18,0
CUST_02566,260,1,51.77,0
CUST_02567,455,1,54.27,1
CUST_02568,363,7,123.86,1
CUST_02569,90,7,105.44,0
CUST_02570,371,1,9.72,1
CUST_02571,632,1,2.16,1
CUST_02572,582,1,31.86,1
CUST_02573,222,1,14.44,0
CUST_02574,278,1,25.96,0
CUST_02575,280,2,135.47,0
CUST_02576,145,2,499.38,0
CUST_02577,686,1,35.15,1
CUST_02578,117,6,231.19,0
CUST_02579,61,16,367.43,0
CUST_02580,311,1,13.88,0
CUST_02581,58,5,199.45,0
CUST_02582,519,1,9.7,1
CUST_02583,133,6,74.05,0
CUST_02584,237,5,87.54,0
CUST_02585,133,5,98.77,0
CUST_02586,534,1,15.76,1
CUST_02587,352,1,12.47,1
CUST_02588,25,1,9.57,0
CUST_02589,660,1,46.44,1
CUST_02590,208,10,140.66,0
CUST_02591,574,1,2.84,1
CUST_02592,85,3,111.97,0
CUST_02593,89,3,63.59,0
CUST_02594,263,1,28.29,0
CUST_02595,80,6,358.93,0
CUST_02596,444,1,114.58,1
CUST_02597,15,1,10.94,0
CUST_02598,111,1,7.28,0
CUST_02599,215,1,61.08,0
CUST_02600,189,2,63.49,0
CUST_02601,365,2,65.74000000000001,1
CUST_02602,574,2,12.93,1
CUST_02603,52,2,73.62,0
CUST_02604,31,1,48.42,0
CUST_02605,584,1,2.52,1
CUST_02606,199,2,32.69,0
CUST_02607,140,1,190.45,0
CUST_02608,595,1,44.0,1
CUST_02609,268,4,300.94,1
CUST_02610,230,7,150.99,0
CUST_02611,20,10,532.36,0
CUST_02612,514,1,32.93,1
CUST_02613,102,2,29.42,0
CUST_02614,24,8,542.85,0
CUST_02615,409,1,32.71,1
CUST_02616,253,5,66.8,0
CUST_02617,134,2,12.3,0
CUST_02618,119,4,79.86999999999999,0
CUST_02619,195,1,71.41,0
CUST_02620,98,6,509.91,0
CUST_02621,311,1,30.91,0
CUST_02622,656,1,115.01,1
CUST_02623,8,9,239.05,0
CUST_02624,241,1,72.29,0
CUST_02625,174,7,77.0,0
CUST_02626,528,1,2.87,1
CUST_02627,89,6,208.1,0
CUST_02628,20,6,114.01,0
CUST_02629,322,1,13.96,0
CUST_02630,153,2,46.22,0
CUST_02631,48,2,54.370000000000005,0
CUST_02632,255,1,6.21,0
CUST_02633,673,1,8.85,1
CUST_02634,280,1,13.69,0
CUST_02635,348,1,18.68,1
CUST_02636,153,1,10.5,0
CUST_02637,183,1,55.99,0
CUST_02638,9,11,308.33,0
CUST_02639,114,5,233.51,0
CUST_02640,453,1,34.98,1
CUST_02641,552,1,42.1,1
CUST_02642,597,1,97.91,1
CUST_02643,358,2,67.26,1
CUST_02644,419,1,1.8,1
CUST_02645,152,4,84.0,0
CUST_02646,134,1,32.92,0
CUST_02647,216,1,8.59,0
CUST_02648,418,1,34.08,1
CUST_02649,218,1,3.93,0
CUST_02650,110,2,171.72,0
CUST_02651,604,1,23.98,1
CUST_02652,244,2,142.13,0
CUST_02653,113,6,96.43,0
CUST_02654,614,1,42.92,1
CUST_02655,474,1,29.11,1
CUST_02656,303,2,78.19,1
CUST_02657,234,1,4.48,0
CUST_02658,95,2,52.78,0
CUST_02659,214,2,18.950000000000003,0
CUST_02660,105,5,157.42000000000002,0
CUST_02661,667,1,9.17,1
CUST_02662,701,1,6.59,1
CUST_02663,453,1,21.06,1
CUST_02664,0,1,8.3,0
CUST_02665,459,2,27.96,1
CUST_02666,714,1,149.48,1
CUST_02667,14,33,917.07,0
CUST_02668,58,6,235.01,0
CUST_02669,391,1,43.36,1
CUST_02670,40,4,86.88,0
CUST_02671,64,1,29.13,0
CUST_02672,2,44,1288.97,0
CUST_02673,570,1,8.15,1
CUST_02674,425,1,6.56,1
CUST_02675,123,1,20.19,0
CUST_02676,393,2,22.15,1
CUST_02677,394,1,9.2,1
CUST_02678,339,1,59.54,1
CUST_02679,474,1,10.58,1
CUST_02680,370,1,22.0,1
CUST_02681,338,1,12.9,0
CUST_02682,232,1,13.57,0
CUST_02683,54,1,20.2,0
CUST_02684,550,1,141.0,1
CUST_02685,65,3,73.85,0
CUST_02686,31,50,1213.3,0
CUST_02687,217,1,14.28,0
CUST_02688,488,1,18.82,1
CUST_02689,586,1,181.97,1
CUST_02690,604,1,12.56,1
CUST_02691,610,1,44.49,1
CUST_02692,30,4,153.69,0
CUST_02693,15,1,24.16,0
CUST_02694,273,4,48.52,0
CUST_02695,486,1,10.52,1
CUST_02696,212,7,298.01,1
CUST_02697,11,1,106.92,0
CUST_02698,117,1,6.66,0
CUST_02699,28,26,622.94,0
CUST_02700,529,1,8.93,1
CUST_02701,284,1,5.56,0
CUST_02702,45,1,4.5,0
CUST_02703,25,43,1142.67,0
CUST_02704,1,14,583.29,0
CUST_02705,75,8,564.92,0
CUST_02706,388,1,20.18,1
CUST_02707,5,37,954.22,0
CUST_02708,36,2,77.29,0
CUST_02709,114,3,148.32999999999998,0
CUST_02710,601,1,51.29,1
CUST_02711,331,1,15.24,0
CUST_02712,57,1,9.5,0
CUST_02713,680,1,14.81,1
CUST_02714,205,3,111.25,0
CUST_02715,9,2,43.97,0
CUST_02716,41,1,72.47,0
CUST_02717,155,10,380.83,0
CUST_02718,228,1,40.31,0
CUST_02719,211,2,46.0,0
CUST_02720,357,2,45.120000000000005,1
CUST_02721,21,5,34.33,0
CUST_02722,331,1,41.55,0
CUST_02723,563,1,12.26,1
CUST_02724,71,4,42.49,0
CUST_02725,98,9,206.89,0
CUST_02726,288,1,8.54,0
CUST_02727,105,2,56.1,0
CUST_02728,116,12,559.11,0
CUST_02729,253,1,5.86,0
CUST_02730,145,1,19.31,0
CUST_02731,231,9,188.84,0
CUST_02732,2,5,124.15,0
CUST_02733,420,1,22.05,1
CUST_02734,501,1,16.6,1
CUST_02735,110,1,2.06,0
CUST_02736,660,1,18.11,1
CUST_02737,5,9,575.49,0
CUST_02738,87,1,5.87,0
CUST_02739,416,1,15.11,1
CUST_02740,457,1,10.63,1
CUST_02741,249,2,39.06,0
CUST_02742,689,1,29.88,1
CUST_02743,134,1,16.14,0
CUST_02744,36,1,54.28,0
CUST_02745,380,1,7.62,1
CUST_02746,491,1,5.11,1
CUST_02747,129,1,12.37,0
CUST_02748,6,24,572.72,0
CUST_02749,134,1,14.65,0
CUST_02750,502,1,5.53,1
CUST_02751,61,1,61.23,0
CUST_02752,251,1,7.62,0
CUST_02753,104,1,178.64,0
CUST_02754,472,1,41.03,1
CUST_02755,691,1,47.08,1
CUST_02756,126,1,8.7,0
CUST_02757,78,19,668.12,0
CUST_02758,364,1,102.2,1
CUST_02759,154,5,113.37,0
CUST_02760,325,2,206.63,1
CUST_02761,232,3,65.12,0
CUST_02762,72,1,24.02,0
CUST_02763,147,1,3.88,0
CUST_02764,23,7,367.36,0
CUST_02765,518,1,9.96,1
CUST_02766,0,14,309.99,0
CUST_02767,78,9,247.89,0
CUST_02768,184,1,9.33,0
CUST_02769,322,1,148.96,1
CUST_02770,326,1,30.94,0
CUST_02771,240,1,9.54,0
CUST_02772,475,1,58.96,1
CUST_02773,128,2,71.13,0
CUST_02774,391,1,33.42,1
CUST_02775,226,1,20.74,0
CUST_02776,69,2,35.26,0
CUST_02777,338,1,58.68,1
CUST_02778,86,10,473.59,0
CUST_02779,114,2,71.13,0
CUST_02780,239,1,18.9,0
CUST_02781,147,1,38.31,0
CUST_02782,272,3,42.010000000000005,0
CUST_02783,237,5,100.27,0
CUST_02784,366,1,48.5,1
CUST_02785,61,20,913.56,0
CUST_02786,346,1,54.11,1
CUST_02787,26,6,76.31,0
CUST_02788,289,2,20.16,0
CUST_02789,182,2,35.760000000000005,0
CUST_02790,189,1,30.17,0
CUST_02791,228,1,3.64,0
CUST_02792,530,1,29.98,1
CUST_02793,409,1,39.46,1
CUST_02794,13,13,451.62,0
CUST_02795,491,1,71.7,1
CUST_02796,633,1,16.41,1
CUST_02797,405,1,39.57,1
CUST_02798,113,1,14.16,0
CUST_02799,115,9,212.43,0
CUST_02800,138,1,78.87,0
CUST_02801,485,2,105.75,1
CUST_02802,20,8,127.7,0
CUST_02803,115,1,56.87,0
CUST_02804,220,2,15.12,0
CUST_02805,105,1,18.0,0
CUST_02806,8,39,1241.34,0
CUST_02807,463,4,121.24,1
CUST_02808,179,1,37.1,0
CUST_02809,69,1,4.16,0
CUST_02810,619,1,4.3,1
CUST_02811,220,1,12.99,0
CUST_02812,30,17,476.81,0
CUST_02813,82,1,11.47,0
CUST_02814,536,1,75.74,1
CUST_02815,642,1,17.53,1
CUST_02816,168,1,14.18,0
CUST_02817,72,1,16.54,0
CUST_02818,344,1,3.74,0
CUST_02819,273,3,54.55,0
CUST_02820,137,3,52.65,0
CUST_02821,135,2,76.61,0
CUST_02822,367,1,26.98,1
CUST_02823,108,2,48.32,0
CUST_02824,188,1,93.16,0
CUST_02825,399,2,173.91000000000005,1
CUST_02826,94,9,485.48,0
CUST_02827,348,1,16.77,1
CUST_02828,617,1,44.35,1
CUST_02829,50,1,17.16,0
CUST_02830,52,6,145.53,0
CUST_02831,337,1,4.45,0
CUST_02832,12,12,469.93,0
CUST_02833,329,2,38.59,0
CUST_02834,216,1,50.92,0
CUST_02835,74,1,20.54,0
CUST_02836,112,2,37.69,0
CUST_02837,525,1,38.76,1
CUST_02838,148,1,4.26,0
CUST_02839,523,1,49.28,1
CUST_02840,244,3,62.41,0
CUST_02841,84,1,5.4,0
CUST_02842,73,1,20.47,0
CUST_02843,358,1,65.74,1
CUST_02844,664,1,11.23,1
CUST_02845,109,1,103.54,0
CUST_02846,163,3,52.21,0
CUST_02847,440,1,8.18,1
CUST_02848,252,2,42.42,0
CUST_02849,193,7,383.44,0
CUST_02850,695,1,17.55,1
CUST_02851,714,1,55.29,1
CUST_02852,246,1,12.82,0
CUST_02853,384,1,22.95,1
CUST_02854,373,1,13.76,1
CUST_02855,193,1,21.62,0
CUST_02856,689,1,166.78,1
CUST_02857,718,1,87.32,1
CUST_02858,544,1,18.68,1
CUST_02859,668,1,63.5,1
CUST_02860,656,1,16.22,1
CUST_02861,582,1,50.91,1
CUST_02862,46,5,120.69,0
CUST_02863,85,10,276.91,0
CUST_02864,581,1,43.34,1
CUST_02865,518,1,10.38,1
CUST_02866,57,10,131.65,0
CUST_02867,24,11,482.18,0
CUST_02868,340,1,20.76,1
CUST_02869,166,7,141.34,0
CUST_02870,586,1,13.42,1
CUST_02871,311,1,7.72,0
CUST_02872,687,1,6.12,1
CUST_02873,7,13,258.03,0
CUST_02874,286,1,47.75,0
CUST_02875,413,1,20.02,1
CUST_02876,77,1,17.4,0
CUST_02877,657,1,11.49,1
CUST_02878,717,1,23.37,1
CUST_02879,119,1,12.38,0
CUST_02880,310,1,1.95,0
CUST_02881,625,1,50.2,1
CUST_02882,79,1,18.91,0
CUST_02883,225,4,91.28,0
CUST_02884,55,4,237.42,0
CUST_02885,177,1,43.27,0
CUST_02886,148,1,46.21,0
CUST_02887,3,1,54.2,0
CUST_02888,17,10,249.27,0
CUST_02889,218,3,153.85,0
CUST_02890,24,3,33.43,0
CUST_02891,163,4,167.67,0
CUST_02892,94,1,18.96,0
CUST_02893,85,1,23.89,0
CUST_02894,184,3,18.34,0
CUST_02895,625,1,14.13,1
CUST_02896,388,1,18.38,1
CUST_02897,175,3,86.4,0
CUST_02898,11,6,149.13,0
CUST_02899,705,1,39.6,1
CUST_02900,18,3,203.93,0
CUST_02901,67,13,315.23,0
CUST_02902,495,1,20.12,1
CUST_02903,117,1,9.53,0
CUST_02904,366,1,18.01,1
CUST_02905,592,1,238.96,1
CUST_02906,395,1,6.54,1
CUST_02907,159,2,37.76,0
CUST_02908,211,1,8.87,0
CUST_02909,482,1,53.85,1
CUST_02910,643,1,29.65,1
CUST_02911,686,1,23.47,1
CUST_02912,320,2,82.66,1
CUST_02913,4,16,579.22,0
CUST_02914,366,1,11.66,1
CUST_02915,451,2,35.95,1
CUST_02916,195,1,3.69,0
CUST_02917,255,3,25.01,0
CUST_02918,313,1,25.8,0
CUST_02919,704,1,22.97,1
CUST_02920,93,1,39.0,0
CUST_02921,98,5,142.23,0
CUST_02922,278,1,7.98,0
CUST_02923,546,1,1.73,1
CUST_02924,184,1,17.7,0
CUST_02925,61,2,27.64,0
CUST_02926,98,1,21.15,0
CUST_02927,27,6,282.29,0
CUST_02928,131,2,40.35,0
CUST_02929,89,1,46.55,0
CUST_02930,648,1,6.04,1
CUST_02931,477,1,26.87,1
CUST_02932,98,4,88.61,0
CUST_02933,167,1,49.34,0
CUST_02934,719,1,75.5,1
CUST_02935,241,2,85.12,0
CUST_02936,450,1,32.83,1
CUST_02937,273,2,18.24,0
CUST_02938,23,11,287.12,0
CUST_02939,74,1,4.45,0
CUST_02940,666,1,8.61,1
CUST_02941,663,1,12.44,1
CUST_02942,369,1,15.67,1
CUST_02943,493,2,27.36,1
CUST_02944,350,2,76.46000000000001,1
CUST_02945,68,12,634.28,0
CUST_02946,382,1,15.22,1
CUST_02947,341,2,14.41,0
CUST_02948,163,1,74.29,0
CUST_02949,432,1,26.12,1
CUST_02950,465,1,22.96,1
CUST_02951,631,1,69.27,1
CUST_02952,115,1,16.69,0
CUST_02953,130,2,69.48,0
CUST_02954,651,1,5.73,1
CUST_02955,713,1,25.95,1
CUST_02956,87,1,6.81,0
CUST_02957,673,1,15.25,1
CUST_02958,103,1,12.95,0
CUST_02959,416,1,8.28,1
CUST_02960,13,2,44.52,0
CUST_02961,229,1,18.43,0
CUST_02962,674,1,23.14,1
CUST_02963,321,1,6.58,0
CUST_02964,625,1,42.95,1
CUST_02965,65,1,6.9,0
CUST_02966,96,21,729.55,0
CUST_02967,377,1,19.73,1
CUST_02968,35,1,5.63,0
CUST_02969,443,1,35.42,1
CUST_02970,73,1,20.56,0
CUST_02971,14,1,21.27,0
CUST_02972,27,2,62.3,0
CUST_02973,129,1,2.06,0
CUST_02974,128,5,482.77,0
CUST_02975,60,3,127.73,0
CUST_02976,140,1,39.9,0
CUST_02977,413,1,14.3,1
CUST_02978,504,1,68.91,1
CUST_02979,349,1,8.3,1
CUST_02980,15,48,1566.56,0
CUST_02981,75,2,75.52,0
CUST_02982,211,1,4.93,0
CUST_02983,407,1,3.57,1
CUST_02984,406,1,60.91,1
CUST_02985,415,1,15.02,1
CUST_02986,517,1,22.44,1
CUST_02987,259,1,22.21,0
CUST_02988,395,1,7.42,1
CUST_02989,78,1,13.63,0
CUST_02990,347,1,14.8,1
CUST_02991,214,2,73.16,0
CUST_02992,108,3,192.48,0
CUST_02993,19,2,50.14,0
CUST_02994,213,1,23.52,0
CUST_02995,130,3,137.13,0
CUST_02996,616,1,39.98,1
CUST_02997,95,1,9.28,0
CUST_02998,183,1,106.58,0
CUST_02999,502,1,10.9,1
CUST_03000,728,1,37.54,1
CUST_03001,23,39,801.46,0
CUST_03002,592,1,13.9,1
CUST_03003,220,1,8.22,0
CUST_03004,308,1,12.24,0
CUST_03005,334,1,9.97,0
CUST_03006,38,26,773.68,0
CUST_03007,719,1,4.02,1
CUST_03008,289,4,124.75,0
CUST_03009,406,1,10.58,1
CUST_03010,432,1,22.2,1
CUST_03011,305,3,29.49,0
CUST_03012,355,1,12.71,1
CUST_03013,12,1,5.86,0
CUST_03014,56,12,413.33,0
CUST_03015,69,4,437.92,0
CUST_03016,476,2,38.25,1
CUST_03017,284,2,66.55,0
CUST_03018,492,1,40.24,1
CUST_03019,48,21,650.04,0
CUST_03020,577,1,5.44,1
CUST_03021,111,2,19.61,0
CUST_03022,580,1,6.23,1
CUST_03023,420,1,89.64,1
CUST_03024,577,1,4.83,1
CUST_03025,46,7,751.28,0
CUST_03026,650,1,7.14,1
CUST_03027,133,1,4.73,0
CUST_03028,247,1,22.33,0
CUST_03029,223,1,96.13,0
CUST_03030,204,1,16.93,0
CUST_03031,138,8,192.76,0
CUST_03032,348,2,35.82,1
CUST_03033,154,1,19.76,0
CUST_03034,16,4,62.6,0
CUST_03035,37,1,22.63,0
CUST_03036,5,1,42.69,0
CUST_03037,192,1,20.57,0
CUST_03038,679,1,22.3,1
CUST_03039,261,1,7.6,0
CUST_03040,610,1,11.04,1
CUST_03041,177,1,13.84,0
CUST_03042,162,9,150.55,0
CUST_03043,90,2,259.16,0
CUST_03044,143,1,11.5,0
CUST_03045,118,1,6.67,0
CUST_03046,612,1,40.84,1
CUST_03047,658,1,70.94,1
CUST_03048,282,1,26.38,0
CUST_03049,695,1,12.06,1
CUST_03050,483,1,35.86,1
CUST_03051,382,1,152.15,1
CUST_03052,38,1,27.9,0
CUST_03053,277,2,66.08,0
CUST_03054,0,29,1022.75,0
CUST_03055,706,1,9.58,1
CUST_03056,46,1,20.97,0
CUST_03057,547,1,5.44,1
CUST_03058,372,1,17.09,1
CUST_03059,107,3,205.36,0
CUST_03060,190,3,61.67,0
CUST_03061,629,1,9.11,1
CUST_03062,366,3,59.56,1
CUST_03063,3,46,1667.63,0
CUST_03064,5,13,350.54,0
CUST_03065,521,1,23.74,1
CUST_03066,472,1,12.11,1
CUST_03067,631,1,34.0,1
CUST_03068,134,1,1.45,0
CUST_03069,317,2,16.8,0
CUST_03070,185,1,35.88,0
CUST_03071,373,1,40.91,1
CUST_03072,71,4,135.82,0
CUST_03073,115,1,3.17,0
CUST_03074,447,1,21.79,1
CUST_03075,149,6,374.65,0
CUST_03076,639,1,2.05,1
CUST_03077,368,1,92.58,1
CUST_03078,98,1,14.67,0
CUST_03079,240,1,12.66,0
CUST_03080,534,1,26.43,1
CUST_03081,582,2,17.169999999999998,1
CUST_03082,129,1,8.69,0
CUST_03083,390,1,23.15,1
CUST_03084,153,1,83.52,0
CUST_03085,564,1,55.38,1
CUST_03086,124,3,47.47,0
CUST_03087,153,1,29.8,0
CUST_03088,52,2,62.75,0
CUST_03089,491,1,93.57,1
CUST_03090,513,1,12.55,1
CUST_03091,266,1,25.78,0
CUST_03092,168,1,67.99,0
CUST_03093,191,3,86.92999999999999,0
CUST_03094,112,1,97.58,0
CUST_03095,473,1,172.0,1
CUST_03096,80,2,45.3,0
CUST_03097,118,2,50.46,0
CUST_03098,218,6,190.82,0
CUST_03099,216,4,272.53000000000003,1
CUST_03100,124,1,26.25,0
CUST_03101,410,1,38.32,1
CUST_03102,28,38,1646.31,0
CUST_03103,315,1,18.89,0
CUST_03104,287,4,110.53,0
CUST_03105,140,2,31.020000000000003,0
CUST_03106,168,1,10.08,0
CUST_03107,513,1,14.5,1
CUST_03108,631,1,17.02,1
CUST_03109,99,7,292.25,0
CUST_03110,661,1,62.52,1
CUST_03111,20,1,13.26,0
CUST_03112,352,1,29.35,1
CUST_03113,0,14,506.23,0
CUST_03114,663,1,76.36,1
CUST_03115,36,2,28.99,0
CUST_03116,614,1,11.31,1
CUST_03117,68,1,50.14,0
CUST_03118,312,2,64.72,1
CUST_03119,106,12,524.67,0
CUST_03120,255,1,28.68,0
CUST_03121,118,3,219.64,0
CUST_03122,132,1,26.55,0
CUST_03123,64,5,163.37,0
CUST_03124,7,1,14.66,0
CUST_03125,89,4,64.84,0
CUST_03126,149,5,127.79,0
CUST_03127,235,5,127.54,0
CUST_03128,416,1,5.81,1
CUST_03129,642,1,19.91,1
CUST_03130,213,1,13.13,0
CUST_03131,366,1,13.68,1
CUST_03132,28,10,387.7,0
CUST_03133,25,1,43.86,0
CUST_03134,452,1,17.08,1
CUST_03135,639,1,2.45,1
CUST_03136,311,1,10.36,0
CUST_03137,258,1,169.75,1
CUST_03138,643,1,21.0,1
CUST_03139,85,2,72.96000000000001,0
CUST_03140,475,1,32.71,1
CUST_03141,134,2,60.63,0
CUST_03142,415,1,30.94,1
CUST_03143,192,2,25.130000000000003,0
CUST_03144,65,8,263.66,0
CUST_03145,340,3,22.75,1
CUST_03146,108,3,45.540000000000006,0
CUST_03147,290,2,26.33,0
CUST_03148,221,1,5.48,0
CUST_03149,149,1,16.16,0
CUST_03150,372,2,150.43,1
CUST_03151,484,1,10.12,1
CUST_03152,284,2,79.03999999999999,0
CUST_03153,49,11,424.48,0
CUST_03154,243,3,72.87,0
CUST_03155,138,7,210.64,0
CUST_03156,298,1,39.23,0
CUST_03157,413,1,55.0,1
CUST_03158,651,1,61.3,1
CUST_03159,555,1,160.49,1
CUST_03160,53,10,442.91,0
CUST_03161,109,3,83.35,0
CUST_03162,31,2,194.53,0
CUST_03163,67,6,156.84,0
CUST_03164,512,1,28.32,1
CUST_03165,484,1,131.43,1
CUST_03166,45,1,16.65,0
CUST_03167,181,1,20.5,0
CUST_03168,368,1,6.52,1
CUST_03169,108,2,6.0,0
CUST_03170,591,1,21.75,1
CUST_03171,7,8,259.01,0
CUST_03172,136,1,6.69,0
CUST_03173,184,3,27.61,0
CUST_03174,382,1,20.1,1
CUST_03175,401,1,46.15,1
CUST_03176,79,1,39.66,0
CUST_03177,276,1,5.34,0
CUST_03178,156,5,111.8,0
CUST_03179,295,2,63.82,0
CUST_03180,710,1,13.41,1
CUST_03181,499,1,52.64,1
CUST_03182,14,20,1111.22,0
CUST_03183,78,1,53.11,0
CUST_03184,462,1,11.28,1
CUST_03185,115,2,26.77,0
CUST_03186,267,3,52.79,0
CUST_03187,233,1,9.56,0
CUST_03188,325,2,129.25,1
CUST_03189,422,1,32.96,1
CUST_03190,182,3,48.75,0
CUST_03191,394,1,28.61,1
CUST_03192,167,2,64.99,0
CUST_03193,422,1,21.85,1
CUST_03194,121,1,7.98,0
CUST_03195,39,3,73.12,0
CUST_03196,24,1,13.2,0
CUST_03197,218,2,14.57,0
CUST_03198,380,1,36.37,1
CUST_03199,226,3,146.38,0
CUST_03200,652,1,118.66,1
CUST_03201,160,1,5.28,0
CUST_03202,361,1,54.42,1
CUST_03203,291,6,116.42,0
CUST_03204,391,1,77.33,1
CUST_03205,61,19,480.38,0
CUST_03206,423,2,185.98,1
CUST_03207,175,1,13.79,0
CUST_03208,132,2,27.0,0
CUST_03209,593,1,40.73,1
CUST_03210,112,1,11.97,0
CUST_03211,580,1,6.31,1
CUST_03212,463,1,13.02,1
CUST_03213,145,1,45.23,0
CUST_03214,204,4,184.83,0
CUST_03215,224,1,7.82,0
CUST_03216,599,1,25.84,1
CUST_03217,605,1,9.48,1
CUST_03218,4,11,394.87,0
CUST_03219,327,1,27.0,0
CUST_03220,15,3,269.72,0
CUST_03221,169,5,121.08,0
CUST_03222,251,3,103.66,0
CUST_03223,321,1,6.29,0
CUST_03224,339,1,5.01,0
CUST_03225,73,1,11.95,0
CUST_03226,15,1,3.2,0
CUST_03227,45,6,250.43,0
CUST_03228,586,1,2.1,1
CUST_03229,168,3,125.66,0
CUST_03230,74,1,28.65,0
CUST_03231,70,1,8.29,0
CUST_03232,27,3,85.14,0
CUST_03233,681,1,5.62,1
CUST_03234,659,1,7.01,1
CUST_03235,175,1,104.66,0
CUST_03236,1,3,30.54,0
CUST_03237,604,1,8.96,1
CUST_03238,241,1,104.31,0
CUST_03239,97,10,193.53,0
CUST_03240,12,3,94.4,0
CUST_03241,245,1,49.12,0
CUST_03242,413,1,5.31,1
CUST_03243,342,1,12.07,0
CUST_03244,143,1,6.84,0
CUST_03245,45,44,1874.45,0
CUST_03246,446,2,25.1,1
CUST_03247,401,1,23.33,1
CUST_03248,279,1,24.81,0
CUST_03249,410,1,8.12,1
CUST_03250,290,1,135.9,0
CUST_03251,283,1,47.18,0
CUST_03252,261,1,39.35,0
CUST_03253,216,1,10.44,0
CUST_03254,494,1,7.33,1
CUST_03255,659,1,2.24,1
CUST_03256,549,1,23.52,1
CUST_03257,345,1,10.85,0
CUST_03258,658,1,22.73,1
CUST_03259,146,2,57.25,0
CUST_03260,40,18,471.36,0
CUST_03261,199,2,9.09,0
CUST_03262,538,1,20.15,1
CUST_03263,579,1,231.67,1
CUST_03264,343,1,8.28,0
CUST_03265,653,1,19.46,1
CUST_03266,65,5,129.04,0
CUST_03267,700,1,17.53,1
CUST_03268,486,3,83.02,1
CUST_03269,476,3,184.3,1
CUST_03270,248,2,26.28,0
CUST_03271,6,1,7.81,0
CUST_03272,629,1,7.78,1
CUST_03273,241,1,15.91,0
CUST_03274,36,1,38.9,0
CUST_03275,705,1,17.65,1
CUST_03276,83,12,691.9,0
CUST_03277,200,1,2.05,0
CUST_03278,499,2,67.87,1
CUST_03279,94,9,350.35,0
CUST_03280,181,3,114.52,0
CUST_03281,61,4,48.3,0
CUST_03282,2,2,35.08,0
CUST_03283,193,7,149.52,0
CUST_03284,53,1,8.0,0
CUST_03285,325,1,10.78,0
CUST_03286,16,1,19.77,0
CUST_03287,711,1,103.09,1
CUST_03288,137,6,140.43,0
CUST_03289,23,6,231.59,0
CUST_03290,506,1,21.6,1
CUST_03291,314,1,69.64,1
CUST_03292,247,1,2.43,0
CUST_03293,418,1,32.92,1
CUST_03294,122,1,10.91,0
CUST_03295,674,1,21.63,1
CUST_03296,608,1,8.02,1
CUST_03297,168,4,161.5,0
CUST_03298,128,2,65.67,0
CUST_03299,529,1,17.41,1
CUST_03300,183,7,122.84,0
CUST_03301,103,1,54.51,0
CUST_03302,192,1,14.99,0
CUST_03303,103,3,58.79,0
CUST_03304,64,1,30.01,0
CUST_03305,174,2,93.72,0
CUST_03306,505,2,67.72,1
CUST_03307,730,1,7.44,1
CUST_03308,502,1,47.08,1
CUST_03309,504,1,24.2,1
CUST_03310,707,1,44.63,1
CUST_03311,36,31,1424.37,0
CUST_03312,371,1,34.11,1
CUST_03313,76,5,177.28,0
CUST_03314,525,1,23.8,1
CUST_03315,30,1,20.54,0
CUST_03316,227,1,22.1,0
CUST_03317,7,2,52.28,0
CUST_03318,259,4,61.97,0
CUST_03319,6,10,288.31,0
CUST_03320,0,82,2211.26,0
CUST_03321,421,1,20.59,1
CUST_03322,257,1,16.89,0
CUST_03323,390,2,56.31,1
CUST_03324,311,1,9.95,0
CUST_03325,342,4,162.25,1
CUST_03326,645,1,24.51,1
CUST_03327,6,35,943.41,0
CUST_03328,351,3,57.49,1
CUST_03329,622,1,37.92,1
CUST_03330,332,1,6.78,0
CUST_03331,222,2,30.64,0
CUST_03332,127,5,91.84,0
CUST_03333,231,1,22.53,0
CUST_03334,111,1,123.01,0
CUST_03335,19,1,15.33,0
CUST_03336,644,1,21.51,1
CUST_03337,145,4,59.24,0
CUST_03338,430,1,1.0,1
CUST_03339,12,1,16.74,0
CUST_03340,624,1,677.2,1
CUST_03341,56,1,50.33,0
CUST_03342,150,3,32.57,0
CUST_03343,638,1,7.3,1
CUST_03344,551,1,26.5,1
CUST_03345,189,1,26.99,0
CUST_03346,207,1,9.29,0
CUST_03347,107,1,37.0,0
CUST_03348,50,1,31.08,0
CUST_03349,402,1,23.51,1
CUST_03350,109,5,137.62,0
CUST_03351,361,1,19.26,1
CUST_03352,398,2,128.86,1
CUST_03353,306,1,2.6,0
CUST_03354,142,1,17.47,0
CUST_03355,66,22,1085.02,0
CUST_03356,46,1,28.19,0
CUST_03357,79,3,25.8,0
CUST_03358,483,3,42.33,1
CUST_03359,307,1,91.38,1
CUST_03360,48,3,29.67,0
CUST_03361,114,1,18.67,0
CUST_03362,269,1,10.79,0
CUST_03363,275,1,44.55,0
CUST_03364,324,1,48.16,0
CUST_03365,215,1,22.59,0
CUST_03366,714,1,7.52,1
CUST_03367,103,5,176.15,0
CUST_03368,54,10,326.69,0
CUST_03369,387,3,60.77,1
CUST_03370,129,7,167.18,0
CUST_03371,133,1,77.38,0
CUST_03372,4,1,10.91,0
CUST_03373,516,1,20.74,1
CUST_03374,158,3,191.49,0
CUST_03375,265,1,31.54,0
CUST_03376,669,1,30.0,1
CUST_03377,89,7,226.36,0
CUST_03378,143,1,28.57,0
CUST_03379,153,1,7.82,0
CUST_03380,9,1,39.12,0
CUST_03381,407,3,7.04,1
CUST_03382,67,4,65.33,0
CUST_03383,455,2,7.68,1
CUST_03384,1,17,838.99,0
CUST_03385,3,11,420.94,0
CUST_03386,441,2,76.91,1
CUST_03387,285,1,9.0,0
CUST_03388,275,1,18.2,0
CUST_03389,409,1,10.0,1
CUST_03390,382,3,42.3,1
CUST_03391,26,16,506.89,0
CUST_03392,23,2,133.12,0
CUST_03393,198,4,154.52,0
CUST_03394,171,1,115.85,0
CUST_03395,208,3,25.55,0
CUST_03396,49,3,154.45000000000002,0
CUST_03397,31,1,34.98,0
CUST_03398,291,1,65.12,0
CUST_03399,18,4,182.15,0
CUST_03400,485,2,60.81,1
CUST_03401,291,1,7.07,0
CUST_03402,26,1,21.74,0
CUST_03403,110,1,3.34,0
CUST_03404,319,1,27.06,0
CUST_03405,479,1,29.03,1
CUST_03406,679,1,42.86,1
CUST_03407,33,2,50.52,0
CUST_03408,44,3,66.07,0
CUST_03409,573,1,7.75,1
CUST_03410,627,1,13.67,1
CUST_03411,449,1,54.3,1
CUST_03412,217,2,17.919999999999998,0
CUST_03413,318,2,96.43,1
CUST_03414,65,2,13.329999999999998,0
CUST_03415,127,1,28.45,0
CUST_03416,392,1,11.96,1
CUST_03417,312,1,32.07,0
CUST_03418,13,3,117.07,0
CUST_03419,108,1,14.54,0
CUST_03420,64,4,52.14,0
CUST_03421,110,1,10.71,0
CUST_03422,474,1,9.62,1
CUST_03423,334,1,7.4,0
CUST_03424,342,1,31.41,1
CUST_03425,327,1,11.87,0
CUST_03426,447,1,14.2,1
CUST_03427,186,1,12.15,0
CUST_03428,430,1,6.26,1
CUST_03429,85,4,77.47999999999999,0
CUST_03430,96,2,13.579999999999998,0
CUST_03431,196,1,31.34,0
CUST_03432,692,1,52.02,1
CUST_03433,709,1,11.38,1
CUST_03434,164,1,39.58,0
CUST_03435,38,10,281.5,0
CUST_03436,119,3,146.11,0
CUST_03437,564,2,222.41,1
CUST_03438,345,1,7.09,0
CUST_03439,5,2,10.53,0
CUST_03440,219,1,9.73,0
CUST_03441,712,1,12.67,1
CUST_03442,329,2,51.05,0
CUST_03443,46,3,63.93,0
CUST_03444,159,3,101.02,0
CUST_03445,558,2,15.06,1
CUST_03446,172,1,22.41,0
CUST_03447,225,2,86.15,0
CUST_03448,580,1,3.18,1
CUST_03449,194,1,67.37,0
CUST_03450,235,1,5.89,0
CUST_03451,390,1,38.98,1
CUST_03452,672,1,17.63,1
CUST_03453,343,1,40.92,1
CUST_03454,209,2,48.010000000000005,0
CUST_03455,635,1,8.79,1
CUST_03456,14,35,911.05,0
CUST_03457,415,1,9.54,1
CUST_03458,232,1,32.41,0
CUST_03459,382,1,23.57,1
CUST_03460,161,1,10.83,0
CUST_03461,693,1,9.53,1
CUST_03462,81,1,22.3,0
CUST_03463,449,1,27.3,1
CUST_03464,726,1,4.88,1
CUST_03465,40,6,260.25,0
CUST_03466,6,27,1028.09,0
CUST_03467,89,7,150.07,0
CUST_03468,114,1,90.49,0
CUST_03469,476,1,15.3,1
CUST_03470,453,1,99.52,1
CUST_03471,89,15,596.77,0
CUST_03472,345,1,27.83,1
CUST_03473,558,1,34.17,1
CUST_03474,187,1,47.53,0
CUST_03475,98,3,235.98,0
CUST_03476,133,3,98.45,0
CUST_03477,337,1,5.96,0
CUST_03478,26,3,125.64,0
CUST_03479,106,1,8.2,0
CUST_03480,571,1,22.07,1
CUST_03481,164,4,307.1,1
CUST_03482,267,1,7.17,0
CUST_03483,85,1,4.84,0
CUST_03484,408,1,5.88,1
CUST_03485,103,11,464.52,0
CUST_03486,160,1,51.9,0
CUST_03487,134,1,14.38,0
CUST_03488,405,1,20.89,1
CUST_03489,6,10,451.28,0
CUST_03490,344,1,49.58,1
CUST_03491,119,1,23.68,0
CUST_03492,652,1,33.78,1
CUST_03493,49,7,104.54,0
CUST_03494,492,1,60.88,1
CUST_03495,690,1,95.93,1
CUST_03496,293,1,21.52,0
CUST_03497,638,1,13.82,1
CUST_03498,35,4,227.25,0
CUST_03499,29,1,80.88,0
CUST_03500,505,1,35.63,1
CUST_03501,125,1,61.51,0
CUST_03502,344,1,12.86,0
CUST_03503,625,1,22.91,1
CUST_03504,544,1,6.58,1
CUST_03505,83,7,213.59,0
CUST_03506,286,9,287.18,1
CUST_03507,414,1,3.37,1
CUST_03508,106,2,35.08,0
CUST_03509,435,1,5.64,1
CUST_03510,22,1,16.27,0
CUST_03511,545,2,314.1,1
CUST_03512,430,1,4.34,1
CUST_03513,43,1,27.88,0
CUST_03514,208,3,62.92,0
CUST_03515,246,1,80.46,0
CUST_03516,655,1,128.23,1
CUST_03517,571,1,63.29,1
CUST_03518,136,1,38.43,0
CUST_03519,668,1,42.98,1
CUST_03520,3,19,645.45,0
CUST_03521,519,1,20.02,1
CUST_03522,662,1,164.8,1
CUST_03523,150,2,9.35,0
CUST_03524,200,1,64.93,0
CUST_03525,222,1,15.4,0
CUST_03526,58,8,258.02,0
CUST_03527,10,2,37.96,0
CUST_03528,100,1,124.33,0
CUST_03529,564,1,24.01,1
CUST_03530,76,1,12.77,0
CUST_03531,249,4,128.55,0
CUST_03532,467,1,62.52,1
CUST_03533,481,1,4.71,1
CUST_03534,389,1,4.61,1
CUST_03535,265,1,13.36,0
CUST_03536,34,27,905.98,0
CUST_03537,556,1,9.32,1
CUST_03538,364,1,41.79,1
CUST_03539,196,1,3.35,0
CUST_03540,7,1,5.71,0
CUST_03541,479,1,22.06,1
CUST_03542,373,2,31.81,1
CUST_03543,162,10,208.78,0
CUST_03544,511,1,14.45,1
CUST_03545,81,9,205.77,0
CUST_03546,9,1,11.32,0
CUST_03547,198,2,20.06,0
CUST_03548,626,1,4.79,1
CUST_03549,193,1,77.65,0
CUST_03550,58,8,171.6,0
CUST_03551,473,1,35.72,1
CUST_03552,205,1,86.55,0
CUST_03553,722,1,72.66,1
CUST_03554,514,1,7.09,1
CUST_03555,503,1,18.53,1
CUST_03556,729,1,58.32,1
CUST_03557,675,1,12.77,1
CUST_03558,9,5,109.51,0
CUST_03559,163,1,11.66,0
CUST_03560,331,1,7.95,0
CUST_03561,139,2,29.74,0
CUST_03562,45,8,219.17,0
CUST_03563,27,1,13.31,0
CUST_03564,12,4,68.83,0
CUST_03565,53,3,62.05,0
CUST_03566,71,1,3.06,0
CUST_03567,543,1,44.99,1
CUST_03568,208,1,13.33,0
CUST_03569,484,1,5.46,1
CUST_03570,325,1,107.13,1
CUST_03571,141,3,91.35,0
CUST_03572,2,3,81.71000000000001,0
CUST_03573,200,1,2.11,0
CUST_03574,618,1,16.53,1
CUST_03575,205,2,53.35,0
CUST_03576,402,1,41.07,1
CUST_03577,41,1,17.74,0
CUST_03578,32,1,15.33,0
CUST_03579,20,1,26.61,0
CUST_03580,26,6,236.77,0
CUST_03581,3,1,39.09,0
CUST_03582,595,1,33.72,1
CUST_03583,620,1,4.02,1
CUST_03584,181,2,14.19,0
CUST_03585,618,1,19.63,1
CUST_03586,712,1,170.98,1
CUST_03587,528,1,12.92,1
CUST_03588,264,4,146.45999999999998,0
CUST_03589,551,1,13.87,1
CUST_03590,513,1,28.77,1
CUST_03591,20,1,13.3,0
CUST_03592,0,24,1007.25,0
CUST_03593,165,4,108.89,0
CUST_03594,409,1,29.06,1
CUST_03595,186,1,326.48,0
CUST_03596,357,1,27.47,1
CUST_03597,440,1,9.45,1
CUST_03598,294,1,7.83,0
CUST_03599,605,1,13.64,1
CUST_03600,281,3,71.37,0
CUST_03601,458,1,7.44,1
CUST_03602,229,7,178.03,0
CUST_03603,190,2,154.86,0
CUST_03604,307,1,4.13,0
CUST_03605,649,1,103.42,1
CUST_03606,451,1,16.62,1
CUST_03607,88,2,105.45,0
CUST_03608,224,5,150.23,0
CUST_03609,561,1,5.39,1
CUST_03610,366,1,5.67,1
CUST_03611,49,3,86.06,0
CUST_03612,95,2,28.81,0
CUST_03613,52,1,43.3,0
CUST_03614,194,1,1.63,0
CUST_03615,589,1,2.69,1
CUST_03616,343,1,15.0,0
CUST_03617,573,1,13.87,1
CUST_03618,134,1,23.11,0
CUST_03619,154,1,10.03,0
CUST_03620,149,1,15.77,0
CUST_03621,57,1,95.72,0
CUST_03622,464,1,53.06,1
CUST_03623,425,1,7.76,1
CUST_03624,46,6,196.06,0
CUST_03625,299,2,59.75,0
CUST_03626,350,1,10.67,1
CUST_03627,152,2,14.39,0
CUST_03628,551,2,5.17,1
CUST_03629,701,1,1.86,1
CUST_03630,211,1,13.47,0
CUST_03631,210,1,242.13,1
CUST_03632,77,1,32.26,0
CUST_03633,457,1,52.36,1
CUST_03634,300,1,4.89,0
CUST_03635,192,1,83.5,0
CUST_03636,61,1,1.84,0
CUST_03637,591,1,3.35,1
CUST_03638,667,1,11.83,1
CUST_03639,460,1,55.85,1
CUST_03640,724,1,83.62,1
CUST_03641,338,2,70.1,1
CUST_03642,729,1,7.04,1
CUST_03643,309,1,23.12,0
CUST_03644,135,1,6.3,0
CUST_03645,580,1,13.49,1
CUST_03646,484,2,43.33,1
CUST_03647,464,1,8.48,1
CUST_03648,696,1,75.37,1
CUST_03649,262,3,148.57,0
CUST_03650,612,1,15.01,1
CUST_03651,48,9,573.1,0
CUST_03652,62,1,15.97,0
CUST_03653,338,1,8.84,0
CUST_03654,528,1,14.86,1
CUST_03655,473,1,7.56,1
CUST_03656,353,1,33.45,1
CUST_03657,290,1,31.93,0
CUST_03658,82,11,337.79,0
CUST_03659,463,1,40.23,1
CUST_03660,538,1,6.7,1
CUST_03661,184,8,436.34,0
CUST_03662,585,1,19.38,1
CUST_03663,549,1,7.97,1
CUST_03664,260,2,88.95,0
CUST_03665,217,1,8.53,0
CUST_03666,325,6,117.57,1
CUST_03667,171,1,72.35,0
CUST_03668,0,87,3065.33,0
CUST_03669,28,8,446.24,0
CUST_03670,130,1,10.43,0
CUST_03671,679,1,7.29,1
CUST_03672,21,2,50.7,0
CUST_03673,226,3,83.34,0
CUST_03674,435,2,83.85,1
CUST_03675,65,6,302.3,0
CUST_03676,31,1,6.23,0
CUST_03677,65,1,40.41,0
CUST_03678,24,1,43.69,0
CUST_03679,2,3,136.38,0
CUST_03680,512,1,22.93,1
CUST_03681,48,2,103.82,0
CUST_03682,154,3,70.75,0
CUST_03683,21,1,92.97,0
CUST_03684,645,1,36.2,1
CUST_03685,210,1,13.55,0
CUST_03686,96,12,523.22,0
CUST_03687,226,1,17.19,0
CUST_03688,85,10,431.38,0
CUST_03689,376,1,20.63,1
CUST_03690,105,2,34.650000000000006,0
CUST_03691,27,12,340.15000000000003,0
CUST_03692,362,1,7.1,1
CUST_03693,283,2,103.09,1
CUST_03694,283,1,5.06,0
CUST_03695,697,1,93.54,1
CUST_03696,234,1,57.41,0
CUST_03697,141,1,9.0,0
CUST_03698,180,1,115.72,0
CUST_03699,200,1,50.23,0
CUST_03700,460,2,15.21,1
CUST_03701,199,1,7.88,0
CUST_03702,214,1,91.98,0
CUST_03703,665,1,27.44,1
CUST_03704,543,1,46.27,1
CUST_03705,64,18,640.0699999999999,0
CUST_03706,128,1,3.17,0
CUST_03707,629,1,34.35,1
CUST_03708,76,1,31.43,0
CUST_03709,522,1,23.24,1
CUST_03710,79,7,177.58,0
CUST_03711,183,5,118.84,0
CUST_03712,123,3,21.96,0
CUST_03713,29,2,37.47,0
CUST_03714,438,1,12.47,1
CUST_03715,496,1,13.93,1
CUST_03716,381,1,4.96,1
CUST_03717,524,1,7.24,1
CUST_03718,121,3,75.55,0
CUST_03719,180,2,70.52,0
CUST_03720,65,11,209.21,0
CUST_03721,100,6,140.64,0
CUST_03722,122,1,103.9,0
CUST_03723,729,1,36.64,1
CUST_03724,177,7,124.7,0
CUST_03725,166,8,210.99,0
CUST_03726,649,1,7.86,1
CUST_03727,6,9,118.86,0
CUST_03728,361,2,51.22,1
CUST_03729,614,1,39.15,1
CUST_03730,39,11,205.07,0
CUST_03731,38,8,292.2,0
CUST_03732,174,3,193.22,0
CUST_03733,557,2,15.55,1
CUST_03734,170,2,323.89,0
CUST_03735,172,1,31.6,0
CUST_03736,156,1,10.32,0
CUST_03737,36,1,76.79,0
CUST_03738,569,1,6.99,1
CUST_03739,203,1,14.32,0
CUST_03740,672,1,2.77,1
CUST_03741,185,1,65.69,0
CUST_03742,685,1,13.11,1
CUST_03743,479,2,60.440000000000005,1
CUST_03744,599,1,20.2,1
CUST_03745,342,1,5.19,0
CUST_03746,234,1,16.3,0
CUST_03747,35,1,6.38,0
CUST_03748,279,1,8.81,0
CUST_03749,188,1,8.1,0
CUST_03750,433,1,19.49,1
CUST_03751,385,3,74.15,1
CUST_03752,389,2,14.41,1
CUST_03753,332,5,99.48,1
CUST_03754,75,1,12.79,0
CUST_03755,399,2,32.74,1
CUST_03756,579,1,8.08,1
CUST_03757,23,3,151.75,0
CUST_03758,247,1,14.65,0
CUST_03759,438,1,10.03,1
CUST_03760,105,11,320.42,0
CUST_03761,568,1,12.44,1
CUST_03762,237,1,172.53,0
CUST_03763,20,6,117.23,0
CUST_03764,6,1,2.78,0
CUST_03765,553,1,15.46,1
CUST_03766,602,1,48.02,1
CUST_03767,124,1,5.31,0
CUST_03768,489,1,17.64,1
CUST_03769,503,1,46.15,1
CUST_03770,323,5,117.57,1
CUST_03771,141,9,407.02,0
CUST_03772,495,1,29.14,1
CUST_03773,375,1,6.37,1
CUST_03774,88,1,4.79,0
CUST_03775,130,1,57.53,0
CUST_03776,192,2,44.31,0
CUST_03777,670,1,7.53,1
CUST_03778,307,1,19.73,0
CUST_03779,242,2,46.86,0
CUST_03780,500,2,27.4,1
CUST_03781,265,1,117.91,0
CUST_03782,307,1,38.26,0
CUST_03783,0,138,5371.61,0
CUST_03784,111,3,50.39,0
CUST_03785,9,1,6.21,0
CUST_03786,49,4,61.03,0
CUST_03787,589,1,32.95,1
CUST_03788,390,4,67.96000000000001,1
CUST_03789,565,1,7.28,1
CUST_03790,645,1,26.52,1
CUST_03791,508,1,24.36,1
CUST_03792,314,1,1.71,0
CUST_03793,51,18,601.17,0
CUST_03794,662,1,13.68,1
CUST_03795,508,1,59.25,1
CUST_03796,446,1,29.58,1
CUST_03797,609,1,23.65,1
CUST_03798,274,1,63.41,0
CUST_03799,468,3,167.57,1
CUST_03800,90,4,114.57,0
CUST_03801,32,3,105.33,0
CUST_03802,6,1,14.55,0
CUST_03803,525,1,9.91,1
CUST_03804,389,2,203.8,1
CUST_03805,170,1,4.26,0
CUST_03806,14,2,49.4,0
CUST_03807,634,1,27.38,1
CUST_03808,76,20,521.51,0
CUST_03809,89,1,11.46,0
CUST_03810,51,1,18.83,0
CUST_03811,478,1,73.35,1
CUST_03812,606,1,10.27,1
CUST_03813,27,31,1376.03,0
CUST_03814,40,4,121.19,0
CUST_03815,256,1,4.85,0
CUST_03816,105,10,281.37,0
CUST_03817,169,3,35.86,0
CUST_03818,511,1,31.18,1
CUST_03819,179,2,31.74,0
CUST_03820,413,1,7.21,1
CUST_03821,8,19,758.05,0
CUST_03822,659,1,40.5,1
CUST_03823,658,1,20.58,1
CUST_03824,203,1,5.93,0
CUST_03825,692,1,50.83,1
CUST_03826,21,26,1048.33,0
CUST_03827,201,1,7.45,0
CUST_03828,174,1,11.78,0
CUST_03829,544,1,14.74,1
CUST_03830,136,1,3.69,0
CUST_03831,268,2,89.72,0
CUST_03832,359,1,53.9,1
CUST_03833,143,2,71.14,0
CUST_03834,39,1,27.76,0
CUST_03835,10,6,296.73,0
CUST_03836,7,8,205.27,0
CUST_03837,254,1,23.34,0
CUST_03838,1,1,55.69,0
CUST_03839,519,1,11.25,1
CUST_03840,21,3,186.63,0
CUST_03841,422,1,40.51,1
CUST_03842,182,1,25.19,0
CUST_03843,647,1,12.35,1
CUST_03844,627,1,13.65,1
CUST_03845,8,6,164.8,0
CUST_03846,26,3,46.56,0
CUST_03847,482,3,33.15,1
CUST_03848,98,3,94.61,0
CUST_03849,674,1,7.48,1
CUST_03850,47,2,28.980000000000004,0
CUST_03851,445,1,3.13,1
CUST_03852,4,7,367.33,0
CUST_03853,559,1,19.59,1
CUST_03854,12,1,11.67,0
CUST_03855,214,6,71.82,0
CUST_03856,337,1,3.86,0
CUST_03857,266,2,33.900000000000006,0
CUST_03858,586,1,2.8,1
CUST_03859,279,1,14.07,0
CUST_03860,130,4,66.46,0
CUST_03861,253,1,6.18,0
CUST_03862,673,1,2.87,1
CUST_03863,485,1,12.19,1
CUST_03864,17,4,113.01,0
CUST_03865,163,2,41.34,0
CUST_03866,8,14,319.46,0
CUST_03867,88,13,526.42,0
CUST_03868,695,1,4.7,1
CUST_03869,28,41,1005.22,0
CUST_03870,259,1,13.74,0
CUST_03871,462,1,36.05,1
CUST_03872,63,1,6.46,0
CUST_03873,117,1,241.71,0
CUST_03874,43,11,357.07,0
CUST_03875,46,11,619.96,0
CUST_03876,467,1,81.64,1
CUST_03877,366,1,55.5,1
CUST_03878,275,1,120.97,0
CUST_03879,66,1,57.55,0
CUST_03880,70,1,8.63,0
CUST_03881,210,1,17.48,0
CUST_03882,196,1,6.11,0
CUST_03883,287,1,11.29,0
CUST_03884,165,1,48.2,0
CUST_03885,40,7,135.8,0
CUST_03886,167,1,3.37,0
CUST_03887,716,1,6.59,1
CUST_03888,142,3,101.12,0
CUST_03889,166,1,4.84,0
CUST_03890,612,1,20.88,1
CUST_03891,372,1,27.84,1
CUST_03892,228,2,103.95,0
CUST_03893,84,1,147.51,0
CUST_03894,62,7,217.66,0
CUST_03895,123,9,357.93,0
CUST_03896,489,1,7.23,1
CUST_03897,447,1,37.85,1
CUST_03898,4,3,58.21,0
CUST_03899,413,1,28.47,1
CUST_03900,52,2,25.28,0
CUST_03901,712,1,11.91,1
CUST_03902,264,1,6.57,0
CUST_03903,450,2,18.62,1
CUST_03904,477,1,53.25,1
CUST_03905,445,4,78.37,1
CUST_03906,447,1,6.76,1
CUST_03907,182,1,59.85,0
CUST_03908,260,7,168.54,1
CUST_03909,426,2,25.700000000000003,1
CUST_03910,472,1,72.02,1
CUST_03911,189,1,15.87,0
CUST_03912,380,1,28.57,1
CUST_03913,156,2,67.34,0
CUST_03914,285,2,14.76,0
CUST_03915,135,1,5.25,0
CUST_03916,206,1,29.82,0
CUST_03917,176,2,68.61,0
CUST_03918,182,1,144.82,0
CUST_03919,9,26,702.13,0
CUST_03920,454,1,19.25,1
CUST_03921,25,15,376.28,0
CUST_03922,719,1,16.6,1
CUST_03923,651,1,3.15,1
CUST_03924,460,1,11.07,1
CUST_03925,23,6,218.74,0
CUST_03926,24,14,740.03,0
CUST_03927,595,1,90.35,1
CUST_03928,441,1,22.42,1
CUST_03929,688,1,27.94,1
CUST_03930,626,1,28.92,1
CUST_03931,512,2,35.620000000000005,1
CUST_03932,260,1,52.84,0
CUST_03933,391,1,4.72,1
CUST_03934,161,1,43.13,0
CUST_03935,16,10,317.59,0
CUST_03936,370,1,8.61,1
CUST_03937,372,1,29.47,1
CUST_03938,188,1,16.69,0
CUST_03939,730,1,16.86,1
CUST_03940,373,1,70.71,1
CUST_03941,618,1,36.56,1
CUST_03942,536,1,6.78,1
CUST_03943,283,1,128.67,0
CUST_03944,140,1,31.75,0
CUST_03945,328,1,64.91,1
CUST_03946,478,1,20.11,1
CUST_03947,366,1,9.89,1
CUST_03948,62,1,13.26,0
CUST_03949,119,1,6.19,0
CUST_03950,609,1,11.16,1
CUST_03951,52,1,8.78,0
CUST_03952,162,1,34.18,0
CUST_03953,21,3,138.45,0
CUST_03954,55,3,215.97,0
CUST_03955,90,2,24.53,0
CUST_03956,499,1,14.77,1
CUST_03957,561,1,21.09,1
CUST_03958,631,1,268.13,1
CUST_03959,478,1,13.08,1
CUST_03960,344,1,10.82,0
CUST_03961,599,2,74.56,1
CUST_03962,255,1,43.52,0
CUST_03963,677,1,94.87,1
CUST_03964,318,1,835.34,0
CUST_03965,27,4,228.2,0
CUST_03966,340,1,8.32,0
CUST_03967,639,1,4.45,1
CUST_03968,352,1,13.4,1
CUST_03969,383,1,58.23,1
CUST_03970,78,4,54.16,0
CUST_03971,316,1,35.48,0
CUST_03972,276,1,103.62,0
CUST_03973,522,1,5.09,1
CUST_03974,102,3,203.04,0
CUST_03975,436,1,9.41,1
CUST_03976,33,1,142.15,0
CUST_03977,10,9,250.8,0
CUST_03978,127,2,80.3,0
CUST_03979,465,1,22.99,1
CUST_03980,46,1,19.94,0
CUST_03981,74,1,101.09,0
CUST_03982,669,1,7.62,1
CUST_03983,147,3,60.94,0
CUST_03984,216,1,15.48,0
CUST_03985,362,1,23.32,1
CUST_03986,279,1,38.95,0
CUST_03987,69,14,311.6,0
CUST_03988,2,71,2463.22,0
CUST_03989,678,1,6.71,1
CUST_03990,220,2,62.94,0
CUST_03991,68,1,63.32,0
CUST_03992,653,1,15.43,1
CUST_03993,579,1,55.48,1
CUST_03994,196,1,2.65,0
CUST_03995,57,1,33.19,0
CUST_03996,325,1,42.62,0
CUST_03997,616,1,7.43,1
CUST_03998,400,1,5.98,1
CUST_03999,6,2,49.15,0
CUST_04000,157,1,4.26,0
CUST_04001,85,8,213.94,0
CUST_04002,551,1,85.1,1
CUST_04003,508,1,26.11,1
CUST_04004,665,1,16.57,1
CUST_04005,204,1,7.38,0
CUST_04006,464,1,14.7,1
CUST_04007,1,4,218.13,0
CUST_04008,313,1,71.89,1
CUST_04009,202,6,184.01,0
CUST_04010,642,1,95.5,1
CUST_04011,85,4,57.84,0
CUST_04012,140,3,152.76,0
CUST_04013,51,1,13.77,0
CUST_04014,6,7,115.59,0
CUST_04015,34,1,6.55,0
CUST_04016,96,2,41.18,0
CUST_04017,210,1,28.83,0
CUST_04018,181,7,261.92,1
CUST_04019,527,1,51.32,1
CUST_04020,44,4,217.48,0
CUST_04021,109,3,89.52,0
CUST_04022,686,1,14.97,1
CUST_04023,12,20,755.01,0
CUST_04024,132,1,9.39,0
CUST_04025,446,3,42.21,1
CUST_04026,585,1,15.84,1
CUST_04027,124,22,736.47,0
CUST_04028,468,1,92.49,1
CUST_04029,135,5,240.22,0
CUST_04030,102,1,12.45,0
CUST_04031,132,1,20.23,0
CUST_04032,182,3,112.96,0
CUST_04033,133,5,201.06,0
CUST_04034,511,1,8.41,1
CUST_04035,133,5,138.49,0
CUST_04036,373,5,140.7,1
CUST_04037,122,1,3.65,0
CUST_04038,54,11,429.36,0
CUST_04039,721,1,68.21,1
CUST_04040,163,1,3.62,0
CUST_04041,486,2,57.0,1
CUST_04042,270,1,158.33,1
CUST_04043,10,1,12.7,0
CUST_04044,153,1,55.42,0
CUST_04045,573,1,95.57,1
CUST_04046,21,4,72.58,0
CUST_04047,476,1,33.64,1
CUST_04048,543,1,84.59,1
CUST_04049,97,5,201.85,0
CUST_04050,388,2,89.24000000000001,1
CUST_04051,109,3,112.46,0
CUST_04052,79,1,7.97,0
CUST_04053,489,1,4.34,1
CUST_04054,152,1,8.52,0
CUST_04055,442,1,38.32,1
CUST_04056,327,1,14.43,0
CUST_04057,314,1,4.23,0
CUST_04058,111,3,190.93,0
CUST_04059,10,3,113.31,0
CUST_04060,428,1,34.29,1
CUST_04061,543,1,22.98,1
CUST_04062,416,1,44.34,1
CUST_04063,343,1,14.0,0
CUST_04064,693,1,21.38,1
CUST_04065,443,1,7.33,1
CUST_04066,539,1,3.29,1
CUST_04067,73,7,82.61,0
CUST_04068,37,1,14.9,0
CUST_04069,64,6,163.32,0
CUST_04070,13,1,16.48,0
CUST_04071,589,1,10.35,1
CUST_04072,717,1,6.18,1
CUST_04073,74,10,170.51999999999998,0
CUST_04074,610,1,10.5,1
CUST_04075,581,1,9.07,1
CUST_04076,84,1,351.2,0
CUST_04077,475,1,8.16,1
CUST_04078,277,1,20.5,0
CUST_04079,173,1,52.69,0
CUST_04080,415,1,1.81,1
CUST_04081,439,1,3.24,1
CUST_04082,126,1,27.67,0
CUST_04083,116,3,44.11,0
CUST_04084,70,1,103.68,0
CUST_04085,5,5,141.55,0
CUST_04086,229,1,70.55,0
CUST_04087,649,1,14.18,1
CUST_04088,36,17,542.46,0
CUST_04089,312,1,13.17,0
CUST_04090,303,1,3.89,0
CUST_04091,587,1,141.35,1
CUST_04092,17,5,200.96,0
CUST_04093,355,1,9.92,1
CUST_04094,250,1,14.54,0
CUST_04095,327,1,18.52,0
CUST_04096,148,3,44.98,0
CUST_04097,11,1,2.32,0
CUST_04098,26,33,825.85,0
CUST_04099,695,1,3.56,1
CUST_04100,77,5,108.17,0
CUST_04101,101,3,85.59,0
CUST_04102,164,1,7.6,0
CUST_04103,461,1,7.77,1
CUST_04104,368,2,40.9,1
CUST_04105,146,2,102.78,0
CUST_04106,537,1,11.47,1
CUST_04107,524,1,29.08,1
CUST_04108,42,6,195.5,0
CUST_04109,42,22,748.15,0
CUST_04110,48,4,157.3,0
CUST_04111,111,16,454.48,0
CUST_04112,596,1,6.32,1
CUST_04113,416,2,34.41,1
CUST_04114,331,8,196.4,1
CUST_04115,446,1,20.46,1
CUST_04116,592,1,12.68,1
CUST_04117,116,14,499.68,0
CUST_04118,585,1,30.02,1
CUST_04119,589,1,90.31,1
CUST_04120,92,10,366.1,0
CUST_04121,45,6,148.57,0
CUST_04122,587,2,42.68000000000001,1
CUST_04123,38,1,10.43,0
CUST_04124,465,1,53.8,1
CUST_04125,622,2,40.94,1
CUST_04126,66,11,392.59,0
CUST_04127,291,1,21.2,0
CUST_04128,14,26,1184.68,0
CUST_04129,587,1,11.94,1
CUST_04130,5,1,30.94,0
CUST_04131,624,1,28.02,1
CUST_04132,555,1,6.38,1
CUST_04133,624,1,15.17,1
CUST_04134,402,2,179.47,1
CUST_04135,22,2,22.97,0
CUST_04136,11,26,810.56,0
CUST_04137,561,2,20.55,1
CUST_04138,48,5,65.18,0
CUST_04139,276,1,27.78,0
CUST_04140,12,12,285.68,0
CUST_04141,5,36,1069.72,0
CUST_04142,128,2,56.42,0
CUST_04143,718,1,2.85,1
CUST_04144,164,1,11.6,0
CUST_04145,517,2,90.52,1
CUST_04146,151,2,98.61,0
CUST_04147,16,3,92.7,0
CUST_04148,423,1,8.62,1
CUST_04149,252,1,9.38,0
CUST_04150,635,1,29.1,1
CUST_04151,548,2,115.12,1
CUST_04152,63,15,638.6700000000001,0
CUST_04153,354,4,231.01,1
CUST_04154,409,2,27.83,1
CUST_04155,121,5,156.07,0
CUST_04156,85,1,8.39,0
CUST_04157,470,1,14.69,1
CUST_04158,562,1,20.03,1
CUST_04159,386,1,75.0,1
CUST_04160,83,1,81.07,0
CUST_04161,41,6,168.23,0
CUST_04162,689,1,14.33,1
CUST_04163,435,1,56.53,1
CUST_04164,133,18,778.22,0
CUST_04165,193,1,13.81,0
CUST_04166,695,1,12.68,1
CUST_04167,203,1,8.04,0
CUST_04168,486,1,21.03,1
CUST_04169,35,6,106.12,0
CUST_04170,7,3,89.77000000000001,0
CUST_04171,80,10,365.56,0
CUST_04172,625,1,51.43,1
CUST_04173,388,1,5.0,1
CUST_04174,395,1,10.42,1
CUST_04175,258,1,3.08,0
CUST_04176,660,1,4.17,1
CUST_04177,467,1,63.98,1
CUST_04178,340,1,8.77,0
CUST_04179,133,1,39.33,0
CUST_04180,597,1,67.74,1
CUST_04181,342,1,43.38,1
CUST_04182,261,3,62.82,0
CUST_04183,699,1,18.76,1
CUST_04184,652,1,19.69,1
CUST_04185,43,6,230.88,0
CUST_04186,90,2,132.39,0
CUST_04187,0,4,50.75,0
CUST_04188,466,1,4.87,1
CUST_04189,4,56,2234.93,0
CUST_04190,640,1,15.72,1
CUST_04191,24,14,158.12,0
CUST_04192,122,1,16.57,0
CUST_04193,391,1,86.72,1
CUST_04194,458,2,86.1,1
CUST_04195,547,1,11.8,1
CUST_04196,88,1,14.15,0
CUST_04197,130,1,34.52,0
CUST_04198,474,1,41.16,1
CUST_04199,227,1,16.97,0
CUST_04200,517,1,39.81,1
CUST_04201,157,5,108.3,0
CUST_04202,111,1,10.88,0
CUST_04203,186,1,5.42,0
CUST_04204,503,4,114.98,1
CUST_04205,603,1,49.44,1
CUST_04206,77,5,332.1,0
CUST_04207,277,2,37.41,0
CUST_04208,343,1,17.1,1
CUST_04209,588,1,40.92,1
CUST_04210,483,2,154.24,1
CUST_04211,206,1,9.46,0
CUST_04212,173,1,9.04,0
CUST_04213,15,2,98.1,0
CUST_04214,680,1,28.74,1
CUST_04215,603,1,21.88,1
CUST_04216,28,4,129.46,0
CUST_04217,505,1,5.99,1
CUST_04218,286,1,50.37,0
CUST_04219,234,1,22.83,0
CUST_04220,148,2,21.85,0
CUST_04221,465,2,72.84,1
CUST_04222,431,3,140.73,1
CUST_04223,169,1,72.49,0
CUST_04224,442,1,56.53,1
CUST_04225,316,1,30.85,0
CUST_04226,190,1,31.44,0
CUST_04227,495,1,11.38,1
CUST_04228,6,7,169.83,0
CUST_04229,465,1,40.42,1
CUST_04230,54,3,60.36,0
CUST_04231,217,1,32.46,0
CUST_04232,26,17,782.32,0
CUST_04233,69,1,19.15,0
CUST_04234,38,6,205.94,0
CUST_04235,122,1,44.38,0
CUST_04236,376,1,8.58,1
CUST_04237,329,1,72.09,1
CUST_04238,321,3,169.11,1
CUST_04239,28,1,12.53,0
CUST_04240,563,1,4.44,1
CUST_04241,610,2,49.84,1
CUST_04242,224,1,12.83,0
CUST_04243,619,1,69.28,1
CUST_04244,0,96,2679.52,0
CUST_04245,53,1,7.95,0
CUST_04246,131,6,61.27,0
CUST_04247,200,1,5.27,0
CUST_04248,295,2,58.66,0
CUST_04249,143,3,142.87,0
CUST_04250,62,5,178.95,0
CUST_04251,170,1,29.63,0
CUST_04252,53,20,585.7,0
CUST_04253,385,1,70.32,1
CUST_04254,47,1,11.06,0
CUST_04255,702,1,17.56,1
CUST_04256,117,1,47.21,0
CUST_04257,170,1,21.79,0
CUST_04258,542,1,62.44,1
CUST_04259,255,1,4.58,0
CUST_04260,3,39,1521.35,0
CUST_04261,648,1,35.99,1
CUST_04262,143,5,146.37,0
CUST_04263,18,4,44.47,0
CUST_04264,125,1,21.81,0
CUST_04265,672,1,91.88,1
CUST_04266,333,1,50.49,0
CUST_04267,571,1,3.66,1
CUST_04268,56,1,45.23,0
CUST_04269,728,1,12.56,1
CUST_04270,416,1,33.44,1
CUST_04271,2,8,562.0,0
CUST_04272,576,1,121.31,1
CUST_04273,281,3,113.29,0
CUST_04274,503,2,6.39,1
CUST_04275,722,1,21.9,1
CUST_04276,209,9,228.9,1
CUST_04277,421,1,7.67,1
CUST_04278,428,1,10.23,1
CUST_04279,34,3,65.63,0
CUST_04280,212,1,29.6,0
CUST_04281,2,105,3541.57,0
CUST_04282,133,1,18.95,0
CUST_04283,337,1,23.08,1
CUST_04284,54,7,254.87,0
CUST_04285,121,4,169.81,0
CUST_04286,319,1,13.07,0
CUST_04287,446,1,19.12,1
CUST_04288,215,1,75.37,0
CUST_04289,499,1,8.08,1
CUST_04290,89,2,43.74,0
CUST_04291,105,2,61.06,0
CUST_04292,202,5,45.41,0
CUST_04293,107,1,16.06,0
CUST_04294,263,1,58.29,0
CUST_04295,20,5,133.82,0
CUST_04296,21,9,327.18,0
CUST_04297,181,4,96.49,0
CUST_04298,241,1,14.55,0
CUST_04299,45,4,217.33,0
CUST_04300,5,172,6398.2,0
CUST_04301,585,1,7.11,1
CUST_04302,79,1,149.32,0
CUST_04303,71,1,133.88,0
CUST_04304,348,3,153.77,1
CUST_04305,73,1,31.3,0
CUST_04306,290,1,5.03,0
CUST_04307,369,2,117.36,1
CUST_04308,154,10,454.19,0
CUST_04309,97,7,125.66,0
CUST_04310,161,4,175.95,0
CUST_04311,124,1,17.21,0
CUST_04312,10,3,30.81,0
CUST_04313,56,3,38.65,0
CUST_04314,86,1,12.12,0
CUST_04315,579,1,44.76,1
CUST_04316,686,1,58.67,1
CUST_04317,512,1,18.24,1
CUST_04318,111,1,16.69,0
CUST_04319,42,1,4.29,0
CUST_04320,154,1,2.74,0
CUST_04321,9,51,1308.45,0
CUST_04322,665,1,11.13,1
CUST_04323,20,6,143.29,0
CUST_04324,510,1,58.32,1
CUST_04325,159,1,17.08,0
CUST_04326,678,1,23.35,1
CUST_04327,170,1,18.21,0
CUST_04328,576,1,5.94,1
CUST_04329,241,1,73.88,0
CUST_04330,411,1,4.28,1
CUST_04331,59,16,772.03,0
CUST_04332,167,2,72.2,0
CUST_04333,229,2,142.82,0
CUST_04334,82,2,45.11,0
CUST_04335,145,3,44.69,0
CUST_04336,139,1,9.2,0
CUST_04337,711,1,30.47,1
CUST_04338,609,1,9.67,1
CUST_04339,134,6,115.76,0
CUST_04340,5,5,177.36,0
CUST_04341,28,1,3.12,0
CUST_04342,412,3,77.17999999999999,1
CUST_04343,502,1,62.47,1
CUST_04344,484,1,33.15,1
CUST_04345,638,1,20.13,1
CUST_04346,517,1,338.01,1
CUST_04347,94,8,357.11,0
CUST_04348,710,1,13.21,1
CUST_04349,695,1,11.45,1
CUST_04350,177,1,8.62,0
CUST_04351,186,1,52.99,0
CUST_04352,322,1,15.58,0
CUST_04353,435,1,8.34,1
CUST_04354,528,1,12.15,1
CUST_04355,155,1,8.85,0
CUST_04356,363,1,24.37,1
CUST_04357,305,1,56.57,0
CUST_04358,546,1,73.75,1
CUST_04359,466,1,9.41,1
CUST_04360,648,1,17.73,1
CUST_04361,78,6,215.2,0
CUST_04362,176,1,28.38,0
CUST_04363,17,1,52.25,0
CUST_04364,277,2,53.91,0
CUST_04365,217,12,406.13,0
CUST_04366,86,3,130.02,0
CUST_04367,363,2,18.29,1
CUST_04368,103,3,80.77000000000001,0
CUST_04369,46,9,444.48,0
CUST_04370,53,5,68.51,0
CUST_04371,443,2,423.41,1
CUST_04372,42,5,224.71,0
CUST_04373,113,1,16.85,0
CUST_04374,716,1,21.46,1
CUST_04375,273,1,5.53,0
CUST_04376,6,1,14.32,0
CUST_04377,102,1,71.96,0
CUST_04378,527,3,194.6,1
CUST_04379,517,1,48.52,1
CUST_04380,420,1,2.16,1
CUST_04381,526,1,7.03,1
CUST_04382,544,1,25.02,1
CUST_04383,100,9,326.98,0
CUST_04384,568,1,23.33,1
CUST_04385,16,1,30.41,0
CUST_04386,361,4,139.78,1
CUST_04387,395,2,18.54,1
CUST_04388,695,1,34.31,1
CUST_04389,227,2,58.97,0
CUST_04390,375,2,82.83,1
CUST_04391,12,33,781.5600000000001,0
CUST_04392,631,2,35.95,1
CUST_04393,420,1,8.64,1
CUST_04394,264,1,11.75,0
CUST_04395,667,1,26.82,1
CUST_04396,632,1,14.97,1
CUST_04397,14,7,215.19,0
CUST_04398,74,1,36.46,0
CUST_04399,114,2,75.93,0
CUST_04400,95,10,348.58000000000004,0
CUST_04401,272,1,5.98,0
CUST_04402,2,7,674.86,0
CUST_04403,460,1,19.78,1
CUST_04404,303,2,141.91,1
CUST_04405,289,1,34.01,0
CUST_04406,59,1,52.72,0
CUST_04407,188,2,33.02,0
CUST_04408,9,36,1066.49,0
CUST_04409,31,5,380.07,0
CUST_04410,4,5,316.24,0
CUST_04411,186,1,21.73,0
CUST_04412,277,1,33.69,0
CUST_04413,297,1,5.47,0
CUST_04414,261,1,15.75,0
CUST_04415,588,1,12.45,1
CUST_04416,709,1,39.62,1
CUST_04417,119,1,139.76,0
CUST_04418,263,1,3.52,0
CUST_04419,293,1,28.54,0
CUST_04420,544,2,11.9,1
CUST_04421,55,1,10.03,0
CUST_04422,298,1,30.52,0
CUST_04423,87,1,210.02,0
CUST_04424,411,1,55.33,1
CUST_04425,633,1,113.08,1
CUST_04426,386,2,24.75,1
CUST_04427,301,3,43.67,0
CUST_04428,276,4,168.64,1
CUST_04429,287,3,126.85,0
CUST_04430,20,1,7.7,0
CUST_04431,301,1,19.01,0
CUST_04432,142,1,21.48,0
CUST_04433,152,1,13.04,0
CUST_04434,12,3,84.97,0
CUST_04435,724,1,31.33,1
CUST_04436,232,1,23.53,0
CUST_04437,668,1,19.22,1
CUST_04438,436,1,26.9,1
CUST_04439,48,1,4.77,0
CUST_04440,27,5,131.36,0
CUST_04441,160,1,24.28,0
CUST_04442,173,1,37.23,0
CUST_04443,527,1,12.62,1
CUST_04444,177,1,59.66,0
CUST_04445,57,1,4.7,0
CUST_04446,160,1,14.9,0
CUST_04447,508,1,29.71,1
CUST_04448,225,1,3.47,0
CUST_04449,594,1,10.23,1
CUST_04450,152,2,25.98,0
CUST_04451,98,1,82.58,0
CUST_04452,677,1,11.03,1
CUST_04453,95,7,206.06,0
CUST_04454,216,2,24.090000000000003,0
CUST_04455,314,3,28.79,0
CUST_04456,8,5,55.28,0
CUST_04457,568,1,7.32,1
CUST_04458,216,4,154.99,0
CUST_04459,254,1,119.86,0
CUST_04460,612,1,10.69,1
CUST_04461,3,1,6.57,0
CUST_04462,15,12,385.7,0
CUST_04463,308,4,461.04,1
CUST_04464,416,1,10.69,1
CUST_04465,62,2,40.59,0
CUST_04466,340,1,4.19,0
CUST_04467,245,2,36.05,0
CUST_04468,375,1,18.52,1
CUST_04469,145,2,192.52,0
CUST_04470,702,1,7.99,1
CUST_04471,352,2,63.53,1
CUST_04472,113,1,8.42,0
CUST_04473,193,1,33.72,0
CUST_04474,44,6,177.01,0
CUST_04475,129,1,32.13,0
CUST_04476,20,1,47.91,0
CUST_04477,163,1,2.86,0
CUST_04478,140,1,63.58,0
CUST_04479,489,1,95.0,1
CUST_04480,1,1,19.9,0
CUST_04481,659,1,36.72,1
CUST_04482,84,1,19.83,0
CUST_04483,13,22,592.25,0
CUST_04484,561,2,26.770000000000003,1
CUST_04485,62,1,51.43,0
CUST_04486,211,2,23.04,0
CUST_04487,367,2,22.11,1
CUST_04488,200,4,186.16,0
CUST_04489,164,1,22.88,0
CUST_04490,55,4,65.08,0
CUST_04491,538,1,27.02,1
CUST_04492,503,1,80.02,1
CUST_04493,370,1,67.15,1
CUST_04494,434,2,41.94,1
CUST_04495,648,1,12.71,1
CUST_04496,474,1,17.79,1
CUST_04497,480,1,4.75,1
CUST_04498,516,1,9.78,1
CUST_04499,201,5,204.11,0
CUST_04500,400,3,64.67,1
CUST_04501,152,1,16.58,0
CUST_04502,417,1,16.01,1
CUST_04503,628,1,1.13,1
CUST_04504,413,1,165.35,1
CUST_04505,65,1,6.4,0
CUST_04506,4,5,197.86,0
CUST_04507,412,2,44.06,1
CUST_04508,72,2,41.870000000000005,0
CUST_04509,86,1,65.57,0
CUST_04510,37,5,336.73,0
CUST_04511,186,1,5.39,0
CUST_04512,32,3,52.2,0
CUST_04513,370,4,245.11,1
CUST_04514,401,1,58.55,1
CUST_04515,74,7,695.47,0
CUST_04516,641,1,25.96,1
CUST_04517,519,1,40.36,1
CUST_04518,166,2,21.03,0
CUST_04519,6,120,3776.02,0
CUST_04520,4,8,111.14,0
CUST_04521,194,3,1030.76,0
CUST_04522,678,1,62.88,1
CUST_04523,672,1,53.21,1
CUST_04524,545,1,53.35,1
CUST_04525,24,3,70.83,0
CUST_04526,298,1,51.92,0
CUST_04527,391,1,20.51,1
CUST_04528,5,1,11.34,0
CUST_04529,549,1,18.1,1
CUST_04530,429,1,41.98,1
CUST_04531,636,1,32.62,1
CUST_04532,317,1,78.96,1
CUST_04533,362,3,169.06,1
CUST_04534,576,1,41.14,1
CUST_04535,554,1,9.35,1
CUST_04536,148,1,2.97,0
CUST_04537,127,3,67.83,0
CUST_04538,678,1,33.39,1
CUST_04539,470,1,245.84,1
CUST_04540,40,7,164.36,0
CUST_04541,432,2,35.84,1
CUST_04542,43,1,9.96,0
CUST_04543,216,2,52.93,0
CUST_04544,387,2,24.21,1
CUST_04545,243,3,94.56,0
CUST_04546,715,1,266.31,1
CUST_04547,111,1,20.88,0
CUST_04548,118,5,65.5,0
CUST_04549,421,1,15.38,1
CUST_04550,486,1,14.17,1
CUST_04551,290,1,15.11,0
CUST_04552,481,1,30.45,1
CUST_04553,423,2,80.45,1
CUST_04554,392,1,127.81,1
CUST_04555,15,23,678.44,0
CUST_04556,218,1,106.33,0
CUST_04557,48,9,219.5,0
CUST_04558,387,2,44.79,1
CUST_04559,422,1,85.85,1
CUST_04560,25,3,72.07,0
CUST_04561,490,1,179.8,1
CUST_04562,602,1,14.4,1
CUST_04563,82,2,59.66,0
CUST_04564,502,1,138.82,1
CUST_04565,72,1,16.16,0
CUST_04566,178,3,93.15,0
CUST_04567,660,1,24.41,1
CUST_04568,723,1,32.88,1
CUST_04569,104,2,55.32,0
CUST_04570,97,1,5.03,0
CUST_04571,546,1,22.8,1
CUST_04572,178,7,131.98,0
CUST_04573,671,1,21.82,1
CUST_04574,695,1,8.05,1
CUST_04575,200,1,16.97,0
CUST_04576,338,1,2.13,0
CUST_04577,4,3,43.64,0
CUST_04578,270,2,50.650000000000006,0
CUST_04579,110,3,34.45,0
CUST_04580,139,8,123.98,0
CUST_04581,387,3,217.44,1
CUST_04582,326,1,10.43,0
CUST_04583,174,1,22.35,0
CUST_04584,188,11,401.61,0
CUST_04585,191,1,13.88,0
CUST_04586,239,1,13.25,0
CUST_04587,200,1,41.98,0
CUST_04588,230,2,93.56,0
CUST_04589,136,1,7.38,0
CUST_04590,707,1,24.92,1
CUST_04591,216,2,11.66,0
CUST_04592,274,1,13.53,0
CUST_04593,7,57,2119.25,0
CUST_04594,608,1,48.51,1
CUST_04595,339,1,1.44,0
CUST_04596,548,1,9.17,1
CUST_04597,7,7,386.78,0
CUST_04598,591,1,24.16,1
CUST_04599,667,1,20.37,1
CUST_04600,80,3,36.36,0
CUST_04601,263,1,8.96,0
CUST_04602,276,3,104.03,0
CUST_04603,5,14,486.59,0
CUST_04604,582,2,13.83,1
CUST_04605,84,3,82.82,0
CUST_04606,188,3,25.27,0
CUST_04607,9,13,345.18,0
CUST_04608,154,6,243.98,1
CUST_04609,137,2,29.67,0
CUST_04610,162,4,78.60000000000001,0
CUST_04611,535,1,14.13,1
CUST_04612,254,3,32.35,0
CUST_04613,377,1,26.85,1
CUST_04614,481,1,57.12,1
CUST_04615,106,1,152.27,0
CUST_04616,242,2,134.99,0
CUST_04617,50,1,34.06,0
CUST_04618,83,5,165.06,0
CUST_04619,261,1,47.94,0
CUST_04620,219,4,129.6,0
CUST_04621,608,1,20.04,1
CUST_04622,136,5,185.44,0
CUST_04623,3,24,908.74,0
CUST_04624,405,2,40.4,1
CUST_04625,91,3,146.24,0
CUST_04626,552,1,19.61,1
CUST_04627,446,1,37.41,1
CUST_04628,4,2,66.31,0
CUST_04629,260,1,16.57,0
CUST_04630,284,1,49.4,0
CUST_04631,515,1,20.82,1
CUST_04632,49,1,10.18,0
CUST_04633,136,3,40.21,0
CUST_04634,320,2,74.64,1
CUST_04635,674,1,201.58,1
CUST_04636,639,1,31.48,1
CUST_04637,24,1,6.7,0
CUST_04638,61,1,10.93,0
CUST_04639,695,1,26.65,1
CUST_04640,107,1,197.53,0
CUST_04641,36,2,44.37,0
CUST_04642,433,1,13.89,1
CUST_04643,689,1,31.73,1
CUST_04644,307,1,18.91,0
CUST_04645,315,1,10.96,0
CUST_04646,129,1,41.4,0
CUST_04647,137,1,10.09,0
CUST_04648,518,1,7.77,1
CUST_04649,8,1,17.09,0
CUST_04650,714,1,170.97,1
CUST_04651,64,12,659.5600000000001,0
CUST_04652,193,2,17.14,0
CUST_04653,209,1,5.41,0
CUST_04654,107,1,53.25,0
CUST_04655,118,1,98.68,0
CUST_04656,406,1,19.86,1
CUST_04657,635,1,116.8,1
CUST_04658,21,8,264.48,0
CUST_04659,69,2,68.63,0
CUST_04660,105,2,35.79,0
CUST_04661,127,1,20.06,0
CUST_04662,102,2,10.11,0
CUST_04663,310,1,20.7,0
CUST_04664,592,1,31.79,1
CUST_04665,61,1,59.71,0
CUST_04666,9,10,238.46,0
CUST_04667,730,1,12.21,1
CUST_04668,104,6,155.67,0
CUST_04669,167,1,3.22,0
CUST_04670,52,1,16.23,0
CUST_04671,219,1,50.02,0
CUST_04672,218,3,122.85,0
CUST_04673,6,8,203.2,0
CUST_04674,688,2,21.86,1
CUST_04675,610,1,20.03,1
CUST_04676,460,1,7.59,1
CUST_04677,55,15,502.34,0
CUST_04678,29,8,189.48,0
CUST_04679,117,4,278.15,0
CUST_04680,77,3,62.58,0
CUST_04681,162,3,173.84,0
CUST_04682,10,6,90.39,0
CUST_04683,244,1,8.68,0
CUST_04684,254,1,50.12,0
CUST_04685,188,1,31.67,0
CUST_04686,33,1,5.21,0
CUST_04687,181,1,10.39,0
CUST_04688,467,1,25.91,1
CUST_04689,21,42,1394.7,0
CUST_04690,88,1,2.08,0
CUST_04691,511,1,18.28,1
CUST_04692,193,1,31.46,0
CUST_04693,62,1,45.26,0
CUST_04694,123,1,57.39,0
CUST_04695,65,9,291.49,0
CUST_04696,729,1,12.88,1
CUST_04697,461,2,19.85,1
CUST_04698,309,3,48.46,0
CUST_04699,622,1,8.47,1
CUST_04700,46,8,273.37,0
CUST_04701,413,1,21.98,1
CUST_04702,64,8,237.67,0
CUST_04703,322,2,14.21,0
CUST_04704,658,1,75.48,1
CUST_04705,718,1,4.16,1
CUST_04706,222,1,54.54,0
CUST_04707,248,6,81.56,0
CUST_04708,607,1,9.64,1
CUST_04709,174,1,9.93,0
CUST_04710,33,2,34.51,0
CUST_04711,210,1,8.2,0
CUST_04712,649,1,65.48,1
CUST_04713,17,11,212.81,0
CUST_04714,257,1,12.72,0
CUST_04715,188,1,154.52,0
CUST_04716,580,1,11.77,1
CUST_04717,686,1,69.1,1
CUST_04718,339,1,31.44,1
CUST_04719,5,7,233.86,0
CUST_04720,217,1,6.92,0
CUST_04721,581,1,36.58,1
CUST_04722,472,1,3.83,1
CUST_04723,452,1,5.09,1
CUST_04724,356,3,98.97,1
CUST_04725,606,2,26.130000000000003,1
CUST_04726,0,14,568.25,0
CUST_04727,13,8,193.74,0
CUST_04728,469,1,21.89,1
CUST_04729,203,2,58.63,0
CUST_04730,520,1,82.08,1
CUST_04731,36,21,462.34,0
CUST_04732,60,6,121.19,0
CUST_04733,450,1,27.59,1
CUST_04734,39,1,15.55,0
CUST_04735,226,8,235.68,1
CUST_04736,101,2,66.15,0
CUST_04737,115,10,178.6,0
CUST_04738,681,1,18.83,1
CUST_04739,217,2,15.8,0
CUST_04740,230,1,84.5,0
CUST_04741,9,13,474.82,0
CUST_04742,55,10,329.18,0
CUST_04743,642,1,137.61,1
CUST_04744,54,10,369.83,0
CUST_04745,5,15,543.05,0
CUST_04746,473,1,18.38,1
CUST_04747,5,41,942.1,0
CUST_04748,558,1,22.53,1
CUST_04749,136,1,9.38,0
CUST_04750,33,4,122.44,0
CUST_04751,45,1,14.69,0
CUST_04752,146,1,52.18,0
CUST_04753,21,8,664.6800000000001,0
CUST_04754,295,1,20.93,0
CUST_04755,111,1,28.71,0
CUST_04756,172,2,9.93,0
CUST_04757,644,1,12.7,1
CUST_04758,300,3,64.3,0
CUST_04759,265,2,15.8,0
CUST_04760,76,9,195.51,0
CUST_04761,294,3,157.43,1
CUST_04762,127,5,84.27,0
CUST_04763,713,1,41.33,1
CUST_04764,110,3,108.47,0
CUST_04765,116,19,506.13,0
CUST_04766,302,1,13.33,0
CUST_04767,2,14,309.38,0
CUST_04768,31,1,78.15,0
CUST_04769,441,1,10.59,1
CUST_04770,123,2,49.41,0
CUST_04771,527,3,68.04,1
CUST_04772,138,4,79.97,0
CUST_04773,143,1,29.29,0
CUST_04774,292,1,11.12,0
CUST_04775,208,1,44.37,0
CUST_04776,618,1,18.33,1
CUST_04777,146,1,10.72,0
CUST_04778,495,1,6.58,1
CUST_04779,725,1,5.19,1
CUST_04780,410,6,210.52,1
CUST_04781,37,1,34.7,0
CUST_04782,29,2,22.59,0
CUST_04783,21,1,16.2,0
CUST_04784,247,3,52.16,0
CUST_04785,138,1,40.77,0
CUST_04786,358,1,25.81,1
CUST_04787,114,3,15.84,0
CUST_04788,298,1,5.46,0
CUST_04789,474,1,34.71,1
CUST_04790,18,1,151.78,0
CUST_04791,126,4,190.01,0
CUST_04792,4,3,136.34,0
CUST_04793,484,1,38.49,1
CUST_04794,715,1,12.1,1
CUST_04795,113,6,117.6,0
CUST_04796,684,1,18.75,1
CUST_04797,427,1,9.77,1
CUST_04798,0,31,800.09,0
CUST_04799,549,1,45.7,1
CUST_04800,56,3,154.0,0
CUST_04801,323,1,13.14,0
CUST_04802,67,2,23.32,0
CUST_04803,396,2,47.64,1
CUST_04804,164,2,34.4,0
CUST_04805,376,2,60.1,1
CUST_04806,89,1,15.8,0
CUST_04807,271,9,435.77,1
CUST_04808,631,1,5.74,1
CUST_04809,4,5,330.99,0
CUST_04810,22,3,123.2,0
CUST_04811,279,3,53.35,0
CUST_04812,134,4,133.33,0
CUST_04813,516,1,244.98,1
CUST_04814,427,1,13.78,1
CUST_04815,56,1,6.91,0
CUST_04816,67,1,61.97,0
CUST_04817,529,1,108.83,1
CUST_04818,169,1,11.01,0
CUST_04819,391,1,33.91,1
CUST_04820,341,1,12.92,0
CUST_04821,584,1,108.57,1
CUST_04822,202,3,79.47,0
CUST_04823,1,28,1054.46,0
CUST_04824,151,3,36.57,0
CUST_04825,223,1,16.73,0
CUST_04826,156,1,48.77,0
CUST_04827,35,1,8.17,0
CUST_04828,65,1,22.71,0
CUST_04829,543,1,35.52,1
CUST_04830,347,1,13.87,1
CUST_04831,72,13,364.93,0
CUST_04832,600,1,60.97,1
CUST_04833,295,2,35.120000000000005,0
CUST_04834,620,1,20.29,1
CUST_04835,16,16,502.2,0
CUST_04836,191,2,24.76,0
CUST_04837,477,1,45.22,1
CUST_04838,134,1,50.55,0
CUST_04839,453,1,10.75,1
CUST_04840,396,1,43.49,1
CUST_04841,721,1,18.33,1
CUST_04842,491,1,22.52,1
CUST_04843,50,1,102.39,0
CUST_04844,258,1,26.0,0
CUST_04845,35,2,100.8,0
CUST_04846,47,1,29.48,0
CUST_04847,138,1,2.71,0
CUST_04848,613,2,68.56,1
CUST_04849,323,1,21.51,0
CUST_04850,424,1,20.13,1
CUST_04851,294,1,18.56,0
CUST_04852,469,1,5.45,1
CUST_04853,426,1,33.81,1
CUST_04854,188,1,14.18,0
CUST_04855,1,32,901.18,0
CUST_04856,571,1,13.69,1
CUST_04857,408,1,6.35,1
CUST_04858,383,1,9.0,1
CUST_04859,685,1,57.81,1
CUST_04860,272,5,96.24,0
CUST_04861,165,1,60.43,0
CUST_04862,529,1,12.61,1
CUST_04863,475,3,93.78,1
CUST_04864,638,1,17.39,1
CUST_04865,67,1,75.05,0
CUST_04866,648,2,38.48,1
CUST_04867,66,4,238.87,0
CUST_04868,521,1,9.52,1
CUST_04869,237,1,23.74,0
CUST_04870,211,2,39.99,0
CUST_04871,447,1,70.06,1
CUST_04872,20,3,48.06,0
CUST_04873,18,9,478.5,0
CUST_04874,526,1,32.49,1
CUST_04875,83,1,119.76,0
CUST_04876,328,1,285.58,1
CUST_04877,20,39,1285.57,0
CUST_04878,185,1,88.28,0
CUST_04879,45,3,47.95,0
CUST_04880,20,1,9.92,0
CUST_04881,447,1,33.08,1
CUST_04882,672,1,141.21,1
CUST_04883,5,11,464.71,0
CUST_04884,209,4,36.99,0
CUST_04885,16,19,831.7,0
CUST_04886,608,1,86.79,1
CUST_04887,220,2,15.94,0
CUST_04888,334,1,16.37,0
CUST_04889,587,1,57.64,1
CUST_04890,481,1,3.19,1
CUST_04891,251,1,18.33,0
CUST_04892,107,1,42.75,0
CUST_04893,455,2,23.14,1
CUST_04894,384,1,39.24,1
CUST_04895,457,2,18.99,1
CUST_04896,50,12,549.3,0
CUST_04897,359,1,36.14,1
CUST_04898,69,3,77.2,0
CUST_04899,86,21,496.05,0
CUST_04900,23,7,139.92,0
CUST_04901,79,6,97.75,0
CUST_04902,306,1,75.79,1
CUST_04903,74,1,106.14,0
CUST_04904,674,1,15.14,1
CUST_04905,211,2,30.07,0
CUST_04906,95,2,34.3,0
CUST_04907,319,1,241.49,1
CUST_04908,86,5,220.45,0
CUST_04909,175,1,15.06,0
CUST_04910,5,11,497.45,0
CUST_04911,475,3,114.73,1
CUST_04912,15,1,5.94,0
CUST_04913,272,1,89.82,0
CUST_04914,445,2,77.4,1
CUST_04915,152,10,292.38,1
CUST_04916,195,1,10.45,0
CUST_04917,444,1,22.07,1
CUST_04918,678,1,56.38,1
CUST_04919,72,15,512.8199999999999,0
CUST_04920,317,1,11.61,0
CUST_04921,457,1,30.42,1
CUST_04922,86,9,594.1800000000001,0
CUST_04923,367,1,13.18,1
CUST_04924,123,5,322.19,0
CUST_04925,184,1,6.6,0
CUST_04926,612,1,8.91,1
CUST_04927,0,9,213.64,0
CUST_04928,81,1,12.36,0
CUST_04929,519,1,29.91,1
CUST_04930,524,1,1.73,1
CUST_04931,0,1,12.36,0
CUST_04932,566,1,24.01,1
CUST_04933,176,1,31.55,0
CUST_04934,104,1,22.17,0
CUST_04935,82,6,122.28,0
CUST_04936,40,9,298.04,0
CUST_04937,17,1,14.16,0
CUST_04938,324,1,156.54,1
CUST_04939,68,3,104.85,0
CUST_04940,73,10,425.91,0
CUST_04941,18,3,87.88,0
CUST_04942,328,1,26.67,0
CUST_04943,104,3,130.64,0
CUST_04944,43,3,43.67,0
CUST_04945,475,1,24.3,1
CUST_04946,315,1,9.27,0
CUST_04947,67,9,206.17,0
CUST_04948,458,1,55.12,1
CUST_04949,153,1,97.61,0
CUST_04950,715,1,11.17,1
CUST_04951,500,1,43.17,1
CUST_04952,478,1,18.46,1
CUST_04953,212,2,122.49,0
CUST_04954,51,1,4.05,0
CUST_04955,442,1,59.34,1
CUST_04956,715,1,10.75,1
CUST_04957,184,3,230.15,1
CUST_04958,95,19,550.17,0
CUST_04959,7,8,226.01,0
CUST_04960,29,1,24.43,0
CUST_04961,13,4,65.13,0
CUST_04962,260,1,7.63,0
CUST_04963,51,1,18.68,0
CUST_04964,335,1,17.05,0
CUST_04965,148,3,92.31,0
CUST_04966,122,3,138.19,0
CUST_04967,485,1,26.17,1
CUST_04968,652,1,10.04,1
CUST_04969,84,2,81.82000000000001,0
CUST_04970,155,2,55.61,0
CUST_04971,128,6,810.04,0
CUST_04972,226,1,8.88,0
CUST_04973,237,1,111.42,0
CUST_04974,472,1,4.01,1
CUST_04975,620,1,16.91,1
CUST_04976,217,1,28.07,0
CUST_04977,336,1,30.46,1
CUST_04978,251,1,19.4,0
CUST_04979,37,1,1.76,0
CUST_04980,490,1,30.72,1
CUST_04981,381,1,5.67,1
CUST_04982,637,1,6.15,1
CUST_04983,361,1,4.53,1
CUST_04984,101,7,77.06,0
CUST_04985,453,1,16.54,1
CUST_04986,9,8,223.68,0
CUST_04987,70,12,574.75,0
CUST_04988,479,1,6.79,1
CUST_04989,397,1,80.45,1
CUST_04990,312,1,11.19,0
CUST_04991,423,1,7.96,1
CUST_04992,150,1,1.72,0
CUST_04993,137,2,38.4,0
CUST_04994,53,21,577.05,0
CUST_04995,57,4,190.3,0
CUST_04996,516,2,55.32,1
CUST_04997,70,1,46.71,0
CUST_04998,6,13,395.25,0
CUST_04999,39,25,839.0799999999999,0
CUST_05000,211,1,207.17,0
